timer1_elapsedAll_sec,
0.272511,
0.272556,
0.273512,
0.27449,
0.275496,
0.276493,
0.277494,
0.278492,
0.279493,
0.280494,
0.281492,
0.282492,
0.283498,
0.284493,
0.285492,
0.286491,
0.287492,
0.288491,
0.289494,
0.290493,
0.291493,
0.292492,
0.293493,
0.294493,
0.295494,
0.296494,
0.297493,
0.298496,
0.299516,
0.300552,
0.301524,
0.302509,
0.303503,
0.304499,
0.305506,
0.306499,
0.307495,
0.308495,
0.3095,
0.310498,
0.311499,
0.312497,
0.3135,
0.314502,
0.315498,
0.316498,
0.317502,
0.318493,
0.319496,
0.320492,
0.321492,
0.322491,
0.323492,
0.324497,
0.325495,
0.326491,
0.327491,
0.328491,
0.329492,
0.33049,
0.331491,
0.33249,
0.333493,
0.334491,
0.335491,
0.336491,
0.337491,
0.33849,
0.339489,
0.34049,
0.341494,
0.34249,
0.343491,
0.344498,
0.3455,
0.346491,
0.347491,
0.34849,
0.34951,
0.350511,
0.351521,
0.3525,
0.353511,
0.354502,
0.355498,
0.356506,
0.357501,
0.358502,
0.3595,
0.360499,
0.3615,
0.362501,
0.363499,
0.364502,
0.365501,
0.3665,
0.367499,
0.3685,
0.369503,
0.370502,
0.371502,
0.372508,
0.373517,
0.374528,
0.375505,
0.376502,
0.3775,
0.378495,
0.379495,
0.380495,
0.381497,
0.382481,
0.383497,
0.384489,
0.385487,
0.386494,
0.387485,
0.388485,
0.389491,
0.390486,
0.391488,
0.392496,
0.393498,
0.394499,
0.395494,
0.396515,
0.397513,
0.39851,
0.3995,
0.400501,
0.40158,
0.402503,
0.403501,
0.404501,
0.405509,
0.406507,
0.407503,
0.408501,
0.409503,
0.410501,
0.411501,
0.4125,
0.413502,
0.414501,
0.4155,
0.416503,
0.417502,
0.418501,
0.419504,
0.420503,
0.421502,
0.422504,
0.423502,
0.424503,
0.425504,
0.426484,
0.427491,
0.428496,
0.429494,
0.430494,
0.431496,
0.432492,
0.433494,
0.434494,
0.435493,
0.436493,
0.437496,
0.438496,
0.439496,
0.440493,
0.441502,
0.442499,
0.443496,
0.444499,
0.445496,
0.446507,
0.447519,
0.448508,
0.449509,
0.450508,
0.451503,
0.452504,
0.453509,
0.454506,
0.455505,
0.456504,
0.457505,
0.458508,
0.459508,
0.460505,
0.461503,
0.462505,
0.463505,
0.464503,
0.465505,
0.466506,
0.467503,
0.468504,
0.469507,
0.470486,
0.471493,
0.472496,
0.473494,
0.474493,
0.475492,
0.476493,
0.477495,
0.478494,
0.479493,
0.480508,
0.481505,
0.482504,
0.483503,
0.484503,
0.485504,
0.486506,
0.487502,
0.488502,
0.489503,
0.490502,
0.491501,
0.492501,
0.493503,
0.494497,
0.495496,
0.496501,
0.497499,
0.498495,
0.499494,
0.500499,
0.501503,
0.502496,
0.503495,
0.504494,
0.505497,
0.506496,
0.507494,
0.508494,
0.509497,
0.510496,
0.511505,
0.512517,
0.513502,
0.514493,
0.515508,
0.516492,
0.517489,
0.518488,
0.519487,
0.520492,
0.521485,
0.522488,
0.523482,
0.524484,
0.525498,
0.526495,
0.527493,
0.528492,
0.529518,
0.530561,
0.531502,
0.532482,
0.533482,
0.53448,
0.53548,
0.536482,
0.537485,
0.538482,
0.539483,
0.540482,
0.541491,
0.54249,
0.543493,
0.544497,
0.545506,
0.546509,
0.547511,
0.548565,
0.549563,
0.550647,
0.551561,
0.552541,
0.553521,
0.554521,
0.555507,
0.556504,
0.557501,
0.558493,
0.559486,
0.560479,
0.561491,
0.562487,
0.563481,
0.564488,
0.565485,
0.566482,
0.567487,
0.568486,
0.569483,
0.570498,
0.571488,
0.572483,
0.57349,
0.574486,
0.575488,
0.576487,
0.577488,
0.578487,
0.579487,
0.580487,
0.581508,
0.582494,
0.583493,
0.584493,
0.585494,
0.586499,
0.587493,
0.588491,
0.589494,
0.590492,
0.591495,
0.592498,
0.593497,
0.594492,
0.595495,
0.59649,
0.597495,
0.598484,
0.599488,
0.600489,
0.601488,
0.602488,
0.603489,
0.604482,
0.605489,
0.606435,
0.607486,
0.608477,
0.60948,
0.610475,
0.611474,
0.612471,
0.613489,
0.614474,
0.615473,
0.616469,
0.617471,
0.618473,
0.619474,
0.620476,
0.621476,
0.622488,
0.623479,
0.624474,
0.625476,
0.626499,
0.627501,
0.628498,
0.629503,
0.630477,
0.631478,
0.632471,
0.633479,
0.63447,
0.635469,
0.636469,
0.63747,
0.638468,
0.639469,
0.640475,
0.641477,
0.642499,
0.643478,
0.644474,
0.645469,
0.646469,
0.647469,
0.648469,
0.649469,
0.65047,
0.651469,
0.652471,
0.653477,
0.654472,
0.655471,
0.656469,
0.65747,
0.658469,
0.659472,
0.66047,
0.661476,
0.662473,
0.663471,
0.664511,
0.665485,
0.666488,
0.667487,
0.668486,
0.669487,
0.670481,
0.671504,
0.672488,
0.673495,
0.674525,
0.675529,
0.676499,
0.677486,
0.678484,
0.679487,
0.680484,
0.681488,
0.682483,
0.683489,
0.684484,
0.685499,
0.686497,
0.687492,
0.688491,
0.68953,
0.69052,
0.691489,
0.692485,
0.693471,
0.694469,
0.69547,
0.69647,
0.697473,
0.69847,
0.699469,
0.700469,
0.70147,
0.702469,
0.703469,
0.704473,
0.705474,
0.706476,
0.707469,
0.708469,
0.709495,
0.710498,
0.711482,
0.712481,
0.713475,
0.71447,
0.715469,
0.716469,
0.717485,
0.718474,
0.719471,
0.720469,
0.721479,
0.722471,
0.723471,
0.724471,
0.725473,
0.726472,
0.727473,
0.728479,
0.729472,
0.730469,
0.731469,
0.732468,
0.73347,
0.734469,
0.735468,
0.736489,
0.737473,
0.738488,
0.739474,
0.740471,
0.741475,
0.742474,
0.743473,
0.744473,
0.745479,
0.746481,
0.747473,
0.748477,
0.749476,
0.750476,
0.751487,
0.752481,
0.753475,
0.754469,
0.755469,
0.756469,
0.757468,
0.758468,
0.759467,
0.760469,
0.76147,
0.762468,
0.76347,
0.764468,
0.765468,
0.766478,
0.767475,
0.76847,
0.769473,
0.770502,
0.771477,
0.77247,
0.773478,
0.77447,
0.77547,
0.776472,
0.777476,
0.778469,
0.779485,
0.780478,
0.781473,
0.782469,
0.783469,
0.784469,
0.785469,
0.786473,
0.787488,
0.788469,
0.789469,
0.790468,
0.791469,
0.792468,
0.793469,
0.794472,
0.795469,
0.796468,
0.797468,
0.798471,
0.799468,
0.800469,
0.801473,
0.802478,
0.803474,
0.804476,
0.805476,
0.806482,
0.807488,
0.808475,
0.809472,
0.810479,
0.811472,
0.812468,
0.813474,
0.814478,
0.815469,
0.816468,
0.817469,
0.818471,
0.819469,
0.820468,
0.821468,
0.822468,
0.823467,
0.824468,
0.825469,
0.826469,
0.827473,
0.828474,
0.829472,
0.830472,
0.831468,
0.832472,
0.833475,
0.83448,
0.835469,
0.836468,
0.837469,
0.838468,
0.839468,
0.840467,
0.841469,
0.842468,
0.843467,
0.844467,
0.845469,
0.846473,
0.847472,
0.848471,
0.84947,
0.850468,
0.851468,
0.852468,
0.853469,
0.854468,
0.855471,
0.856469,
0.857472,
0.858473,
0.859473,
0.86047,
0.861475,
0.86247,
0.863472,
0.86448,
0.865471,
0.866472,
0.86747,
0.868469,
0.86948,
0.870468,
0.871443,
0.87247,
0.873469,
0.87447,
0.875468,
0.876469,
0.877469,
0.878468,
0.879468,
0.880472,
0.881474,
0.882472,
0.883469,
0.88447,
0.885473,
0.886469,
0.88747,
0.888469,
0.88947,
0.89047,
0.891469,
0.892472,
0.893472,
0.894468,
0.895467,
0.896499,
0.897484,
0.898484,
0.899476,
0.900477,
0.901475,
0.90247,
0.903472,
0.90447,
0.90547,
0.906477,
0.907475,
0.908469,
0.909469,
0.910477,
0.91149,
0.912474,
0.913489,
0.914475,
0.915475,
0.916475,
0.917481,
0.918483,
0.919471,
0.92047,
0.92147,
0.922469,
0.923468,
0.924469,
0.925468,
0.926468,
0.927468,
0.928474,
0.929469,
0.930475,
0.931471,
0.932468,
0.933469,
0.934469,
0.935475,
0.936472,
0.937468,
0.938468,
0.939475,
0.94047,
0.941472,
0.942468,
0.943467,
0.944468,
0.945468,
0.946468,
0.947468,
0.948468,
0.94947,
0.950475,
0.951472,
0.952469,
0.953469,
0.954469,
0.955467,
0.956468,
0.957468,
0.958468,
0.959468,
0.960476,
0.961475,
0.96248,
0.963471,
0.964469,
0.96547,
0.966474,
0.967468,
0.968468,
0.96948,
0.970469,
0.971489,
0.97248,
0.973475,
0.974475,
0.975474,
0.97647,
0.977469,
0.978468,
0.979469,
0.980475,
0.981471,
0.98247,
0.983473,
0.984468,
0.985468,
0.986468,
0.987467,
0.988468,
0.989468,
0.99049,
0.991479,
0.992479,
0.99348,
0.994474,
0.995471,
0.996478,
0.997488,
0.998482,
0.999482,
1.0005,
1.00149,
1.00248,
1.00348,
1.00448,
1.00548,
1.00647,
1.00747,
1.00847,
1.00947,
1.01047,
1.01147,
1.01247,
1.01347,
1.01447,
1.01547,
1.01647,
1.01747,
1.01847,
1.01947,
1.02047,
1.02147,
1.02248,
1.02347,
1.02449,
1.02548,
1.02647,
1.02747,
1.02847,
1.02949,
1.03048,
1.03148,
1.03248,
1.03348,
1.03448,
1.03548,
1.03648,
1.03748,
1.03848,
1.03947,
1.04048,
1.04148,
1.04249,
1.04348,
1.04448,
1.04548,
1.04648,
1.04747,
1.04847,
1.0495,
1.05048,
1.05148,
1.05247,
1.05347,
1.05447,
1.05547,
1.0565,
1.05748,
1.05848,
1.05947,
1.06048,
1.06148,
1.06247,
1.06349,
1.06448,
1.06548,
1.06648,
1.06748,
1.06847,
1.06947,
1.07047,
1.07147,
1.07247,
1.07348,
1.07448,
1.07547,
1.07647,
1.07747,
1.07847,
1.07949,
1.08048,
1.08149,
1.08249,
1.08348,
1.08448,
1.08547,
1.08647,
1.08747,
1.08849,
1.08948,
1.09048,
1.09147,
1.09247,
1.09347,
1.09448,
1.09548,
1.09649,
1.09748,
1.09848,
1.09948,
1.10048,
1.10148,
1.10248,
1.10347,
1.10447,
1.10547,
1.10648,
1.10747,
1.10847,
1.10947,
1.11047,
1.11147,
1.11249,
1.11348,
1.11447,
1.11548,
1.11647,
1.11747,
1.11847,
1.11947,
1.12048,
1.12147,
1.12247,
1.12348,
1.12447,
1.12547,
1.12647,
1.12747,
1.12847,
1.12948,
1.13048,
1.13148,
1.13248,
1.13347,
1.13447,
1.13548,
1.13647,
1.13747,
1.13847,
1.13947,
1.14047,
1.14147,
1.14247,
1.14349,
1.14453,
1.14552,
1.14651,
1.14751,
1.14849,
1.14949,
1.1505,
1.1515,
1.15249,
1.15349,
1.15449,
1.15549,
1.15649,
1.15749,
1.15849,
1.15949,
1.1605,
1.16149,
1.1625,
1.16349,
1.16449,
1.16549,
1.16652,
1.16753,
1.16852,
1.16953,
1.17051,
1.1715,
1.1725,
1.1735,
1.1745,
1.1755,
1.17651,
1.1775,
1.17849,
1.17948,
1.18048,
1.18149,
1.18248,
1.18353,
1.18451,
1.1855,
1.1865,
1.18749,
1.18849,
1.18949,
1.19049,
1.19151,
1.1925,
1.1935,
1.1945,
1.1955,
1.1965,
1.1975,
1.19849,
1.19948,
1.20049,
1.20148,
1.20248,
1.20348,
1.20447,
1.20552,
1.20652,
1.2075,
1.20849,
1.20949,
1.21052,
1.21151,
1.21251,
1.21351,
1.2145,
1.21553,
1.21652,
1.21751,
1.21851,
1.2195,
1.2205,
1.22151,
1.2225,
1.2235,
1.22451,
1.22554,
1.2265,
1.2275,
1.22869,
1.22951,
1.23051,
1.23152,
1.23251,
1.2335,
1.2345,
1.2355,
1.2365,
1.2375,
1.2385,
1.2395,
1.2405,
1.2415,
1.2425,
1.24351,
1.24449,
1.2455,
1.2465,
1.2475,
1.24849,
1.24949,
1.25049,
1.25148,
1.25248,
1.25347,
1.25447,
1.25547,
1.25652,
1.25748,
1.25847,
1.25948,
1.2605,
1.26149,
1.26253,
1.26349,
1.26448,
1.26552,
1.26651,
1.26751,
1.26849,
1.26949,
1.27049,
1.27149,
1.27249,
1.27349,
1.27449,
1.27549,
1.27649,
1.27749,
1.27849,
1.27949,
1.28051,
1.2815,
1.28249,
1.28349,
1.2845,
1.28549,
1.28649,
1.28749,
1.2885,
1.28949,
1.29048,
1.29148,
1.29248,
1.29349,
1.29448,
1.29549,
1.29649,
1.2975,
1.2985,
1.29949,
1.30049,
1.3015,
1.30249,
1.30349,
1.30449,
1.3055,
1.30649,
1.30749,
1.30849,
1.30949,
1.31049,
1.31149,
1.31251,
1.31351,
1.3145,
1.3155,
1.3165,
1.31751,
1.31851,
1.31953,
1.3205,
1.32149,
1.3225,
1.32349,
1.32449,
1.32549,
1.32649,
1.32749,
1.32849,
1.32949,
1.33049,
1.33149,
1.33249,
1.3335,
1.33449,
1.33549,
1.33649,
1.33749,
1.33849,
1.33949,
1.34049,
1.3415,
1.34249,
1.34349,
1.34449,
1.3455,
1.3465,
1.34749,
1.34849,
1.3495,
1.35049,
1.35149,
1.35249,
1.3535,
1.35449,
1.35549,
1.35649,
1.35749,
1.35849,
1.35949,
1.36049,
1.36151,
1.3625,
1.36349,
1.36449,
1.3655,
1.3665,
1.3675,
1.3685,
1.3695,
1.3705,
1.3715,
1.3725,
1.3735,
1.3745,
1.37549,
1.3765,
1.3775,
1.3785,
1.3795,
1.3805,
1.38151,
1.3825,
1.3835,
1.3845,
1.3855,
1.38649,
1.3875,
1.38849,
1.3895,
1.3905,
1.39149,
1.39249,
1.39349,
1.39449,
1.39549,
1.3965,
1.3975,
1.39849,
1.39949,
1.40049,
1.40151,
1.4025,
1.4035,
1.4045,
1.4055,
1.4065,
1.4075,
1.4085,
1.40952,
1.4105,
1.4115,
1.4125,
1.4135,
1.4145,
1.4155,
1.4165,
1.4175,
1.4185,
1.4195,
1.4205,
1.4215,
1.4225,
1.42351,
1.4245,
1.4255,
1.42649,
1.42749,
1.42849,
1.42949,
1.4305,
1.43149,
1.43249,
1.43349,
1.43449,
1.4355,
1.43649,
1.4375,
1.43849,
1.43949,
1.44049,
1.4415,
1.44251,
1.4435,
1.44449,
1.4455,
1.4465,
1.4475,
1.44851,
1.44953,
1.45052,
1.45152,
1.45253,
1.45355,
1.45454,
1.45555,
1.45655,
1.45757,
1.45857,
1.45961,
1.46066,
1.46168,
1.46262,
1.46364,
1.46466,
1.46565,
1.46671,
1.46766,
1.46865,
1.46969,
1.47068,
1.47169,
1.4728,
1.47372,
1.47476,
1.47569,
1.47669,
1.4777,
1.4787,
1.47976,
1.4807,
1.48171,
1.48269,
1.48373,
1.48471,
1.48572,
1.4867,
1.48769,
1.48869,
1.4897,
1.4907,
1.49172,
1.49274,
1.49371,
1.4947,
1.4957,
1.49668,
1.49773,
1.49868,
1.49968,
1.50068,
1.50168,
1.50271,
1.5037,
1.5047,
1.5057,
1.50674,
1.50772,
1.50869,
1.5097,
1.51066,
1.51166,
1.51268,
1.51364,
1.51467,
1.51563,
1.51663,
1.51764,
1.51865,
1.51967,
1.5207,
1.5217,
1.52271,
1.5237,
1.52475,
1.52578,
1.5267,
1.52769,
1.52868,
1.5297,
1.53069,
1.53169,
1.53274,
1.53373,
1.53471,
1.53572,
1.53672,
1.53776,
1.53873,
1.53966,
1.54065,
1.54165,
1.54265,
1.54365,
1.54466,
1.54567,
1.54674,
1.54776,
1.54874,
1.54968,
1.55067,
1.55167,
1.55267,
1.55371,
1.55471,
1.55569,
1.55672,
1.55772,
1.55868,
1.55966,
1.56069,
1.5617,
1.56267,
1.56376,
1.56472,
1.56587,
1.56671,
1.5677,
1.56872,
1.56971,
1.57071,
1.5717,
1.57269,
1.57372,
1.57472,
1.5757,
1.5767,
1.57771,
1.5787,
1.57969,
1.58072,
1.58178,
1.5827,
1.58368,
1.58466,
1.58568,
1.58669,
1.58767,
1.5887,
1.58968,
1.59068,
1.59167,
1.59266,
1.59366,
1.59466,
1.59565,
1.59667,
1.59772,
1.5986,
1.5996,
1.60071,
1.60171,
1.60267,
1.60366,
1.60465,
1.60568,
1.60666,
1.60768,
1.60869,
1.60966,
1.61071,
1.61166,
1.61267,
1.61366,
1.61469,
1.61567,
1.6168,
1.61769,
1.61867,
1.61968,
1.62066,
1.62167,
1.62266,
1.62368,
1.62466,
1.62567,
1.62666,
1.62766,
1.62865,
1.62966,
1.6307,
1.63163,
1.63261,
1.63358,
1.63457,
1.63559,
1.63668,
1.63767,
1.63866,
1.63968,
1.6407,
1.64167,
1.64264,
1.64365,
1.64467,
1.64566,
1.64664,
1.64764,
1.64866,
1.64984,
1.65069,
1.65161,
1.65261,
1.65358,
1.65468,
1.65566,
1.65666,
1.65766,
1.65868,
1.65964,
1.66067,
1.66165,
1.66265,
1.66367,
1.66466,
1.66566,
1.66665,
1.66765,
1.66866,
1.66965,
1.67072,
1.67179,
1.67273,
1.6737,
1.67469,
1.6757,
1.67664,
1.67771,
1.67869,
1.67969,
1.68068,
1.68169,
1.68269,
1.68368,
1.68468,
1.68569,
1.68668,
1.68768,
1.68868,
1.68969,
1.6907,
1.69175,
1.69272,
1.69373,
1.69471,
1.69575,
1.69677,
1.69772,
1.69873,
1.69969,
1.70068,
1.70172,
1.70258,
1.70357,
1.70467,
1.70567,
1.70662,
1.70758,
1.70861,
1.70958,
1.71067,
1.71162,
1.71263,
1.71364,
1.71461,
1.71559,
1.71658,
1.71757,
1.71862,
1.71956,
1.72056,
1.72157,
1.72256,
1.72357,
1.72457,
1.72557,
1.72657,
1.72757,
1.72857,
1.72959,
1.73057,
1.73158,
1.73263,
1.73363,
1.73462,
1.73561,
1.73659,
1.73759,
1.73862,
1.73966,
1.74062,
1.74161,
1.74259,
1.74359,
1.74459,
1.74559,
1.74657,
1.74757,
1.74868,
1.74963,
1.75057,
1.75157,
1.75257,
1.75359,
1.75457,
1.75556,
1.75657,
1.75756,
1.75857,
1.75957,
1.76068,
1.76163,
1.7626,
1.7636,
1.76459,
1.7656,
1.76659,
1.76759,
1.76859,
1.76958,
1.77057,
1.77157,
1.77257,
1.77357,
1.77457,
1.77557,
1.77657,
1.7776,
1.77859,
1.77964,
1.78059,
1.78159,
1.78262,
1.78357,
1.78457,
1.78557,
1.78657,
1.78757,
1.78857,
1.78957,
1.79057,
1.79157,
1.79261,
1.79361,
1.7946,
1.79559,
1.7966,
1.79761,
1.7986,
1.79959,
1.8006,
1.8016,
1.8026,
1.8036,
1.8046,
1.8056,
1.80672,
1.80766,
1.80867,
1.80963,
1.81064,
1.81168,
1.81266,
1.81366,
1.81463,
1.81566,
1.81666,
1.81793,
1.81871,
1.81966,
1.82065,
1.82162,
1.82264,
1.82362,
1.82462,
1.82563,
1.82663,
1.82762,
1.82863,
1.82963,
1.83062,
1.83162,
1.83266,
1.83365,
1.83464,
1.83564,
1.83665,
1.83762,
1.83859,
1.83959,
1.84062,
1.84165,
1.84265,
1.84367,
1.84469,
1.84572,
1.84673,
1.84772,
1.84873,
1.84973,
1.85072,
1.85173,
1.85271,
1.85377,
1.85473,
1.85567,
1.85663,
1.85766,
1.85864,
1.85964,
1.86063,
1.86176,
1.86268,
1.86366,
1.86469,
1.86564,
1.86664,
1.86764,
1.86864,
1.8697,
1.87068,
1.87168,
1.87268,
1.87379,
1.87476,
1.87565,
1.87667,
1.87766,
1.8787,
1.87966,
1.88067,
1.88171,
1.8827,
1.88367,
1.88467,
1.88569,
1.88668,
1.88773,
1.8887,
1.88971,
1.8907,
1.89171,
1.89272,
1.89376,
1.89472,
1.89574,
1.8967,
1.89765,
1.8986,
1.89958,
1.90072,
1.902,
1.90271,
1.90362,
1.90469,
1.90567,
1.90667,
1.90765,
1.90865,
1.90965,
1.91064,
1.91166,
1.91264,
1.91365,
1.91474,
1.91577,
1.91671,
1.9177,
1.91869,
1.91974,
1.92084,
1.92178,
1.92271,
1.9237,
1.92469,
1.92569,
1.92669,
1.92769,
1.92868,
1.92969,
1.93068,
1.93169,
1.93266,
1.93364,
1.93462,
1.93563,
1.93662,
1.93765,
1.93864,
1.93962,
1.94062,
1.94161,
1.9426,
1.94358,
1.94458,
1.94558,
1.94658,
1.94758,
1.94857,
1.94957,
1.95056,
1.95156,
1.95256,
1.95356,
1.95455,
1.95556,
1.95656,
1.95755,
1.95855,
1.95954,
1.96054,
1.96155,
1.96254,
1.96354,
1.96454,
1.96553,
1.96653,
1.96752,
1.96852,
1.96952,
1.97052,
1.97152,
1.97252,
1.97352,
1.97451,
1.97554,
1.97652,
1.97752,
1.97851,
1.97953,
1.98051,
1.98151,
1.9825,
1.9835,
1.9845,
1.98551,
1.98651,
1.9875,
1.98849,
1.98949,
1.99049,
1.99149,
1.9925,
1.99349,
1.99449,
1.99549,
1.9965,
1.9975,
1.99849,
1.99949,
2.00049,
2.00149,
2.00249,
2.00349,
2.00449,
2.0055,
2.0065,
2.00749,
2.00849,
2.00949,
2.01049,
2.01149,
2.01249,
2.01349,
2.01449,
2.01549,
2.01649,
2.01749,
2.0185,
2.01949,
2.02049,
2.02149,
2.02249,
2.02349,
2.02449,
2.0255,
2.02649,
2.02749,
2.02849,
2.02949,
2.03049,
2.03149,
2.03249,
2.03349,
2.03449,
2.03549,
2.03649,
2.03749,
2.03849,
2.03949,
2.04049,
2.04151,
2.0425,
2.0435,
2.0445,
2.04549,
2.04649,
2.04749,
2.04849,
2.04949,
2.05049,
2.05149,
2.05249,
2.05349,
2.0545,
2.0555,
2.0565,
2.0575,
2.05849,
2.0595,
2.06049,
2.0615,
2.0625,
2.06349,
2.06449,
2.06553,
2.06653,
2.0675,
2.0685,
2.06949,
2.0705,
2.07149,
2.07249,
2.07349,
2.07449,
2.07549,
2.07649,
2.07749,
2.07849,
2.07949,
2.08049,
2.08149,
2.08249,
2.08349,
2.08449,
2.08549,
2.08649,
2.08749,
2.08849,
2.08949,
2.09049,
2.09149,
2.09249,
2.0935,
2.0945,
2.0955,
2.09652,
2.09752,
2.09852,
2.09953,
2.10053,
2.10154,
2.10254,
2.10353,
2.10453,
2.10553,
2.10654,
2.10753,
2.10853,
2.10952,
2.11052,
2.11152,
2.11252,
2.11352,
2.11453,
2.11551,
2.1165,
2.11751,
2.1185,
2.1195,
2.1205,
2.1215,
2.12249,
2.12349,
2.12449,
2.12549,
2.12649,
2.12749,
2.1285,
2.12949,
2.13049,
2.13149,
2.13249,
2.13349,
2.13449,
2.13549,
2.13649,
2.13749,
2.13849,
2.13949,
2.14049,
2.14149,
2.14249,
2.14349,
2.14449,
2.14549,
2.14649,
2.14749,
2.1485,
2.1495,
2.1505,
2.15149,
2.1525,
2.1535,
2.1545,
2.15549,
2.15649,
2.1575,
2.15849,
2.15949,
2.16049,
2.16149,
2.1625,
2.1635,
2.16449,
2.16549,
2.16649,
2.16749,
2.16849,
2.16949,
2.17049,
2.17149,
2.17249,
2.17349,
2.17449,
2.17549,
2.17649,
2.17749,
2.17849,
2.17949,
2.18049,
2.18149,
2.18249,
2.18349,
2.18449,
2.18549,
2.1865,
2.1875,
2.1885,
2.18952,
2.19052,
2.19152,
2.19253,
2.19354,
2.19454,
2.19554,
2.19654,
2.19754,
2.19853,
2.19953,
2.20052,
2.20152,
2.20251,
2.20351,
2.20451,
2.20551,
2.20652,
2.20749,
2.20849,
2.2095,
2.21049,
2.21149,
2.21249,
2.2135,
2.2145,
2.21549,
2.2165,
2.2175,
2.21849,
2.21949,
2.22049,
2.22149,
2.22249,
2.22349,
2.22449,
2.22549,
2.22649,
2.22749,
2.22849,
2.2295,
2.23049,
2.23149,
2.23249,
2.2335,
2.23449,
2.23549,
2.23649,
2.23749,
2.2385,
2.23949,
2.24049,
2.2415,
2.24249,
2.24349,
2.24449,
2.24549,
2.2465,
2.24749,
2.24849,
2.24949,
2.25049,
2.25149,
2.25249,
2.25349,
2.25449,
2.25549,
2.25649,
2.25749,
2.25849,
2.25949,
2.26049,
2.26149,
2.26249,
2.26349,
2.26449,
2.26549,
2.26649,
2.26749,
2.2685,
2.26949,
2.27049,
2.27149,
2.27249,
2.2735,
2.2745,
2.2755,
2.2765,
2.2775,
2.2785,
2.2795,
2.28049,
2.2815,
2.28249,
2.28349,
2.28449,
2.28549,
2.2865,
2.28749,
2.28849,
2.28951,
2.2905,
2.29149,
2.2925,
2.29349,
2.29449,
2.29549,
2.29649,
2.29749,
2.29849,
2.29949,
2.30049,
2.30149,
2.30249,
2.30349,
2.3045,
2.3055,
2.3065,
2.30749,
2.30859,
2.3095,
2.31049,
2.31149,
2.31249,
2.3135,
2.3145,
2.31552,
2.3165,
2.3175,
2.31849,
2.31949,
2.32049,
2.32149,
2.32249,
2.32349,
2.32449,
2.32549,
2.32649,
2.32749,
2.32849,
2.32949,
2.33049,
2.33149,
2.33249,
2.33351,
2.3345,
2.33549,
2.3365,
2.3375,
2.3385,
2.33949,
2.34049,
2.3415,
2.34249,
2.34349,
2.3445,
2.34549,
2.34649,
2.34749,
2.34851,
2.3495,
2.35049,
2.35149,
2.35249,
2.35349,
2.35449,
2.35549,
2.3565,
2.3575,
2.35849,
2.35949,
2.36049,
2.36149,
2.36249,
2.36353,
2.36453,
2.36551,
2.36653,
2.36755,
2.36855,
2.36952,
2.37052,
2.37153,
2.37252,
2.37353,
2.37453,
2.37554,
2.37655,
2.37756,
2.37856,
2.37956,
2.38057,
2.38158,
2.38259,
2.3836,
2.3846,
2.38562,
2.38662,
2.38763,
2.38863,
2.38965,
2.39065,
2.39167,
2.39269,
2.39374,
2.39468,
2.39567,
2.3967,
2.39772,
2.3987,
2.39969,
2.40069,
2.40169,
2.40269,
2.40368,
2.40468,
2.40569,
2.40672,
2.40772,
2.40869,
2.40969,
2.41067,
2.4117,
2.41278,
2.41365,
2.41473,
2.41568,
2.41668,
2.41769,
2.41868,
2.41967,
2.42067,
2.42168,
2.42267,
2.42367,
2.42467,
2.42571,
2.42669,
2.42768,
2.42868,
2.4297,
2.43068,
2.43169,
2.43267,
2.4337,
2.43468,
2.43568,
2.4367,
2.43777,
2.43869,
2.43969,
2.44069,
2.4417,
2.44269,
2.44369,
2.44469,
2.4457,
2.44669,
2.44769,
2.44869,
2.4497,
2.4507,
2.45169,
2.45268,
2.4537,
2.45469,
2.45566,
2.45668,
2.45764,
2.45869,
2.45967,
2.46067,
2.46169,
2.46268,
2.46368,
2.46467,
2.46569,
2.46668,
2.46768,
2.46868,
2.46969,
2.47068,
2.4717,
2.47269,
2.47369,
2.47469,
2.47568,
2.4767,
2.47796,
2.47867,
2.47963,
2.48066,
2.48165,
2.48263,
2.48362,
2.48462,
2.48562,
2.48665,
2.48762,
2.48862,
2.48965,
2.49066,
2.49163,
2.49265,
2.49363,
2.49467,
2.49564,
2.49664,
2.49764,
2.49865,
2.49963,
2.50067,
2.50162,
2.50263,
2.50364,
2.50465,
2.50565,
2.50665,
2.50764,
2.50864,
2.50962,
2.51064,
2.51164,
2.51264,
2.51363,
2.51476,
2.51578,
2.51668,
2.51774,
2.51869,
2.51963,
2.52066,
2.52165,
2.52263,
2.52362,
2.52462,
2.52562,
2.52662,
2.52764,
2.52864,
2.52965,
2.53062,
2.53166,
2.53258,
2.53358,
2.53458,
2.53567,
2.53665,
2.53765,
2.53863,
2.53962,
2.54063,
2.54162,
2.54262,
2.54362,
2.54464,
2.54563,
2.54664,
2.54764,
2.54864,
2.54965,
2.55064,
2.55163,
2.55257,
2.55357,
2.55457,
2.55557,
2.55657,
2.55757,
2.55858,
2.55957,
2.56058,
2.56161,
2.56261,
2.5636,
2.56467,
2.56579,
2.56671,
2.56767,
2.56866,
2.56968,
2.57061,
2.5716,
2.5726,
2.5736,
2.57466,
2.57571,
2.57667,
2.57766,
2.57868,
2.57969,
2.58075,
2.5817,
2.58275,
2.58374,
2.58472,
2.58566,
2.58665,
2.58765,
2.58864,
2.58964,
2.59064,
2.59162,
2.59264,
2.59378,
2.59469,
2.59565,
2.59669,
2.59768,
2.59878,
2.59968,
2.60068,
2.60165,
2.60265,
2.60377,
2.60473,
2.60572,
2.6068,
2.60777,
2.6087,
2.6097,
2.61071,
2.61169,
2.61269,
2.6138,
2.61476,
2.61578,
2.61677,
2.61785,
2.61877,
2.61976,
2.62085,
2.62176,
2.62272,
2.62372,
2.62472,
2.62569,
2.62673,
2.62774,
2.62873,
2.62968,
2.63064,
2.63163,
2.63258,
2.6336,
2.63461,
2.6356,
2.6366,
2.63768,
2.63863,
2.63967,
2.6407,
2.64166,
2.64264,
2.64368,
2.64474,
2.64573,
2.64675,
2.64772,
2.64871,
2.64975,
2.65063,
2.65167,
2.65268,
2.65367,
2.65469,
2.65575,
2.65673,
2.65764,
2.65873,
2.6597,
2.66064,
2.66168,
2.66268,
2.6636,
2.66458,
2.66561,
2.66657,
2.66759,
2.66857,
2.66958,
2.67059,
2.6716,
2.67258,
2.67358,
2.67457,
2.67557,
2.67659,
2.67761,
2.6786,
2.67957,
2.68054,
2.68167,
2.68266,
2.68363,
2.68462,
2.68561,
2.68661,
2.68762,
2.68862,
2.68961,
2.69059,
2.69158,
2.69257,
2.69355,
2.69455,
2.69555,
2.69656,
2.69756,
2.69856,
2.69958,
2.70056,
2.70157,
2.70258,
2.70357,
2.70457,
2.70558,
2.7066,
2.70758,
2.70857,
2.70957,
2.71056,
2.71156,
2.71257,
2.71358,
2.71457,
2.71558,
2.71658,
2.71758,
2.71857,
2.71956,
2.72061,
2.72161,
2.72257,
2.72356,
2.72454,
2.72555,
2.72653,
2.72755,
2.72854,
2.72955,
2.73055,
2.73153,
2.73254,
2.73355,
2.73453,
2.73555,
2.73654,
2.73755,
2.73855,
2.73954,
2.74055,
2.74155,
2.74255,
2.74355,
2.74455,
2.74554,
2.74655,
2.74756,
2.74856,
2.74957,
2.75054,
2.75156,
2.75255,
2.75354,
2.75454,
2.75553,
2.75652,
2.75751,
2.75852,
2.75953,
2.76051,
2.76152,
2.76251,
2.76352,
2.76452,
2.76552,
2.76653,
2.76753,
2.76852,
2.76959,
2.77058,
2.77154,
2.77253,
2.77353,
2.7745,
2.77553,
2.77652,
2.77753,
2.77853,
2.77953,
2.78053,
2.78153,
2.78252,
2.78353,
2.78453,
2.78554,
2.78651,
2.78751,
2.78851,
2.7895,
2.79051,
2.79151,
2.79251,
2.79351,
2.7945,
2.79551,
2.79657,
2.79756,
2.79856,
2.79957,
2.80053,
2.80152,
2.80252,
2.80352,
2.80451,
2.80552,
2.80653,
2.80751,
2.80851,
2.80951,
2.81053,
2.81151,
2.81251,
2.81354,
2.81453,
2.81552,
2.81652,
2.8175,
2.8185,
2.8195,
2.82049,
2.82149,
2.82249,
2.82349,
2.8245,
2.8255,
2.82651,
2.82749,
2.82849,
2.82948,
2.8305,
2.83149,
2.83249,
2.83349,
2.83449,
2.83549,
2.83649,
2.83749,
2.83849,
2.83948,
2.84048,
2.84148,
2.84248,
2.84349,
2.84449,
2.84549,
2.84649,
2.84749,
2.84849,
2.84949,
2.85049,
2.85149,
2.85248,
2.85348,
2.85448,
2.85549,
2.8565,
2.85753,
2.85852,
2.85952,
2.86052,
2.86152,
2.86252,
2.86353,
2.86453,
2.86549,
2.86649,
2.86748,
2.86849,
2.86949,
2.87049,
2.87149,
2.8725,
2.87348,
2.87448,
2.87549,
2.87649,
2.87748,
2.87848,
2.87948,
2.88049,
2.88149,
2.88249,
2.88348,
2.88448,
2.88549,
2.88649,
2.88749,
2.8885,
2.88953,
2.89051,
2.89151,
2.89251,
2.89352,
2.89452,
2.89553,
2.89653,
2.89754,
2.89857,
2.89955,
2.90056,
2.90155,
2.90256,
2.90356,
2.90456,
2.90555,
2.90655,
2.90754,
2.90855,
2.90954,
2.91054,
2.91153,
2.91253,
2.91355,
2.91455,
2.91554,
2.91655,
2.91753,
2.91853,
2.91953,
2.92055,
2.92152,
2.92253,
2.92353,
2.92453,
2.92553,
2.92651,
2.92751,
2.92851,
2.92952,
2.93051,
2.93152,
2.9325,
2.93351,
2.93451,
2.9355,
2.9365,
2.9375,
2.93849,
2.93949,
2.94049,
2.94149,
2.94249,
2.94353,
2.94454,
2.94554,
2.94654,
2.94754,
2.94853,
2.94949,
2.9505,
2.95149,
2.95249,
2.95349,
2.95448,
2.95549,
2.95649,
2.95749,
2.95849,
2.95949,
2.96048,
2.96149,
2.96249,
2.9635,
2.9645,
2.9655,
2.9665,
2.9675,
2.96849,
2.96949,
2.97048,
2.97149,
2.97249,
2.97349,
2.97448,
2.97549,
2.97649,
2.97749,
2.97849,
2.97949,
2.98048,
2.98149,
2.9825,
2.9835,
2.9845,
2.9855,
2.98648,
2.98749,
2.98849,
2.98949,
2.99049,
2.9915,
2.99249,
2.99349,
2.99449,
2.99549,
2.99649,
2.99749,
2.99849,
2.99949,
3.00049,
3.00149,
3.00248,
3.00349,
3.00448,
3.00549,
3.0065,
3.00749,
3.00848,
3.00949,
3.01049,
3.01149,
3.01249,
3.01349,
3.01449,
3.01549,
3.0165,
3.0175,
3.0185,
3.01949,
3.02049,
3.02149,
3.02251,
3.02351,
3.0245,
3.02552,
3.02653,
3.02753,
3.02852,
3.02957,
3.03056,
3.03154,
3.03254,
3.03354,
3.03453,
3.03552,
3.03651,
3.03752,
3.03852,
3.03952,
3.04051,
3.0415,
3.04248,
3.0435,
3.04448,
3.04549,
3.04649,
3.04749,
3.04851,
3.04953,
3.05051,
3.05157,
3.05256,
3.05359,
3.05456,
3.05557,
3.05657,
3.0576,
3.05859,
3.0596,
3.06062,
3.06163,
3.06265,
3.06364,
3.06463,
3.06562,
3.06679,
3.06768,
3.06864,
3.06964,
3.07065,
3.07164,
3.07259,
3.07366,
3.07457,
3.07556,
3.07657,
3.07756,
3.07854,
3.07954,
3.08053,
3.08154,
3.08254,
3.08352,
3.08452,
3.0855,
3.0865,
3.0875,
3.08849,
3.08949,
3.09049,
3.09149,
3.09249,
3.09349,
3.09449,
3.09549,
3.09649,
3.09749,
3.09849,
3.09948,
3.10049,
3.10149,
3.10249,
3.10353,
3.10453,
3.10555,
3.10653,
3.10753,
3.10853,
3.1095,
3.11049,
3.11149,
3.1125,
3.1135,
3.11451,
3.11551,
3.11649,
3.11749,
3.11849,
3.11949,
3.12049,
3.12149,
3.12249,
3.12348,
3.12449,
3.12549,
3.12648,
3.1275,
3.12849,
3.12949,
3.13049,
3.13149,
3.13249,
3.13349,
3.13449,
3.1355,
3.1365,
3.1375,
3.1385,
3.13949,
3.14049,
3.1415,
3.14249,
3.1435,
3.14451,
3.1455,
3.14649,
3.14749,
3.14848,
3.14948,
3.15049,
3.1515,
3.15249,
3.15349,
3.15449,
3.15548,
3.15648,
3.15749,
3.15848,
3.15949,
3.16048,
3.16148,
3.16248,
3.16349,
3.16449,
3.1655,
3.16649,
3.16749,
3.1685,
3.16949,
3.17049,
3.17148,
3.17248,
3.17349,
3.17449,
3.17549,
3.17649,
3.1775,
3.17849,
3.17948,
3.18049,
3.18149,
3.18249,
3.18349,
3.18448,
3.18548,
3.18649,
3.18749,
3.18849,
3.18949,
3.19049,
3.19149,
3.19249,
3.19349,
3.19449,
3.19549,
3.1965,
3.1975,
3.19849,
3.19949,
3.20049,
3.20149,
3.20249,
3.20349,
3.20449,
3.2055,
3.2065,
3.2075,
3.20849,
3.2095,
3.2105,
3.21149,
3.2125,
3.2135,
3.2145,
3.2155,
3.2165,
3.21749,
3.21848,
3.21948,
3.22049,
3.22149,
3.22249,
3.22349,
3.22449,
3.22549,
3.22649,
3.22749,
3.22849,
3.22949,
3.23049,
3.23149,
3.23249,
3.23347,
3.23451,
3.23548,
3.2365,
3.2375,
3.2385,
3.2395,
3.2405,
3.2415,
3.24251,
3.2435,
3.2445,
3.2455,
3.24649,
3.24749,
3.24849,
3.24949,
3.25048,
3.25149,
3.25249,
3.2535,
3.25449,
3.25549,
3.25649,
3.25749,
3.25849,
3.25949,
3.26049,
3.26149,
3.26249,
3.26349,
3.26449,
3.26549,
3.26649,
3.26749,
3.26849,
3.2695,
3.27049,
3.27149,
3.2725,
3.27351,
3.2745,
3.2755,
3.27648,
3.2775,
3.27847,
3.27949,
3.28049,
3.2815,
3.2825,
3.2835,
3.2845,
3.2855,
3.2865,
3.28749,
3.28849,
3.28949,
3.29049,
3.29147,
3.29249,
3.29349,
3.2945,
3.29549,
3.29651,
3.29749,
3.2985,
3.29949,
3.30049,
3.30149,
3.30249,
3.30349,
3.30451,
3.30549,
3.3065,
3.30749,
3.30849,
3.30949,
3.31049,
3.31149,
3.31249,
3.3135,
3.3145,
3.31549,
3.31649,
3.31749,
3.31849,
3.31951,
3.3205,
3.3215,
3.3225,
3.32349,
3.3245,
3.3255,
3.3265,
3.32751,
3.32852,
3.32953,
3.33054,
3.33151,
3.3325,
3.3335,
3.33451,
3.3355,
3.33649,
3.3375,
3.3385,
3.33949,
3.34051,
3.34149,
3.34249,
3.34349,
3.34448,
3.34548,
3.3465,
3.3475,
3.34849,
3.3495,
3.35049,
3.3515,
3.3525,
3.3535,
3.35452,
3.35551,
3.35651,
3.35752,
3.35852,
3.35951,
3.36051,
3.3615,
3.36252,
3.36351,
3.36449,
3.36549,
3.36649,
3.36748,
3.3685,
3.3695,
3.37049,
3.37149,
3.37249,
3.37349,
3.37449,
3.37549,
3.37649,
3.3775,
3.37849,
3.3795,
3.3805,
3.3815,
3.38249,
3.38349,
3.38449,
3.38549,
3.38649,
3.38749,
3.38849,
3.38949,
3.39049,
3.39149,
3.39249,
3.39349,
3.39449,
3.39549,
3.39649,
3.39749,
3.39849,
3.39948,
3.4005,
3.40149,
3.40248,
3.40349,
3.40449,
3.40548,
3.40649,
3.40748,
3.40848,
3.40949,
3.41049,
3.4115,
3.4125,
3.41351,
3.41452,
3.41551,
3.41651,
3.41751,
3.4185,
3.41949,
3.42049,
3.42149,
3.42249,
3.42348,
3.42448,
3.42549,
3.42649,
3.42748,
3.42848,
3.42948,
3.43049,
3.43149,
3.43249,
3.4335,
3.4345,
3.43549,
3.43649,
3.4375,
3.43849,
3.43949,
3.44049,
3.44149,
3.44249,
3.4435,
3.4445,
3.4455,
3.44649,
3.44749,
3.4485,
3.44949,
3.45049,
3.45149,
3.4525,
3.45349,
3.4545,
3.45549,
3.45649,
3.45749,
3.4585,
3.45949,
3.46049,
3.4615,
3.46249,
3.46349,
3.46449,
3.46549,
3.46649,
3.46749,
3.46849,
3.46949,
3.47049,
3.47149,
3.47249,
3.47349,
3.47449,
3.47548,
3.47648,
3.47749,
3.4785,
3.47951,
3.48049,
3.4815,
3.48248,
3.48349,
3.48448,
3.48549,
3.48649,
3.48749,
3.48849,
3.48949,
3.4905,
3.4915,
3.4925,
3.4935,
3.4945,
3.49552,
3.49654,
3.49753,
3.49852,
3.49952,
3.50051,
3.5015,
3.50249,
3.5035,
3.50449,
3.50549,
3.50649,
3.50748,
3.50848,
3.50949,
3.51049,
3.51149,
3.51249,
3.51349,
3.51448,
3.51549,
3.5165,
3.51751,
3.51849,
3.51949,
3.5205,
3.5215,
3.5225,
3.52349,
3.52449,
3.52549,
3.52649,
3.5275,
3.52849,
3.5295,
3.53049,
3.53149,
3.53249,
3.53349,
3.53449,
3.53549,
3.53649,
3.53747,
3.53849,
3.53949,
3.54049,
3.54149,
3.54248,
3.54349,
3.54448,
3.54549,
3.54648,
3.54748,
3.54848,
3.54948,
3.55048,
3.55148,
3.55249,
3.55349,
3.55449,
3.55549,
3.55649,
3.55749,
3.55848,
3.55949,
3.56049,
3.56151,
3.56251,
3.56348,
3.56449,
3.56549,
3.56649,
3.56748,
3.56849,
3.56949,
3.57049,
3.57149,
3.57249,
3.57349,
3.57449,
3.57549,
3.57649,
3.57749,
3.57849,
3.57949,
3.58049,
3.58149,
3.58249,
3.58349,
3.58449,
3.58549,
3.58649,
3.58748,
3.58849,
3.58949,
3.59049,
3.59149,
3.59249,
3.59349,
3.59448,
3.59548,
3.59648,
3.59749,
3.59849,
3.59949,
3.60048,
3.60148,
3.60249,
3.60349,
3.60449,
3.60549,
3.60649,
3.60749,
3.60848,
3.60948,
3.61049,
3.61148,
3.61248,
3.6135,
3.61448,
3.61548,
3.6165,
3.61749,
3.61848,
3.61948,
3.62048,
3.62148,
3.62248,
3.62349,
3.62449,
3.62549,
3.62648,
3.62749,
3.62849,
3.62948,
3.63048,
3.63148,
3.63248,
3.63349,
3.63449,
3.63549,
3.63649,
3.63748,
3.63848,
3.63949,
3.64049,
3.64149,
3.64248,
3.64348,
3.64448,
3.64549,
3.64649,
3.64748,
3.64849,
3.64949,
3.65049,
3.65148,
3.65248,
3.65349,
3.65449,
3.65568,
3.65649,
3.6575,
3.65851,
3.6595,
3.6605,
3.6615,
3.6625,
3.66349,
3.66449,
3.66549,
3.66649,
3.66748,
3.66849,
3.66949,
3.67049,
3.67149,
3.67248,
3.67349,
3.67448,
3.67548,
3.67648,
3.67748,
3.67848,
3.67949,
3.6805,
3.68149,
3.68248,
3.68348,
3.68448,
3.68549,
3.68649,
3.68749,
3.68848,
3.68949,
3.69048,
3.69148,
3.69248,
3.69349,
3.69448,
3.69548,
3.69648,
3.69749,
3.69848,
3.69948,
3.70049,
3.70148,
3.70249,
3.70348,
3.70448,
3.70549,
3.70649,
3.70748,
3.70848,
3.70948,
3.71048,
3.71149,
3.71249,
3.71349,
3.71449,
3.71549,
3.71648,
3.71749,
3.71848,
3.71948,
3.72049,
3.72149,
3.72248,
3.72349,
3.72448,
3.72548,
3.7265,
3.72749,
3.72849,
3.72949,
3.7305,
3.73149,
3.73249,
3.73349,
3.73449,
3.73549,
3.73649,
3.73749,
3.73849,
3.73949,
3.74049,
3.74149,
3.7425,
3.74349,
3.74449,
3.74549,
3.74649,
3.74749,
3.74849,
3.74948,
3.75048,
3.75149,
3.75249,
3.75349,
3.75449,
3.75549,
3.75649,
3.75749,
3.75849,
3.75949,
3.76049,
3.76149,
3.7625,
3.76349,
3.76449,
3.76549,
3.76649,
3.76749,
3.76849,
3.7695,
3.77049,
3.77149,
3.77249,
3.77349,
3.77449,
3.77549,
3.77649,
3.77749,
3.77849,
3.77949,
3.78049,
3.78149,
3.78249,
3.78348,
3.78449,
3.78549,
3.7865,
3.78749,
3.78849,
3.7895,
3.79049,
3.79149,
3.79249,
3.79352,
3.79448,
3.79547,
3.79647,
3.79747,
3.79847,
3.79948,
3.80047,
3.80147,
3.80248,
3.80347,
3.80447,
3.80548,
3.80647,
3.80747,
3.80847,
3.8095,
3.81048,
3.81148,
3.81248,
3.81349,
3.81447,
3.81547,
3.81648,
3.81748,
3.81847,
3.81947,
3.82047,
3.82147,
3.82247,
3.82347,
3.82447,
3.82547,
3.82647,
3.82747,
3.82847,
3.82948,
3.83048,
3.83148,
3.83247,
3.83347,
3.83447,
3.83547,
3.83647,
3.83747,
3.83847,
3.83947,
3.84047,
3.84147,
3.84248,
3.84347,
3.84447,
3.84547,
3.84647,
3.84747,
3.84848,
3.8495,
3.85051,
3.85152,
3.85251,
3.8535,
3.85449,
3.85549,
3.85649,
3.85749,
3.85849,
3.85949,
3.86049,
3.86149,
3.86249,
3.86349,
3.86449,
3.86549,
3.86649,
3.86749,
3.86848,
3.86948,
3.87049,
3.87148,
3.87249,
3.8735,
3.87449,
3.87548,
3.87649,
3.87749,
3.87849,
3.87949,
3.88049,
3.88149,
3.88249,
3.88349,
3.88449,
3.88549,
3.88649,
3.88749,
3.88848,
3.88949,
3.89049,
3.89148,
3.89248,
3.89349,
3.89449,
3.89549,
3.89648,
3.89749,
3.89848,
3.89948,
3.90049,
3.90149,
3.90248,
3.90348,
3.90449,
3.9055,
3.90649,
3.90748,
3.90849,
3.90948,
3.91049,
3.91149,
3.91249,
3.9135,
3.91449,
3.91549,
3.9165,
3.9175,
3.91849,
3.91949,
3.92049,
3.92149,
3.92249,
3.92349,
3.92449,
3.92549,
3.92649,
3.92749,
3.92848,
3.9295,
3.93049,
3.93149,
3.93249,
3.93348,
3.93447,
3.93547,
3.93647,
3.93747,
3.93849,
3.93949,
3.94049,
3.94148,
3.94248,
3.94348,
3.94448,
3.94549,
3.94649,
3.94748,
3.94849,
3.94949,
3.95048,
3.95148,
3.95249,
3.95349,
3.95448,
3.95548,
3.95647,
3.95748,
3.95847,
3.95948,
3.96047,
3.9615,
3.96249,
3.96349,
3.96449,
3.96549,
3.96649,
3.96749,
3.96849,
3.96949,
3.97049,
3.9715,
3.97245,
3.97349,
3.97448,
3.97547,
3.97648,
3.97747,
3.97848,
3.97947,
3.98047,
3.98147,
3.98247,
3.98347,
3.98447,
3.98548,
3.98647,
3.98747,
3.98847,
3.98948,
3.99047,
3.99147,
3.99247,
3.99348,
3.99447,
3.99548,
3.99648,
3.99748,
3.99848,
3.99948,
4.00047,
4.00148,
4.00247,
4.00348,
4.00447,
4.00547,
4.00647,
4.00747,
4.00847,
4.00949,
4.01048,
4.01148,
4.0125,
4.01349,
4.01449,
4.01549,
4.01649,
4.01749,
4.01849,
4.01948,
4.02049,
4.02149,
4.02249,
4.02349,
4.02449,
4.02549,
4.02649,
4.02748,
4.02849,
4.02949,
4.03049,
4.03148,
4.03249,
4.03348,
4.03448,
4.03548,
4.03648,
4.03748,
4.03848,
4.03948,
4.04048,
4.04148,
4.04248,
4.04348,
4.04448,
4.04548,
4.04651,
4.04749,
4.04849,
4.0495,
4.05049,
4.05149,
4.05249,
4.05349,
4.05448,
4.05548,
4.05648,
4.05748,
4.05847,
4.05947,
4.06049,
4.06147,
4.06247,
4.06349,
4.06451,
4.0655,
4.0665,
4.0675,
4.0685,
4.06951,
4.07049,
4.07149,
4.07249,
4.0735,
4.07449,
4.07549,
4.07649,
4.07749,
4.07849,
4.07949,
4.0805,
4.08149,
4.08248,
4.08348,
4.08448,
4.08548,
4.08648,
4.08748,
4.08848,
4.08949,
4.09048,
4.09149,
4.09249,
4.09349,
4.09447,
4.0955,
4.09651,
4.0975,
4.09848,
4.09948,
4.10048,
4.10149,
4.10248,
4.10348,
4.10448,
4.1055,
4.1065,
4.1075,
4.1085,
4.1095,
4.1105,
4.1115,
4.11252,
4.11351,
4.11451,
4.11551,
4.1165,
4.11751,
4.1185,
4.1195,
4.12049,
4.1215,
4.12249,
4.12349,
4.12449,
4.12549,
4.12649,
4.12749,
4.1285,
4.12948,
4.13049,
4.1315,
4.13249,
4.1335,
4.1345,
4.1355,
4.1365,
4.13748,
4.1385,
4.13949,
4.14049,
4.14149,
4.14248,
4.14349,
4.14448,
4.14549,
4.14649,
4.14749,
4.14848,
4.14949,
4.15048,
4.15149,
4.15248,
4.15349,
4.15449,
4.15549,
4.15649,
4.1575,
4.15849,
4.15949,
4.16049,
4.16149,
4.16249,
4.1635,
4.1645,
4.16549,
4.16649,
4.16748,
4.16849,
4.16949,
4.17049,
4.17149,
4.17249,
4.1735,
4.17449,
4.17549,
4.17649,
4.17749,
4.17849,
4.17949,
4.18049,
4.18148,
4.18249,
4.18348,
4.18448,
4.18549,
4.18649,
4.18749,
4.18849,
4.18949,
4.19049,
4.19149,
4.19249,
4.19349,
4.19449,
4.1955,
4.1965,
4.19749,
4.19849,
4.1995,
4.20049,
4.2015,
4.20249,
4.2035,
4.20451,
4.2055,
4.20649,
4.2075,
4.20849,
4.20949,
4.21048,
4.21148,
4.21249,
4.2135,
4.21449,
4.21549,
4.21649,
4.21749,
4.2185,
4.21948,
4.22049,
4.22149,
4.22249,
4.22349,
4.22452,
4.2255,
4.2265,
4.2275,
4.22849,
4.2295,
4.23052,
4.2315,
4.23251,
4.2335,
4.2345,
4.2355,
4.2365,
4.2375,
4.2385,
4.23949,
4.24049,
4.24148,
4.24249,
4.24348,
4.24449,
4.24549,
4.24648,
4.24749,
4.24849,
4.24949,
4.25048,
4.25149,
4.25248,
4.25349,
4.25448,
4.25549,
4.2565,
4.25751,
4.2585,
4.2595,
4.26049,
4.2615,
4.26251,
4.26351,
4.26449,
4.26549,
4.26649,
4.26749,
4.26851,
4.26949,
4.2705,
4.2715,
4.2725,
4.2735,
4.2745,
4.2755,
4.2765,
4.27751,
4.27852,
4.27952,
4.28052,
4.28152,
4.28251,
4.28357,
4.28452,
4.28556,
4.28654,
4.28755,
4.28854,
4.28954,
4.29054,
4.29153,
4.29253,
4.29354,
4.29455,
4.29555,
4.2966,
4.29759,
4.29857,
4.29955,
4.30054,
4.30154,
4.30253,
4.30351,
4.30451,
4.30551,
4.30651,
4.30751,
4.3085,
4.30951,
4.31052,
4.31152,
4.31252,
4.31353,
4.31452,
4.31551,
4.31652,
4.31751,
4.31851,
4.3195,
4.3205,
4.3215,
4.32249,
4.32349,
4.32449,
4.3255,
4.32651,
4.32751,
4.3285,
4.3295,
4.33049,
4.33149,
4.33249,
4.33349,
4.33449,
4.33551,
4.3365,
4.3375,
4.33849,
4.3395,
4.3405,
4.3415,
4.3425,
4.3435,
4.3445,
4.34551,
4.34651,
4.34751,
4.34849,
4.34949,
4.35049,
4.35149,
4.3525,
4.3535,
4.3545,
4.35549,
4.35649,
4.35749,
4.35849,
4.35949,
4.36051,
4.3615,
4.3625,
4.36355,
4.36455,
4.36555,
4.36653,
4.36752,
4.36855,
4.36956,
4.37055,
4.3716,
4.37256,
4.37356,
4.37456,
4.37555,
4.37655,
4.37754,
4.37854,
4.37953,
4.38053,
4.38154,
4.38253,
4.38352,
4.38452,
4.38551,
4.38653,
4.38751,
4.38852,
4.38953,
4.39052,
4.39154,
4.39254,
4.39354,
4.39454,
4.39556,
4.39653,
4.39753,
4.39852,
4.39952,
4.40051,
4.4015,
4.40251,
4.4035,
4.4045,
4.40549,
4.4065,
4.4075,
4.4085,
4.4095,
4.41051,
4.41151,
4.41251,
4.41352,
4.41453,
4.41553,
4.41653,
4.41752,
4.41851,
4.41951,
4.4205,
4.4215,
4.42251,
4.42351,
4.42454,
4.42552,
4.42654,
4.42752,
4.42852,
4.42951,
4.43051,
4.43151,
4.4325,
4.4335,
4.43449,
4.4355,
4.4365,
4.43749,
4.4385,
4.4395,
4.44051,
4.44149,
4.4425,
4.4435,
4.4445,
4.4455,
4.4465,
4.4475,
4.4485,
4.4495,
4.4505,
4.4515,
4.4525,
4.4535,
4.45453,
4.45554,
4.4565,
4.45751,
4.4585,
4.4595,
4.4605,
4.4615,
4.46249,
4.4635,
4.4645,
4.4655,
4.46649,
4.46749,
4.46849,
4.4695,
4.47049,
4.4715,
4.47249,
4.4735,
4.47449,
4.47549,
4.47649,
4.47749,
4.47849,
4.47949,
4.4805,
4.4815,
4.4825,
4.48349,
4.48448,
4.48548,
4.48648,
4.4875,
4.48849,
4.4895,
4.49049,
4.49148,
4.4925,
4.49351,
4.4945,
4.4955,
4.49653,
4.49752,
4.49853,
4.49952,
4.50052,
4.50152,
4.50252,
4.50351,
4.50451,
4.50552,
4.5065,
4.50749,
4.5085,
4.50946,
4.5105,
4.51149,
4.51251,
4.51351,
4.5145,
4.5155,
4.51649,
4.5175,
4.51849,
4.51949,
4.5205,
4.5215,
4.52249,
4.52349,
4.52449,
4.5255,
4.52649,
4.52749,
4.52849,
4.52951,
4.5305,
4.5315,
4.5325,
4.5335,
4.5345,
4.5355,
4.5365,
4.53745,
4.5385,
4.5395,
4.5405,
4.5415,
4.54249,
4.54349,
4.5445,
4.5455,
4.5465,
4.5475,
4.5485,
4.54951,
4.55049,
4.55149,
4.5525,
4.5535,
4.5545,
4.55551,
4.5565,
4.5575,
4.5585,
4.55949,
4.56049,
4.56151,
4.5625,
4.5635,
4.56449,
4.56551,
4.5665,
4.5675,
4.5685,
4.5695,
4.57049,
4.57149,
4.57249,
4.57349,
4.57449,
4.57549,
4.57649,
4.57751,
4.57849,
4.57949,
4.58049,
4.58149,
4.5825,
4.5835,
4.5845,
4.5855,
4.5865,
4.58749,
4.58849,
4.58949,
4.59049,
4.5915,
4.59249,
4.59349,
4.59449,
4.59549,
4.59649,
4.5975,
4.59849,
4.59949,
4.60049,
4.60149,
4.60249,
4.60349,
4.60449,
4.6055,
4.6065,
4.60751,
4.60852,
4.60951,
4.61051,
4.61148,
4.61251,
4.61352,
4.61451,
4.6155,
4.6165,
4.6175,
4.61849,
4.6195,
4.62049,
4.62149,
4.62249,
4.62349,
4.62449,
4.6255,
4.62649,
4.62749,
4.6285,
4.6295,
4.63049,
4.63149,
4.63248,
4.63348,
4.63448,
4.63548,
4.63648,
4.63748,
4.63848,
4.63948,
4.64049,
4.64148,
4.64248,
4.64348,
4.64448,
4.64548,
4.64648,
4.64748,
4.64848,
4.64949,
4.65051,
4.65151,
4.6525,
4.6535,
4.6545,
4.65549,
4.65649,
4.6575,
4.65849,
4.65949,
4.66049,
4.66149,
4.66249,
4.6635,
4.6645,
4.6655,
4.6665,
4.6675,
4.6685,
4.6695,
4.67049,
4.67149,
4.67249,
4.6735,
4.67452,
4.6755,
4.6765,
4.6775,
4.6785,
4.6795,
4.6805,
4.6815,
4.6825,
4.6835,
4.6845,
4.6855,
4.6865,
4.6875,
4.6885,
4.6895,
4.6905,
4.6915,
4.69251,
4.6935,
4.6945,
4.6955,
4.6965,
4.69749,
4.69849,
4.69949,
4.70049,
4.70149,
4.70249,
4.70349,
4.7045,
4.7055,
4.7065,
4.7075,
4.70849,
4.70949,
4.71049,
4.71149,
4.7125,
4.7135,
4.7145,
4.7155,
4.71649,
4.71748,
4.71848,
4.71948,
4.72048,
4.72149,
4.72248,
4.72348,
4.72449,
4.72548,
4.72649,
4.72749,
4.72849,
4.7295,
4.73049,
4.73149,
4.73248,
4.73349,
4.73448,
4.73548,
4.73649,
4.73748,
4.73855,
4.73953,
4.74053,
4.74155,
4.74253,
4.74354,
4.74454,
4.74554,
4.74653,
4.74754,
4.74855,
4.74953,
4.75054,
4.7515,
4.7525,
4.7535,
4.7545,
4.7555,
4.7565,
4.7575,
4.7585,
4.7595,
4.7605,
4.7615,
4.7625,
4.7635,
4.7645,
4.7655,
4.7665,
4.76751,
4.7685,
4.76951,
4.7705,
4.7715,
4.7725,
4.7735,
4.7745,
4.7755,
4.77651,
4.7775,
4.7785,
4.7795,
4.7805,
4.7815,
4.7825,
4.7835,
4.7845,
4.7855,
4.7865,
4.7875,
4.7885,
4.7895,
4.7905,
4.7915,
4.7925,
4.7935,
4.7945,
4.7955,
4.7965,
4.7975,
4.7985,
4.7995,
4.8005,
4.80151,
4.8025,
4.8035,
4.8045,
4.8055,
4.8065,
4.8075,
4.8085,
4.8095,
4.8105,
4.8115,
4.8125,
4.8135,
4.8145,
4.8155,
4.81649,
4.8175,
4.8185,
4.81951,
4.82049,
4.8215,
4.8225,
4.8235,
4.8245,
4.8255,
4.8265,
4.8275,
4.8285,
4.8295,
4.8305,
4.83149,
4.8325,
4.8335,
4.8345,
4.8355,
4.8365,
4.8375,
4.8385,
4.8395,
4.8405,
4.84151,
4.8425,
4.8435,
4.8445,
4.8455,
4.8465,
4.8475,
4.8485,
4.8495,
4.8505,
4.8515,
4.8525,
4.8535,
4.8545,
4.8555,
4.8565,
4.8575,
4.8585,
4.8595,
4.8605,
4.8615,
4.8625,
4.8635,
4.8645,
4.8655,
4.8665,
4.8675,
4.8685,
4.8695,
4.8705,
4.8715,
4.8725,
4.8735,
4.8745,
4.8755,
4.8765,
4.8775,
4.8785,
4.8795,
4.88051,
4.8815,
4.8825,
4.8835,
4.8845,
4.8855,
4.8865,
4.8875,
4.88848,
4.8895,
4.8905,
4.8915,
4.8925,
4.8935,
4.89449,
4.8955,
4.8965,
4.89751,
4.8985,
4.8995,
4.9005,
4.9015,
4.9025,
4.9035,
4.9045,
4.90549,
4.90648,
4.90748,
4.90848,
4.90948,
4.91049,
4.91148,
4.91248,
4.9135,
4.91449,
4.9155,
4.91648,
4.91748,
4.91848,
4.91948,
4.92048,
4.92148,
4.92248,
4.92348,
4.92448,
4.92548,
4.92648,
4.92748,
4.92849,
4.92948,
4.93048,
4.93149,
4.93248,
4.93349,
4.93448,
4.93549,
4.93649,
4.93753,
4.93853,
4.93953,
4.94053,
4.94153,
4.94254,
4.94353,
4.94453,
4.94553,
4.9465,
4.9475,
4.94849,
4.9495,
4.95049,
4.95149,
4.95249,
4.95349,
4.95449,
4.95549,
4.95649,
4.9575,
4.95849,
4.95949,
4.9605,
4.9615,
4.9625,
4.96351,
4.9645,
4.96551,
4.9665,
4.96751,
4.9685,
4.9695,
4.9705,
4.9715,
4.9725,
4.9735,
4.9745,
4.9755,
4.97649,
4.9775,
4.97849,
4.9795,
4.9805,
4.9815,
4.98249,
4.9835,
4.98449,
4.9855,
4.98649,
4.9875,
4.9885,
4.9895,
4.99049,
4.9915,
4.9925,
4.99351,
4.9945,
4.9955,
4.9965,
4.99751,
4.9985,
4.9995,
5.0005,
5.0015,
5.00249,
5.0035,
5.00449,
5.00549,
5.0065,
5.0075,
5.00849,
5.0095,
5.01049,
5.01149,
5.01249,
5.0135,
5.01449,
5.01549,
5.01649,
5.01749,
5.0185,
5.0195,
5.02049,
5.02151,
5.0225,
5.02351,
5.02451,
5.02551,
5.02652,
5.0275,
5.02851,
5.0295,
5.03051,
5.0315,
5.0325,
5.03352,
5.0345,
5.0355,
5.0365,
5.03752,
5.03851,
5.03951,
5.0405,
5.0415,
5.0425,
5.0435,
5.0445,
5.0455,
5.04649,
5.0475,
5.04849,
5.0495,
5.05049,
5.05149,
5.05249,
5.05349,
5.05448,
5.05548,
5.05648,
5.05749,
5.05849,
5.05948,
5.06049,
5.06148,
5.06248,
5.06348,
5.0645,
5.06549,
5.06649,
5.06749,
5.06849,
5.06949,
5.07048,
5.07149,
5.07248,
5.07349,
5.07448,
5.07548,
5.07648,
5.07748,
5.07848,
5.07949,
5.08048,
5.08149,
5.08248,
5.08349,
5.08448,
5.08549,
5.08649,
5.08748,
5.08849,
5.08949,
5.09049,
5.09149,
5.09249,
5.09348,
5.09449,
5.09549,
5.09649,
5.09749,
5.09849,
5.09949,
5.1005,
5.10151,
5.1025,
5.10349,
5.1045,
5.1055,
5.1065,
5.1075,
5.1085,
5.1095,
5.1105,
5.11149,
5.1125,
5.1135,
5.1145,
5.11549,
5.11648,
5.11749,
5.11848,
5.11949,
5.1205,
5.12152,
5.12251,
5.1235,
5.1245,
5.1255,
5.1265,
5.12749,
5.1285,
5.1295,
5.1305,
5.13149,
5.13247,
5.1335,
5.1345,
5.1355,
5.1365,
5.1375,
5.1385,
5.1395,
5.1405,
5.1415,
5.1425,
5.1435,
5.1445,
5.1455,
5.1465,
5.1475,
5.1485,
5.1495,
5.1505,
5.15149,
5.1525,
5.1535,
5.1545,
5.1555,
5.15651,
5.1575,
5.1585,
5.1595,
5.1605,
5.1615,
5.1625,
5.16351,
5.1645,
5.1655,
5.1665,
5.1675,
5.1685,
5.16949,
5.17049,
5.17149,
5.17249,
5.17349,
5.17448,
5.17549,
5.17648,
5.17748,
5.17848,
5.17948,
5.18048,
5.18148,
5.18248,
5.18349,
5.18449,
5.18549,
5.18649,
5.18748,
5.18848,
5.18949,
5.19048,
5.19148,
5.19249,
5.19349,
5.19449,
5.1955,
5.19649,
5.1975,
5.19849,
5.19949,
5.20049,
5.20149,
5.2025,
5.2035,
5.20449,
5.2055,
5.20652,
5.2075,
5.20849,
5.2095,
5.2105,
5.21149,
5.21249,
5.2135,
5.21449,
5.21549,
5.21649,
5.21749,
5.21851,
5.21949,
5.22049,
5.22149,
5.22249,
5.2235,
5.2245,
5.2255,
5.2265,
5.22751,
5.2285,
5.2295,
5.23049,
5.2315,
5.2325,
5.2335,
5.23449,
5.2355,
5.23649,
5.2375,
5.23849,
5.2395,
5.24049,
5.2415,
5.24249,
5.2435,
5.24449,
5.2455,
5.2465,
5.24752,
5.24851,
5.24951,
5.2505,
5.2515,
5.2525,
5.25351,
5.25449,
5.2555,
5.2565,
5.25751,
5.2585,
5.2595,
5.2605,
5.2615,
5.2625,
5.26349,
5.26449,
5.26549,
5.2665,
5.2675,
5.2685,
5.2695,
5.2705,
5.2715,
5.27249,
5.2735,
5.2745,
5.2755,
5.2765,
5.2775,
5.2785,
5.2795,
5.2805,
5.2815,
5.2825,
5.28349,
5.28449,
5.2855,
5.28649,
5.2875,
5.28851,
5.28951,
5.2905,
5.2915,
5.29249,
5.29349,
5.2945,
5.2955,
5.29651,
5.2975,
5.29849,
5.29949,
5.30049,
5.3015,
5.3025,
5.30349,
5.3045,
5.3055,
5.3065,
5.30749,
5.30849,
5.3095,
5.3105,
5.3115,
5.3125,
5.3135,
5.3145,
5.3155,
5.3165,
5.31751,
5.31849,
5.3195,
5.3205,
5.3215,
5.32249,
5.3235,
5.32449,
5.3255,
5.32649,
5.3275,
5.32849,
5.3295,
5.3305,
5.3315,
5.33249,
5.3335,
5.33449,
5.3355,
5.3365,
5.3375,
5.33849,
5.3395,
5.3405,
5.34151,
5.34251,
5.34351,
5.34452,
5.34552,
5.34652,
5.3475,
5.34851,
5.3495,
5.35049,
5.35149,
5.35248,
5.35349,
5.3545,
5.35549,
5.3565,
5.3575,
5.35849,
5.35949,
5.36049,
5.3615,
5.3625,
5.3635,
5.3645,
5.36549,
5.36649,
5.36749,
5.36849,
5.3695,
5.37049,
5.37149,
5.37249,
5.3735,
5.37449,
5.37549,
5.3765,
5.3775,
5.3785,
5.3795,
5.3805,
5.3815,
5.3825,
5.38349,
5.38449,
5.3855,
5.38649,
5.38749,
5.38849,
5.38949,
5.39049,
5.39149,
5.39249,
5.39349,
5.3945,
5.3955,
5.39649,
5.39749,
5.39849,
5.39949,
5.40049,
5.40149,
5.40249,
5.40349,
5.40449,
5.4055,
5.40649,
5.40749,
5.40849,
5.4095,
5.41049,
5.41149,
5.41249,
5.41349,
5.41449,
5.41549,
5.4165,
5.4175,
5.41849,
5.41949,
5.42049,
5.42149,
5.42249,
5.42349,
5.42449,
5.42549,
5.42649,
5.42749,
5.42849,
5.42949,
5.4305,
5.4315,
5.4325,
5.4335,
5.43449,
5.43549,
5.43649,
5.43749,
5.4385,
5.43949,
5.4405,
5.44151,
5.4425,
5.4435,
5.4445,
5.44549,
5.44649,
5.44749,
5.44849,
5.4495,
5.45049,
5.45149,
5.45249,
5.45349,
5.45449,
5.45549,
5.45649,
5.45749,
5.45849,
5.45949,
5.46049,
5.46149,
5.46249,
5.46349,
5.46449,
5.46549,
5.46649,
5.4675,
5.46849,
5.46949,
5.47049,
5.4715,
5.47251,
5.4735,
5.4745,
5.4755,
5.4765,
5.4775,
5.4785,
5.4795,
5.4805,
5.4815,
5.4825,
5.4835,
5.4845,
5.4855,
5.4865,
5.4875,
5.4885,
5.4895,
5.4905,
5.4915,
5.4925,
5.4935,
5.4945,
5.4955,
5.49649,
5.49749,
5.49849,
5.49948,
5.50048,
5.50149,
5.50248,
5.50348,
5.50448,
5.50549,
5.5065,
5.5075,
5.5085,
5.5095,
5.51049,
5.51149,
5.5125,
5.51351,
5.5145,
5.5155,
5.5165,
5.51749,
5.51849,
5.5195,
5.52051,
5.5215,
5.52251,
5.5235,
5.52451,
5.5255,
5.5265,
5.5275,
5.5285,
5.5295,
5.5305,
5.53149,
5.53249,
5.53349,
5.53449,
5.53548,
5.53649,
5.53749,
5.5385,
5.53949,
5.54049,
5.5415,
5.5425,
5.54351,
5.54452,
5.54551,
5.54653,
5.54751,
5.54852,
5.54952,
5.55053,
5.55152,
5.55251,
5.55354,
5.5545,
5.5555,
5.5565,
5.5575,
5.55849,
5.55949,
5.56049,
5.56149,
5.56249,
5.56349,
5.56449,
5.56549,
5.56648,
5.56749,
5.56848,
5.56949,
5.57049,
5.57149,
5.57249,
5.57349,
5.57449,
5.57549,
5.57651,
5.57752,
5.5785,
5.5795,
5.58049,
5.58151,
5.5825,
5.5835,
5.58449,
5.58549,
5.5865,
5.58749,
5.58849,
5.5895,
5.59049,
5.5915,
5.59249,
5.5935,
5.5945,
5.59549,
5.59649,
5.5975,
5.5985,
5.59949,
5.6005,
5.6015,
5.6025,
5.6035,
5.6045,
5.6055,
5.6065,
5.6075,
5.60851,
5.60952,
5.61051,
5.61151,
5.6125,
5.6135,
5.6145,
5.6155,
5.6165,
5.61751,
5.61851,
5.61951,
5.6205,
5.6215,
5.6225,
5.62349,
5.6245,
5.6255,
5.6265,
5.62749,
5.6285,
5.6295,
5.6305,
5.6315,
5.6325,
5.6335,
5.6345,
5.6355,
5.6365,
5.63749,
5.6385,
5.6395,
5.6405,
5.6415,
5.6425,
5.6435,
5.6445,
5.6455,
5.64652,
5.64751,
5.64851,
5.64951,
5.65051,
5.6515,
5.6525,
5.65351,
5.6545,
5.65551,
5.6565,
5.65751,
5.65851,
5.65951,
5.66051,
5.66151,
5.6625,
5.66351,
5.6645,
5.66552,
5.6665,
5.66751,
5.6685,
5.6695,
5.6705,
5.67149,
5.6725,
5.6735,
5.6745,
5.6755,
5.6765,
5.6775,
5.6785,
5.67952,
5.68055,
5.68153,
5.6825,
5.6835,
5.6845,
5.6855,
5.6865,
5.6875,
5.6885,
5.6895,
5.69049,
5.69149,
5.69249,
5.69349,
5.69449,
5.69551,
5.69651,
5.69752,
5.69851,
5.6995,
5.7005,
5.7015,
5.7025,
5.7035,
5.7045,
5.7055,
5.7065,
5.7075,
5.7085,
5.7095,
5.7105,
5.71149,
5.7125,
5.7135,
5.71449,
5.71549,
5.7165,
5.7175,
5.71849,
5.7195,
5.7205,
5.7215,
5.72249,
5.72349,
5.72449,
5.7255,
5.7265,
5.7275,
5.7285,
5.7295,
5.73049,
5.73149,
5.73249,
5.73349,
5.73449,
5.7355,
5.7365,
5.7375,
5.73849,
5.73949,
5.7405,
5.74149,
5.74249,
5.74349,
5.74449,
5.74549,
5.74649,
5.74749,
5.74849,
5.74949,
5.75049,
5.75148,
5.7525,
5.7535,
5.75449,
5.75549,
5.75649,
5.75749,
5.7585,
5.7595,
5.76051,
5.7615,
5.76251,
5.7635,
5.7645,
5.7655,
5.7665,
5.7675,
5.76851,
5.76949,
5.77049,
5.77149,
5.77249,
5.77349,
5.77449,
5.77549,
5.77649,
5.77749,
5.77849,
5.77949,
5.78049,
5.78149,
5.78249,
5.78349,
5.78449,
5.78549,
5.78649,
5.78749,
5.78849,
5.7895,
5.79049,
5.79149,
5.79249,
5.79349,
5.79451,
5.7955,
5.79649,
5.7975,
5.7985,
5.7995,
5.80049,
5.8015,
5.80249,
5.80349,
5.80449,
5.80551,
5.8065,
5.80749,
5.80849,
5.80949,
5.81049,
5.81149,
5.81249,
5.81349,
5.81449,
5.81549,
5.81649,
5.81749,
5.81849,
5.81949,
5.82048,
5.8215,
5.82249,
5.82349,
5.8245,
5.82549,
5.82649,
5.82749,
5.82849,
5.8295,
5.8305,
5.83148,
5.8325,
5.8335,
5.8345,
5.8355,
5.83649,
5.83751,
5.83854,
5.83951,
5.84052,
5.84151,
5.84249,
5.84348,
5.8445,
5.8455,
5.8465,
5.8475,
5.84848,
5.84949,
5.85049,
5.85149,
5.85248,
5.85348,
5.85448,
5.85548,
5.85649,
5.85749,
5.85849,
5.85949,
5.86049,
5.86149,
5.8625,
5.86349,
5.8645,
5.8655,
5.86649,
5.86749,
5.8685,
5.8695,
5.8705,
5.87149,
5.8725,
5.87349,
5.87449,
5.87548,
5.87651,
5.87755,
5.87854,
5.87951,
5.88054,
5.88149,
5.88249,
5.88349,
5.8845,
5.88549,
5.88649,
5.88749,
5.88848,
5.88949,
5.89049,
5.89149,
5.89249,
5.89349,
5.89448,
5.89549,
5.89648,
5.8975,
5.89849,
5.89949,
5.90049,
5.90149,
5.90248,
5.90349,
5.90449,
5.90549,
5.90649,
5.90748,
5.90848,
5.90949,
5.91048,
5.91149,
5.91249,
5.91349,
5.91449,
5.91549,
5.91649,
5.91749,
5.9185,
5.91948,
5.92049,
5.9215,
5.92249,
5.92349,
5.92449,
5.92549,
5.92649,
5.92749,
5.92849,
5.92949,
5.93049,
5.93149,
5.93249,
5.9335,
5.9345,
5.93549,
5.93649,
5.93749,
5.9385,
5.93949,
5.94049,
5.94149,
5.94249,
5.94349,
5.94449,
5.94549,
5.94649,
5.94749,
5.94849,
5.94949,
5.95049,
5.95149,
5.95249,
5.95349,
5.95449,
5.95549,
5.95649,
5.9575,
5.95849,
5.95949,
5.96049,
5.9615,
5.96249,
5.96349,
5.96449,
5.96549,
5.96649,
5.96749,
5.96849,
5.96949,
5.97049,
5.97149,
5.97249,
5.97349,
5.97449,
5.97549,
5.97649,
5.97749,
5.97849,
5.97949,
5.98049,
5.98149,
5.98249,
5.98349,
5.98449,
5.98549,
5.98649,
5.98748,
5.98848,
5.98949,
5.99048,
5.99148,
5.99248,
5.99349,
5.99448,
5.99549,
5.99649,
5.99749,
5.99849,
5.99948,
6.00049,
6.00149,
6.00249,
6.00348,
6.00449,
6.00548,
6.00649,
6.00748,
6.00848,
6.00949,
6.01049,
6.01148,
6.01249,
6.0135,
6.01449,
6.01549,
6.01649,
6.01749,
6.01849,
6.01948,
6.02048,
6.02149,
6.02248,
6.0235,
6.0245,
6.0255,
6.02649,
6.02748,
6.02849,
6.02949,
6.0305,
6.03149,
6.03249,
6.03348,
6.03448,
6.03549,
6.03649,
6.03748,
6.03848,
6.03948,
6.04049,
6.04148,
6.04248,
6.04348,
6.04449,
6.04549,
6.04649,
6.04749,
6.04849,
6.04949,
6.05049,
6.05148,
6.05248,
6.05349,
6.05448,
6.05548,
6.0565,
6.0575,
6.05849,
6.0595,
6.06049,
6.06149,
6.06249,
6.0635,
6.06449,
6.06548,
6.06648,
6.06748,
6.06848,
6.06949,
6.07048,
6.07148,
6.07248,
6.07349,
6.07448,
6.07548,
6.07648,
6.07748,
6.07848,
6.07948,
6.08049,
6.08149,
6.08249,
6.08348,
6.08448,
6.08548,
6.08648,
6.08748,
6.0885,
6.0895,
6.09049,
6.0915,
6.09249,
6.0935,
6.09449,
6.09549,
6.0965,
6.09749,
6.09848,
6.09948,
6.10048,
6.10148,
6.10248,
6.10348,
6.10448,
6.10548,
6.1065,
6.10749,
6.10848,
6.10949,
6.11048,
6.11149,
6.11249,
6.11349,
6.11449,
6.11548,
6.11648,
6.11749,
6.1185,
6.11949,
6.1205,
6.1215,
6.1225,
6.12349,
6.12449,
6.1255,
6.12649,
6.12749,
6.1285,
6.1295,
6.1305,
6.13149,
6.13248,
6.13348,
6.13448,
6.13548,
6.13648,
6.13749,
6.13848,
6.13948,
6.14048,
6.14148,
6.14248,
6.14348,
6.14449,
6.14549,
6.14649,
6.14749,
6.14853,
6.14952,
6.15057,
6.15152,
6.15252,
6.15351,
6.1545,
6.1555,
6.1565,
6.1575,
6.15849,
6.15949,
6.1605,
6.1615,
6.1625,
6.16349,
6.16449,
6.16549,
6.16649,
6.1675,
6.16849,
6.16949,
6.1705,
6.17153,
6.17252,
6.17352,
6.17452,
6.1755,
6.1765,
6.17751,
6.1785,
6.17951,
6.1805,
6.18151,
6.1825,
6.18349,
6.1845,
6.1855,
6.1865,
6.1875,
6.18849,
6.18951,
6.1905,
6.1915,
6.1925,
6.1935,
6.1945,
6.1955,
6.1965,
6.1975,
6.1985,
6.1995,
6.2005,
6.2015,
6.2025,
6.2035,
6.2045,
6.20552,
6.20651,
6.2075,
6.2085,
6.2095,
6.2105,
6.2115,
6.2125,
6.2135,
6.2145,
6.2155,
6.2165,
6.21751,
6.2185,
6.2195,
6.2205,
6.2215,
6.2225,
6.2235,
6.2245,
6.2255,
6.2265,
6.2275,
6.2285,
6.2295,
6.2305,
6.2315,
6.23249,
6.2335,
6.2345,
6.23551,
6.2365,
6.2375,
6.2385,
6.23952,
6.24052,
6.24151,
6.2425,
6.2435,
6.2445,
6.2455,
6.2465,
6.2475,
6.2485,
6.24951,
6.2505,
6.25151,
6.25251,
6.25351,
6.25451,
6.25551,
6.2565,
6.25749,
6.2585,
6.2595,
6.2605,
6.26151,
6.26249,
6.2635,
6.2645,
6.2655,
6.2665,
6.2675,
6.26849,
6.2695,
6.27053,
6.2715,
6.27252,
6.27351,
6.2745,
6.27549,
6.27649,
6.2775,
6.27849,
6.27949,
6.28049,
6.2815,
6.28251,
6.28351,
6.28452,
6.28552,
6.28653,
6.28753,
6.28854,
6.28954,
6.29056,
6.29153,
6.29252,
6.29359,
6.29452,
6.29551,
6.29651,
6.29751,
6.2985,
6.2995,
6.30049,
6.3015,
6.30249,
6.3035,
6.30449,
6.3055,
6.3065,
6.30751,
6.30851,
6.30952,
6.31052,
6.31152,
6.31254,
6.31354,
6.31452,
6.31551,
6.3165,
6.3175,
6.31849,
6.31949,
6.32048,
6.32149,
6.32249,
6.3235,
6.32449,
6.3255,
6.32649,
6.32749,
6.32849,
6.3295,
6.33049,
6.33149,
6.33249,
6.3335,
6.3345,
6.33549,
6.3365,
6.3375,
6.3385,
6.33949,
6.3405,
6.3415,
6.34249,
6.34349,
6.3445,
6.3455,
6.34649,
6.3475,
6.34849,
6.3495,
6.3505,
6.35149,
6.35249,
6.3535,
6.35449,
6.35549,
6.35649,
6.3575,
6.35849,
6.3595,
6.36049,
6.36149,
6.36249,
6.36349,
6.36449,
6.36549,
6.36649,
6.36749,
6.36849,
6.3695,
6.37049,
6.37149,
6.37249,
6.37349,
6.37449,
6.3755,
6.37649,
6.3775,
6.3785,
6.3795,
6.3805,
6.3815,
6.3825,
6.38349,
6.3845,
6.3855,
6.3865,
6.38749,
6.38849,
6.3895,
6.3905,
6.39149,
6.39249,
6.3935,
6.3945,
6.3955,
6.3965,
6.39749,
6.39849,
6.3995,
6.4005,
6.4015,
6.4025,
6.4035,
6.4045,
6.4055,
6.4065,
6.40749,
6.4085,
6.40951,
6.41051,
6.41148,
6.4125,
6.4135,
6.4145,
6.4155,
6.4165,
6.4175,
6.4185,
6.4195,
6.4205,
6.4215,
6.42249,
6.4235,
6.42449,
6.4255,
6.4265,
6.42749,
6.42849,
6.42949,
6.43049,
6.43149,
6.43249,
6.43349,
6.43449,
6.43549,
6.43649,
6.43748,
6.43848,
6.43949,
6.4405,
6.4415,
6.4425,
6.4435,
6.4445,
6.4455,
6.44653,
6.44749,
6.44849,
6.44948,
6.45049,
6.45148,
6.45249,
6.45349,
6.45449,
6.45549,
6.45648,
6.45749,
6.45848,
6.45948,
6.46048,
6.46148,
6.46248,
6.46348,
6.46451,
6.4655,
6.4665,
6.46749,
6.46849,
6.4695,
6.4705,
6.47149,
6.47249,
6.4735,
6.4745,
6.4755,
6.4765,
6.4775,
6.4785,
6.4795,
6.4805,
6.4815,
6.4825,
6.4835,
6.4845,
6.4855,
6.4865,
6.4875,
6.4885,
6.48949,
6.49049,
6.49149,
6.49249,
6.49349,
6.49449,
6.49549,
6.49651,
6.4975,
6.4985,
6.4995,
6.5005,
6.5015,
6.5025,
6.5035,
6.50451,
6.5055,
6.5065,
6.5075,
6.5085,
6.5095,
6.5105,
6.5115,
6.5125,
6.5135,
6.5145,
6.5155,
6.5165,
6.5175,
6.5185,
6.5195,
6.5205,
6.5215,
6.5225,
6.5235,
6.5245,
6.5255,
6.5265,
6.5275,
6.5285,
6.5295,
6.5305,
6.5315,
6.5325,
6.5335,
6.53449,
6.53549,
6.53649,
6.53749,
6.5385,
6.5395,
6.54049,
6.5415,
6.54249,
6.54349,
6.54449,
6.5455,
6.54649,
6.54749,
6.54849,
6.5495,
6.55049,
6.55149,
6.55249,
6.5535,
6.55449,
6.55549,
6.5565,
6.5575,
6.5585,
6.55949,
6.5605,
6.5615,
6.5625,
6.56349,
6.56449,
6.5655,
6.56649,
6.56749,
6.56849,
6.56951,
6.5705,
6.5715,
6.5725,
6.5735,
6.5745,
6.5755,
6.5765,
6.57751,
6.5785,
6.5795,
6.5805,
6.5815,
6.5825,
6.5835,
6.5845,
6.5855,
6.5865,
6.5875,
6.5885,
6.5895,
6.5905,
6.5915,
6.5925,
6.5935,
6.5945,
6.5955,
6.5965,
6.5975,
6.5985,
6.5995,
6.6005,
6.6015,
6.6025,
6.6035,
6.60451,
6.6055,
6.6065,
6.6075,
6.6085,
6.6095,
6.6105,
6.6115,
6.6125,
6.6135,
6.6145,
6.6155,
6.6165,
6.6175,
6.6185,
6.6195,
6.6205,
6.6215,
6.6225,
6.6235,
6.6245,
6.6255,
6.6265,
6.6275,
6.6285,
6.6295,
6.6305,
6.6315,
6.6325,
6.6335,
6.6345,
6.6355,
6.6365,
6.6375,
6.63851,
6.6395,
6.6405,
6.6415,
6.6425,
6.6435,
6.6445,
6.6455,
6.6465,
6.6475,
6.6485,
6.6495,
6.6505,
6.65149,
6.65249,
6.6535,
6.65449,
6.65549,
6.6565,
6.6575,
6.6585,
6.65951,
6.6605,
6.6615,
6.66249,
6.66349,
6.6645,
6.66553,
6.66651,
6.66751,
6.66851,
6.6695,
6.6705,
6.6715,
6.6725,
6.6735,
6.67449,
6.67549,
6.67649,
6.6775,
6.6785,
6.6795,
6.6805,
6.68149,
6.68249,
6.68349,
6.68449,
6.68549,
6.68649,
6.68749,
6.68849,
6.68949,
6.69049,
6.6915,
6.69249,
6.6935,
6.69449,
6.69549,
6.6965,
6.69751,
6.6985,
6.69951,
6.70051,
6.70151,
6.7025,
6.7035,
6.70452,
6.70551,
6.7065,
6.7075,
6.7085,
6.7095,
6.7105,
6.7115,
6.7125,
6.71352,
6.7145,
6.7155,
6.7165,
6.71751,
6.71849,
6.7195,
6.7205,
6.7215,
6.7225,
6.72349,
6.72449,
6.7255,
6.72649,
6.72749,
6.72849,
6.7295,
6.73049,
6.7315,
6.7325,
6.7335,
6.7345,
6.73549,
6.7365,
6.73749,
6.73849,
6.73949,
6.7405,
6.7415,
6.7425,
6.74349,
6.74449,
6.7455,
6.7465,
6.7475,
6.7485,
6.7495,
6.7505,
6.7515,
6.7525,
6.75352,
6.7545,
6.7555,
6.7565,
6.7575,
6.7585,
6.7595,
6.7605,
6.76151,
6.76251,
6.76351,
6.7645,
6.7655,
6.7665,
6.7675,
6.76851,
6.76951,
6.7705,
6.7715,
6.77251,
6.7735,
6.7745,
6.7755,
6.7765,
6.77751,
6.7785,
6.7795,
6.78051,
6.7815,
6.7825,
6.78351,
6.7845,
6.78551,
6.7865,
6.7875,
6.7885,
6.7895,
6.7905,
6.7915,
6.7925,
6.79351,
6.79451,
6.79551,
6.7965,
6.79751,
6.79851,
6.79951,
6.80051,
6.80151,
6.80251,
6.80351,
6.80451,
6.80551,
6.80651,
6.80751,
6.80851,
6.80951,
6.81051,
6.8115,
6.81251,
6.81351,
6.81451,
6.8155,
6.8165,
6.81751,
6.81851,
6.8195,
6.8205,
6.82151,
6.82251,
6.8235,
6.82451,
6.82551,
6.82651,
6.82751,
6.82851,
6.8295,
6.83049,
6.8315,
6.83249,
6.83349,
6.83449,
6.83549,
6.83649,
6.83749,
6.83849,
6.83949,
6.84049,
6.84149,
6.84249,
6.84349,
6.84449,
6.84549,
6.8465,
6.8475,
6.84851,
6.8495,
6.8505,
6.8515,
6.85251,
6.8535,
6.8545,
6.85549,
6.85662,
6.8575,
6.85849,
6.85949,
6.86049,
6.86149,
6.86251,
6.86419,
6.86451,
6.86551,
6.8665,
6.8675,
6.86849,
6.86949,
6.87048,
6.87148,
6.87248,
6.87348,
6.87448,
6.87548,
6.87649,
6.87749,
6.87848,
6.8795,
6.88049,
6.88149,
6.88249,
6.88349,
6.88449,
6.88549,
6.88648,
6.88749,
6.88848,
6.88948,
6.89049,
6.89148,
6.89248,
6.89348,
6.89448,
6.89549,
6.89648,
6.89748,
6.89848,
6.89948,
6.90048,
6.90148,
6.90248,
6.90348,
6.90448,
6.90549,
6.90649,
6.90748,
6.90849,
6.90948,
6.91048,
6.91149,
6.91248,
6.91348,
6.9145,
6.91549,
6.91649,
6.91749,
6.91849,
6.91949,
6.92051,
6.92148,
6.92247,
6.92347,
6.92447,
6.92547,
6.92647,
6.92749,
6.92848,
6.92947,
6.93047,
6.93147,
6.93247,
6.93347,
6.93447,
6.93547,
6.93647,
6.93747,
6.93847,
6.93947,
6.94047,
6.94147,
6.94247,
6.94347,
6.94453,
6.9455,
6.94653,
6.94753,
6.94854,
6.9495,
6.95053,
6.95153,
6.95253,
6.95349,
6.95448,
6.95549,
6.95649,
6.95748,
6.95848,
6.95948,
6.96048,
6.96149,
6.96248,
6.96349,
6.96448,
6.96549,
6.96649,
6.96748,
6.96849,
6.96949,
6.97048,
6.97149,
6.97248,
6.97348,
6.97448,
6.97549,
6.97649,
6.97749,
6.97848,
6.97948,
6.98048,
6.98148,
6.98249,
6.98348,
6.98449,
6.98549,
6.98648,
6.98748,
6.98848,
6.98949,
6.9905,
6.99149,
6.99248,
6.99348,
6.99448,
6.99548,
6.99648,
6.9975,
6.99851,
6.99949,
7.00049,
7.00149,
7.00249,
7.00349,
7.00449,
7.00549,
7.00649,
7.00749,
7.00849,
7.0095,
7.0105,
7.01149,
7.0125,
7.0135,
7.01449,
7.01549,
7.01649,
7.01751,
7.0185,
7.01951,
7.0205,
7.0215,
7.02249,
7.02349,
7.02449,
7.02549,
7.02649,
7.02749,
7.02849,
7.02949,
7.03048,
7.03149,
7.0325,
7.03351,
7.0345,
7.0355,
7.0365,
7.0375,
7.03849,
7.03949,
7.0405,
7.04149,
7.0425,
7.0435,
7.0445,
7.04549,
7.0465,
7.0475,
7.0485,
7.0495,
7.0505,
7.0515,
7.0525,
7.0535,
7.0545,
7.0555,
7.05649,
7.05749,
7.0585,
7.05949,
7.0605,
7.0615,
7.0625,
7.0635,
7.0645,
7.0655,
7.06649,
7.06749,
7.06849,
7.0695,
7.0705,
7.07149,
7.0725,
7.07354,
7.0745,
7.0755,
7.07649,
7.0775,
7.07849,
7.07951,
7.08051,
7.08151,
7.0825,
7.08351,
7.08451,
7.08552,
7.08651,
7.0875,
7.0885,
7.0895,
7.09049,
7.0915,
7.0925,
7.09349,
7.0945,
7.0955,
7.0965,
7.0975,
7.09849,
7.09949,
7.10049,
7.1015,
7.1025,
7.10349,
7.10448,
7.1055,
7.10651,
7.1075,
7.1085,
7.1095,
7.11049,
7.1115,
7.11251,
7.1135,
7.1145,
7.1155,
7.1165,
7.11751,
7.1185,
7.1195,
7.1205,
7.1215,
7.1225,
7.1235,
7.1245,
7.1255,
7.1265,
7.12749,
7.12849,
7.1295,
7.13049,
7.13149,
7.1325,
7.1335,
7.1345,
7.1355,
7.1365,
7.1375,
7.1385,
7.1395,
7.14049,
7.1415,
7.1425,
7.1435,
7.1445,
7.1455,
7.14651,
7.14749,
7.14849,
7.1495,
7.15049,
7.15149,
7.1525,
7.1535,
7.1545,
7.1555,
7.1565,
7.15751,
7.15849,
7.1595,
7.16049,
7.1615,
7.1625,
7.1635,
7.1645,
7.1655,
7.16649,
7.16749,
7.1685,
7.1695,
7.1705,
7.17149,
7.1725,
7.1735,
7.1745,
7.1755,
7.1765,
7.1775,
7.17849,
7.1795,
7.1805,
7.1815,
7.18249,
7.1835,
7.1845,
7.1855,
7.18649,
7.1875,
7.18849,
7.1895,
7.1905,
7.1915,
7.19249,
7.19349,
7.1945,
7.19549,
7.1965,
7.1975,
7.1985,
7.19951,
7.20049,
7.2015,
7.2025,
7.2035,
7.20449,
7.20554,
7.20653,
7.2075,
7.2085,
7.2095,
7.2105,
7.2115,
7.2125,
7.2135,
7.2145,
7.2155,
7.2165,
7.21751,
7.21852,
7.21951,
7.22052,
7.22152,
7.22251,
7.22352,
7.22451,
7.2255,
7.2265,
7.22749,
7.2285,
7.2295,
7.2305,
7.2315,
7.2325,
7.2335,
7.2345,
7.2355,
7.2365,
7.2375,
7.23853,
7.23951,
7.24051,
7.24152,
7.24251,
7.2435,
7.24451,
7.24551,
7.24651,
7.24752,
7.24852,
7.24952,
7.2505,
7.2515,
7.2525,
7.25351,
7.25452,
7.25553,
7.25652,
7.25752,
7.25851,
7.25951,
7.26051,
7.2615,
7.2625,
7.2635,
7.26451,
7.26551,
7.26651,
7.26752,
7.26852,
7.26953,
7.27052,
7.27152,
7.27252,
7.27351,
7.27451,
7.27551,
7.2765,
7.27752,
7.27852,
7.27954,
7.28054,
7.28154,
7.28254,
7.28354,
7.28454,
7.28553,
7.28652,
7.28753,
7.28852,
7.28953,
7.29051,
7.29151,
7.2925,
7.2935,
7.2945,
7.2955,
7.2965,
7.2975,
7.2985,
7.29951,
7.3005,
7.30151,
7.3025,
7.30353,
7.30452,
7.30554,
7.30652,
7.30751,
7.30853,
7.30951,
7.3105,
7.31151,
7.3125,
7.3135,
7.3145,
7.31549,
7.3165,
7.3175,
7.31849,
7.31949,
7.32051,
7.3215,
7.32251,
7.3235,
7.32451,
7.32552,
7.32651,
7.32751,
7.3285,
7.32951,
7.33051,
7.3315,
7.33249,
7.3335,
7.33449,
7.33549,
7.3365,
7.3375,
7.3385,
7.33951,
7.34049,
7.34151,
7.3425,
7.34351,
7.34451,
7.34552,
7.34652,
7.34752,
7.34852,
7.34951,
7.3505,
7.3515,
7.3525,
7.35349,
7.35449,
7.35549,
7.3565,
7.3575,
7.35849,
7.35949,
7.3605,
7.36149,
7.36249,
7.3635,
7.36449,
7.36551,
7.36649,
7.3675,
7.36849,
7.3695,
7.37049,
7.3715,
7.3725,
7.3735,
7.37449,
7.37549,
7.37649,
7.3775,
7.37849,
7.3795,
7.3805,
7.38149,
7.3825,
7.3835,
7.3845,
7.38551,
7.38651,
7.38752,
7.38852,
7.38953,
7.39053,
7.39154,
7.39254,
7.39354,
7.39454,
7.39554,
7.39653,
7.39753,
7.39855,
7.39953,
7.40053,
7.40156,
7.40254,
7.40356,
7.40456,
7.40554,
7.40654,
7.40754,
7.40854,
7.40954,
7.41054,
7.41154,
7.41254,
7.41354,
7.41454,
7.41554,
7.41654,
7.41755,
7.41854,
7.41954,
7.42054,
7.42154,
7.42258,
7.42356,
7.42456,
7.42554,
7.42654,
7.42754,
7.42853,
7.42952,
7.43052,
7.43152,
7.43252,
7.43353,
7.43453,
7.43553,
7.43652,
7.43753,
7.43854,
7.43954,
7.44053,
7.44154,
7.44254,
7.44354,
7.44455,
7.44555,
7.44655,
7.44756,
7.44855,
7.44955,
7.45055,
7.45155,
7.45255,
7.45356,
7.45456,
7.45556,
7.45657,
7.45757,
7.45855,
7.45955,
7.46054,
7.46153,
7.46253,
7.46353,
7.46453,
7.46554,
7.46654,
7.46754,
7.46856,
7.46954,
7.47056,
7.47154,
7.47254,
7.47355,
7.47454,
7.47555,
7.47655,
7.47755,
7.47855,
7.47957,
7.48057,
7.48157,
7.48287,
7.48363,
7.48459,
7.48558,
7.48658,
7.48757,
7.48857,
7.48958,
7.49057,
7.49158,
7.49258,
7.49359,
7.49458,
7.49558,
7.49658,
7.49758,
7.49858,
7.49959,
7.50059,
7.50159,
7.50259,
7.50359,
7.50458,
7.50559,
7.5066,
7.50759,
7.50859,
7.50959,
7.51059,
7.5116,
7.51259,
7.5136,
7.5146,
7.5156,
7.5166,
7.5176,
7.5186,
7.51961,
7.52061,
7.5216,
7.52258,
7.52357,
7.52456,
7.52555,
7.52654,
7.52755,
7.52854,
7.52955,
7.53054,
7.53154,
7.53254,
7.53354,
7.53454,
7.53554,
7.53654,
7.53754,
7.53854,
7.53954,
7.54054,
7.54154,
7.54254,
7.54353,
7.54453,
7.54555,
7.54654,
7.54755,
7.54853,
7.54953,
7.55053,
7.55153,
7.55254,
7.55353,
7.55452,
7.55552,
7.55651,
7.55751,
7.55851,
7.55951,
7.56051,
7.56152,
7.5625,
7.5635,
7.5645,
7.56551,
7.56651,
7.56751,
7.5685,
7.56951,
7.5705,
7.5715,
7.5725,
7.5735,
7.5745,
7.5755,
7.5765,
7.5775,
7.5785,
7.5795,
7.58051,
7.58151,
7.5825,
7.5835,
7.5845,
7.5855,
7.5865,
7.5875,
7.5885,
7.5895,
7.5905,
7.5915,
7.59251,
7.5935,
7.5945,
7.59549,
7.5965,
7.5975,
7.5985,
7.5995,
7.6005,
7.6015,
7.6025,
7.6035,
7.6045,
7.6055,
7.60649,
7.60749,
7.60849,
7.6095,
7.6105,
7.6115,
7.61249,
7.6135,
7.6145,
7.61549,
7.61649,
7.6175,
7.6185,
7.61949,
7.6205,
7.6215,
7.62249,
7.6235,
7.6245,
7.6255,
7.62649,
7.62749,
7.62849,
7.62949,
7.6305,
7.6315,
7.63249,
7.6335,
7.6345,
7.63549,
7.63649,
7.6375,
7.63849,
7.6395,
7.64049,
7.6415,
7.64249,
7.64349,
7.6445,
7.6455,
7.6465,
7.64749,
7.64849,
7.6495,
7.65049,
7.6515,
7.65252,
7.6535,
7.6545,
7.6555,
7.6565,
7.65751,
7.65851,
7.65951,
7.66052,
7.66153,
7.66254,
7.66354,
7.66455,
7.66556,
7.66657,
7.66757,
7.66858,
7.66957,
7.67057,
7.67156,
7.67256,
7.67356,
7.67456,
7.67556,
7.67655,
7.67755,
7.67854,
7.67954,
7.68055,
7.68154,
7.68254,
7.68353,
7.68453,
7.68553,
7.68653,
7.68752,
7.68852,
7.68952,
7.69052,
7.69152,
7.69251,
7.69352,
7.6945,
7.6955,
7.69651,
7.6975,
7.69849,
7.6995,
7.70051,
7.7015,
7.7025,
7.70349,
7.70449,
7.7055,
7.70649,
7.70749,
7.70849,
7.7095,
7.71049,
7.71149,
7.71249,
7.71351,
7.7145,
7.7155,
7.7165,
7.7175,
7.7185,
7.71949,
7.72051,
7.72151,
7.72251,
7.72351,
7.72449,
7.7255,
7.72649,
7.72749,
7.72849,
7.72949,
7.73049,
7.73149,
7.73249,
7.73349,
7.73449,
7.73551,
7.7365,
7.73749,
7.73851,
7.73949,
7.74049,
7.7415,
7.74249,
7.74349,
7.74449,
7.7455,
7.74649,
7.7475,
7.74851,
7.7495,
7.75051,
7.75152,
7.75254,
7.75354,
7.75455,
7.75553,
7.75653,
7.75752,
7.75852,
7.75951,
7.76051,
7.76151,
7.76251,
7.76351,
7.7645,
7.7655,
7.7665,
7.76749,
7.76849,
7.76949,
7.77049,
7.7715,
7.77249,
7.7735,
7.7745,
7.7755,
7.7765,
7.7775,
7.77849,
7.77949,
7.78049,
7.78149,
7.78249,
7.7835,
7.7845,
7.7855,
7.78649,
7.7875,
7.78849,
7.78949,
7.79049,
7.79149,
7.79249,
7.79349,
7.79449,
7.79549,
7.79652,
7.79751,
7.79851,
7.7995,
7.80051,
7.8015,
7.8025,
7.8035,
7.8045,
7.8055,
7.8065,
7.8075,
7.8085,
7.8095,
7.8105,
7.8115,
7.8125,
7.8135,
7.81449,
7.81549,
7.81649,
7.81749,
7.81849,
7.8195,
7.82049,
7.82149,
7.82249,
7.82349,
7.82449,
7.82549,
7.82649,
7.8275,
7.82849,
7.82949,
7.83049,
7.83149,
7.83249,
7.83349,
7.83449,
7.83549,
7.83649,
7.83749,
7.83849,
7.83949,
7.8405,
7.84149,
7.84249,
7.8435,
7.84449,
7.84549,
7.84649,
7.84749,
7.84849,
7.84949,
7.85049,
7.85149,
7.85249,
7.85349,
7.85449,
7.85549,
7.85649,
7.85749,
7.85849,
7.85949,
7.8605,
7.86149,
7.86249,
7.86349,
7.86449,
7.86549,
7.86649,
7.86749,
7.8685,
7.8695,
7.87049,
7.87149,
7.8725,
7.87349,
7.87449,
7.87549,
7.87649,
7.87749,
7.87849,
7.87949,
7.8805,
7.88151,
7.8825,
7.88349,
7.88449,
7.88549,
7.88649,
7.88749,
7.88849,
7.88949,
7.89049,
7.89149,
7.89249,
7.89349,
7.89449,
7.89549,
7.89649,
7.89749,
7.89849,
7.89949,
7.90049,
7.90149,
7.9025,
7.90349,
7.90449,
7.90549,
7.9065,
7.90748,
7.90848,
7.90948,
7.91049,
7.91149,
7.91249,
7.91349,
7.91449,
7.91548,
7.91649,
7.91749,
7.91849,
7.91949,
7.92049,
7.92149,
7.92249,
7.92349,
7.92449,
7.92549,
7.92649,
7.92748,
7.92849,
7.92949,
7.9305,
7.93148,
7.93249,
7.93348,
7.93448,
7.93548,
7.93649,
7.93749,
7.93849,
7.93948,
7.94049,
7.94149,
7.94249,
7.94349,
7.94449,
7.94549,
7.94649,
7.9475,
7.94849,
7.94949,
7.95049,
7.95149,
7.95248,
7.95349,
7.95448,
7.95549,
7.95648,
7.95749,
7.95849,
7.95948,
7.96049,
7.96149,
7.96249,
7.96349,
7.96449,
7.96549,
7.96649,
7.96749,
7.96849,
7.9695,
7.97049,
7.97149,
7.97249,
7.97349,
7.97449,
7.97549,
7.97649,
7.97749,
7.97849,
7.97949,
7.98048,
7.98149,
7.98249,
7.98348,
7.98449,
7.98549,
7.98649,
7.98749,
7.98849,
7.98949,
7.99049,
7.99149,
7.99249,
7.99347,
7.99447,
7.99547,
7.99648,
7.99747,
7.99847,
7.99947,
8.00053,
8.00154,
8.00252,
8.00352,
8.00453,
8.0055,
8.0065,
8.00749,
8.0085,
8.0095,
8.01049,
8.01149,
8.01249,
8.0135,
8.01449,
8.01549,
8.01649,
8.01749,
8.01849,
8.01948,
8.02048,
8.02149,
8.02249,
8.02348,
8.02448,
8.02549,
8.02648,
8.02748,
8.02849,
8.0295,
8.0305,
8.03151,
8.03251,
8.03352,
8.03452,
8.03553,
8.03653,
8.03755,
8.03856,
8.03955,
8.04055,
8.04156,
8.04256,
8.04356,
8.04457,
8.04561,
8.04661,
8.0476,
8.04863,
8.04963,
8.05063,
8.05161,
8.05263,
8.05367,
8.05463,
8.05559,
8.05659,
8.05759,
8.05859,
8.05958,
8.06059,
8.06164,
8.06259,
8.06359,
8.06476,
8.06573,
8.06666,
8.0677,
8.06867,
8.06967,
8.07066,
8.07168,
8.07273,
8.07381,
8.07473,
8.07572,
8.07663,
8.0776,
8.07859,
8.0796,
8.0806,
8.0816,
8.08262,
8.0837,
8.08462,
8.0856,
8.08659,
8.0876,
8.08864,
8.08963,
8.09062,
8.09162,
8.09263,
8.09362,
8.09461,
8.09575,
8.09669,
8.0977,
8.09868,
8.0997,
8.1007,
8.1017,
8.10293,
8.10364,
8.10462,
8.10568,
8.10672,
8.10771,
8.10871,
8.10966,
8.11063,
8.11166,
8.11265,
8.11365,
8.11465,
8.11564,
8.11666,
8.11764,
8.11866,
8.11969,
8.12065,
8.12167,
8.12266,
8.12365,
8.12467,
8.12568,
8.12665,
8.12765,
8.12864,
8.12966,
8.13064,
8.13168,
8.13266,
8.13365,
8.13469,
8.13566,
8.13661,
8.13761,
8.13858,
8.13958,
8.14059,
8.14159,
8.14259,
8.14358,
8.14458,
8.14563,
8.14665,
8.14767,
8.14871,
8.14968,
8.15061,
8.15159,
8.1526,
8.1536,
8.15459,
8.1556,
8.15662,
8.15761,
8.1586,
8.1596,
8.16069,
8.16169,
8.16268,
8.16366,
8.16465,
8.16566,
8.16669,
8.16762,
8.16869,
8.16968,
8.17064,
8.17165,
8.17263,
8.17364,
8.17468,
8.17565,
8.17666,
8.17763,
8.17863,
8.17964,
8.18062,
8.18165,
8.18264,
8.18363,
8.18463,
8.18564,
8.18664,
8.18762,
8.18865,
8.18964,
8.19065,
8.19164,
8.19263,
8.19364,
8.19464,
8.19563,
8.19666,
8.19774,
8.19865,
8.19965,
8.20062,
8.20162,
8.20273,
8.20369,
8.20469,
8.20566,
8.20683,
8.2078,
8.20881,
8.20971,
8.21069,
8.21169,
8.21274,
8.21372,
8.21471,
8.21571,
8.21671,
8.21772,
8.21873,
8.21971,
8.22069,
8.2217,
8.22271,
8.22372,
8.2247,
8.2257,
8.22668,
8.22768,
8.22869,
8.22979,
8.23072,
8.23171,
8.23269,
8.2337,
8.23469,
8.23568,
8.23668,
8.23768,
8.23867,
8.23969,
8.24071,
8.2417,
8.24268,
8.2437,
8.24468,
8.2457,
8.2467,
8.24776,
8.24886,
8.24978,
8.25074,
8.25171,
8.25272,
8.2537,
8.25469,
8.25569,
8.25668,
8.25769,
8.25869,
8.25969,
8.26069,
8.26169,
8.26268,
8.26369,
8.26468,
8.26569,
8.2667,
8.26768,
8.26868,
8.26975,
8.27068,
8.27169,
8.27268,
8.27368,
8.27468,
8.27568,
8.27667,
8.27771,
8.27869,
8.2797,
8.28076,
8.28178,
8.28269,
8.28368,
8.28468,
8.28568,
8.28668,
8.28767,
8.28869,
8.28969,
8.2907,
8.29169,
8.29273,
8.2937,
8.29468,
8.29572,
8.29669,
8.29768,
8.29868,
8.29969,
8.30077,
8.3017,
8.30268,
8.30368,
8.30467,
8.30569,
8.30668,
8.30769,
8.30867,
8.30968,
8.31071,
8.31169,
8.31271,
8.31369,
8.31467,
8.31568,
8.3167,
8.31768,
8.31868,
8.31968,
8.32067,
8.32169,
8.32268,
8.32367,
8.32468,
8.32568,
8.3267,
8.32771,
8.32868,
8.32968,
8.3308,
8.33169,
8.3327,
8.33369,
8.33468,
8.33567,
8.33667,
8.33768,
8.33867,
8.33967,
8.34071,
8.34183,
8.34275,
8.3437,
8.3447,
8.3457,
8.34665,
8.34773,
8.34872,
8.34965,
8.35067,
8.35173,
8.35269,
8.35368,
8.35466,
8.35567,
8.35667,
8.35766,
8.35865,
8.35961,
8.36063,
8.36167,
8.36261,
8.3636,
8.3646,
8.36561,
8.3666,
8.3676,
8.3686,
8.36969,
8.37074,
8.37165,
8.37259,
8.37367,
8.37467,
8.37559,
8.37658,
8.3776,
8.37859,
8.37966,
8.38061,
8.38162,
8.38259,
8.38359,
8.3846,
8.3856,
8.3866,
8.38759,
8.3886,
8.38973,
8.39067,
8.39169,
8.39263,
8.39364,
8.39466,
8.3957,
8.39669,
8.39767,
8.39869,
8.39967,
8.40069,
8.4017,
8.40267,
8.40369,
8.40468,
8.40569,
8.4067,
8.40778,
8.4087,
8.4097,
8.4107,
8.4117,
8.41277,
8.41376,
8.41476,
8.41575,
8.41673,
8.41774,
8.41875,
8.41974,
8.42073,
8.42173,
8.42273,
8.42374,
8.42473,
8.42575,
8.42674,
8.42771,
8.42872,
8.4297,
8.4307,
8.4317,
8.43267,
8.43363,
8.43462,
8.43562,
8.43661,
8.43767,
8.43862,
8.43962,
8.44061,
8.44161,
8.44258,
8.44359,
8.44459,
8.44559,
8.44659,
8.44764,
8.44862,
8.44963,
8.45061,
8.45162,
8.45262,
8.45362,
8.45473,
8.45564,
8.45664,
8.45762,
8.45861,
8.45961,
8.46061,
8.46165,
8.46262,
8.46362,
8.46462,
8.46562,
8.46662,
8.46762,
8.46861,
8.46962,
8.47061,
8.47161,
8.47262,
8.4737,
8.47466,
8.47565,
8.4766,
8.47759,
8.47864,
8.4796,
8.48062,
8.4816,
8.48261,
8.4836,
8.4846,
8.4856,
8.48663,
8.48762,
8.48862,
8.48962,
8.4906,
8.49162,
8.49263,
8.49375,
8.49482,
8.49577,
8.49659,
8.49758,
8.49863,
8.49958,
8.50058,
8.50158,
8.50258,
8.50357,
8.50457,
8.50569,
8.50661,
8.5076,
8.5086,
8.5096,
8.5106,
8.5116,
8.5126,
8.51378,
8.51468,
8.51565,
8.51666,
8.51761,
8.51862,
8.51968,
8.52065,
8.52172,
8.52264,
8.52364,
8.52464,
8.52564,
8.52664,
8.52764,
8.52861,
8.52962,
8.5306,
8.53161,
8.53263,
8.53361,
8.5346,
8.53562,
8.53662,
8.53762,
8.5386,
8.53955,
8.54054,
8.54155,
8.54254,
8.54354,
8.54457,
8.54556,
8.54654,
8.54755,
8.54854,
8.54955,
8.55053,
8.55153,
8.55253,
8.55353,
8.55452,
8.55553,
8.55653,
8.55751,
8.55856,
8.55951,
8.56051,
8.56151,
8.56257,
8.56356,
8.56453,
8.56552,
8.56651,
8.56752,
8.56851,
8.56951,
8.5705,
8.5715,
8.5725,
8.5735,
8.57449,
8.57549,
8.57654,
8.57753,
8.57851,
8.57951,
8.58051,
8.58151,
8.5825,
8.5835,
8.5845,
8.58551,
8.5865,
8.5875,
8.5885,
8.58952,
8.59051,
8.59149,
8.59249,
8.59349,
8.59448,
8.59549,
8.5965,
8.59749,
8.59849,
8.59949,
8.60048,
8.60149,
8.60248,
8.60349,
8.60449,
8.60549,
8.60649,
8.60749,
8.60849,
8.60949,
8.61049,
8.61148,
8.61248,
8.6135,
8.6145,
8.61549,
8.6165,
8.61749,
8.61849,
8.61949,
8.62049,
8.62149,
8.62249,
8.62349,
8.62451,
8.6255,
8.62651,
8.62751,
8.62852,
8.62953,
8.63053,
8.63154,
8.63253,
8.6336,
8.63455,
8.63553,
8.63655,
8.63753,
8.63853,
8.63953,
8.64052,
8.64152,
8.64251,
8.64351,
8.64451,
8.64551,
8.64651,
8.64751,
8.64852,
8.6495,
8.6505,
8.6515,
8.65249,
8.65349,
8.65449,
8.65549,
8.65648,
8.6575,
8.65849,
8.65949,
8.66048,
8.66148,
8.66249,
8.66348,
8.66448,
8.66549,
8.66648,
8.66749,
8.66848,
8.66949,
8.67049,
8.67148,
8.67249,
8.67349,
8.67449,
8.67547,
8.67647,
8.67749,
8.67847,
8.67947,
8.68049,
8.68148,
8.6825,
8.68349,
8.68449,
8.68549,
8.68649,
8.68749,
8.68849,
8.68949,
8.69049,
8.69149,
8.69249,
8.69349,
8.69449,
8.69549,
8.6965,
8.69749,
8.69849,
8.69948,
8.70049,
8.70149,
8.70249,
8.70349,
8.70449,
8.70549,
8.70651,
8.70748,
8.70848,
8.70949,
8.71049,
8.71149,
8.7125,
8.7135,
8.71449,
8.71549,
8.71649,
8.71749,
8.71849,
8.71963,
8.72049,
8.72149,
8.72249,
8.72349,
8.72449,
8.72549,
8.72649,
8.72748,
8.72849,
8.72949,
8.73049,
8.7315,
8.73249,
8.7335,
8.73452,
8.73549,
8.73649,
8.73751,
8.73849,
8.73949,
8.74051,
8.74149,
8.74249,
8.74349,
8.74449,
8.7455,
8.74651,
8.74752,
8.74851,
8.74952,
8.75051,
8.75151,
8.75251,
8.75352,
8.75454,
8.75554,
8.75657,
8.75756,
8.75855,
8.75958,
8.76055,
8.76155,
8.76256,
8.76357,
8.76456,
8.76554,
8.76657,
8.76754,
8.76853,
8.76955,
8.77053,
8.77153,
8.77252,
8.77352,
8.77454,
8.77557,
8.77653,
8.77754,
8.77856,
8.77955,
8.78057,
8.78158,
8.78256,
8.78355,
8.78458,
8.78558,
8.78656,
8.78756,
8.78858,
8.78957,
8.79061,
8.79162,
8.7926,
8.79362,
8.79459,
8.7956,
8.79662,
8.7977,
8.79859,
8.79967,
8.80067,
8.80184,
8.80266,
8.80369,
8.80468,
8.80578,
8.80669,
8.80772,
8.80883,
8.80977,
8.81068,
8.81168,
8.81267,
8.81368,
8.81479,
8.81578,
8.81666,
8.81779,
8.81875,
8.81973,
8.82071,
8.82177,
8.82279,
8.82373,
8.82466,
8.82567,
8.8268,
8.82766,
8.82866,
8.82971,
8.83067,
8.83177,
8.83268,
8.83372,
8.83463,
8.83575,
8.83663,
8.83773,
8.83875,
8.83971,
8.84072,
8.84167,
8.8427,
8.84377,
8.84468,
8.84571,
8.8467,
8.84758,
8.84869,
8.84961,
8.85061,
8.85169,
8.85264,
8.85366,
8.85463,
8.85561,
8.85666,
8.85765,
8.85866,
8.8597,
8.86061,
8.86164,
8.8626,
8.86358,
8.86461,
8.86575,
8.86687,
8.86771,
8.86875,
8.86977,
8.87072,
8.87163,
8.87262,
8.87365,
8.87466,
8.87567,
8.87669,
8.8777,
8.87869,
8.8797,
8.88071,
8.88177,
8.88276,
8.88373,
8.88475,
8.8857,
8.88669,
8.88769,
8.88869,
8.8897,
8.89069,
8.89169,
8.89269,
8.89369,
8.89469,
8.89569,
8.89669,
8.8977,
8.89869,
8.89977,
8.90071,
8.90172,
8.90266,
8.90373,
8.90465,
8.90569,
8.90666,
8.90766,
8.90864,
8.90964,
8.91066,
8.91165,
8.91262,
8.91366,
8.91461,
8.91562,
8.91666,
8.91762,
8.91862,
8.91963,
8.92067,
8.92165,
8.92263,
8.92362,
8.92463,
8.92563,
8.92666,
8.92765,
8.92869,
8.92968,
8.93067,
8.93165,
8.93265,
8.93364,
8.93464,
8.93562,
8.9366,
8.93763,
8.93862,
8.93961,
8.9406,
8.9416,
8.94259,
8.94364,
8.9446,
8.94562,
8.9466,
8.9476,
8.9486,
8.9496,
8.9506,
8.9516,
8.95258,
8.9536,
8.95459,
8.95559,
8.9566,
8.9576,
8.95859,
8.95959,
8.96062,
8.96162,
8.96261,
8.9636,
8.96458,
8.96559,
8.96658,
8.96756,
8.96855,
8.96958,
8.97057,
8.97155,
8.97255,
8.97356,
8.97454,
8.97555,
8.97655,
8.97756,
8.97856,
8.97954,
8.98055,
8.98155,
8.98255,
8.98356,
8.98455,
8.98556,
8.98658,
8.98758,
8.98856,
8.98955,
8.99057,
8.99156,
8.99256,
8.99361,
8.99458,
8.99556,
8.99656,
8.99756,
8.99854,
8.99954,
9.00055,
9.00154,
9.00253,
9.00352,
9.00454,
9.00555,
9.00654,
9.00752,
9.00852,
9.00951,
9.01049,
9.01149,
9.01248,
9.01349,
9.01449,
9.01548,
9.01648,
9.01749,
9.01848,
9.01948,
9.02052,
9.02151,
9.0225,
9.0235,
9.02452,
9.02552,
9.02651,
9.02751,
9.0285,
9.0295,
9.0305,
9.0315,
9.0325,
9.0335,
9.03449,
9.03549,
9.03649,
9.03749,
9.03849,
9.03949,
9.04049,
9.04149,
9.04249,
9.04349,
9.04449,
9.04549,
9.04651,
9.0475,
9.04847,
9.04947,
9.05047,
9.05147,
9.05247,
9.05347,
9.05447,
9.05548,
9.05649,
9.05748,
9.05847,
9.05947,
9.06047,
9.06147,
9.06247,
9.06348,
9.06447,
9.06547,
9.06647,
9.06748,
9.06848,
9.06948,
9.07047,
9.07147,
9.07247,
9.07347,
9.07448,
9.07547,
9.07647,
9.07747,
9.07847,
9.07948,
9.08047,
9.08147,
9.08247,
9.08347,
9.08447,
9.08547,
9.08647,
9.08748,
9.0885,
9.08949,
9.09049,
9.09149,
9.09249,
9.09349,
9.09449,
9.09549,
9.09649,
9.09749,
9.09848,
9.09949,
9.10048,
9.10149,
9.10248,
9.10348,
9.10448,
9.10548,
9.10649,
9.10748,
9.10849,
9.10948,
9.11048,
9.11148,
9.11248,
9.11349,
9.11448,
9.11549,
9.11648,
9.11749,
9.11848,
9.11948,
9.12049,
9.12148,
9.12248,
9.12348,
9.12449,
9.12548,
9.12648,
9.12748,
9.12849,
9.12949,
9.13049,
9.13148,
9.13248,
9.13349,
9.13448,
9.13549,
9.13648,
9.13748,
9.13848,
9.13948,
9.14048,
9.14148,
9.14248,
9.14348,
9.14448,
9.14548,
9.14649,
9.14748,
9.14848,
9.14948,
9.15048,
9.15148,
9.15248,
9.15348,
9.15449,
9.15548,
9.15648,
9.15748,
9.15848,
9.15949,
9.16049,
9.16148,
9.16248,
9.16348,
9.16448,
9.16548,
9.16648,
9.16748,
9.16848,
9.1695,
9.17049,
9.17148,
9.17248,
9.17348,
9.17448,
9.17548,
9.17648,
9.17748,
9.17848,
9.17949,
9.18048,
9.18149,
9.18248,
9.18348,
9.18448,
9.18549,
9.18648,
9.18748,
9.18849,
9.18949,
9.19049,
9.19149,
9.19249,
9.19348,
9.19449,
9.19548,
9.19653,
9.19749,
9.19848,
9.19948,
9.20048,
9.20149,
9.20249,
9.20348,
9.20448,
9.20551,
9.20649,
9.20748,
9.20848,
9.20948,
9.21049,
9.21149,
9.2125,
9.21351,
9.21449,
9.21549,
9.21649,
9.21749,
9.21848,
9.21948,
9.22048,
9.22149,
9.22249,
9.22348,
9.22448,
9.22549,
9.22648,
9.22749,
9.22848,
9.22949,
9.23049,
9.23149,
9.23249,
9.2335,
9.23449,
9.23549,
9.23649,
9.23749,
9.23848,
9.23948,
9.24048,
9.24149,
9.24248,
9.24348,
9.24449,
9.24549,
9.24649,
9.24748,
9.24849,
9.24949,
9.25049,
9.25148,
9.25249,
9.2535,
9.2545,
9.2555,
9.2565,
9.2575,
9.25849,
9.25949,
9.26049,
9.26149,
9.26249,
9.26349,
9.26449,
9.26551,
9.2665,
9.2675,
9.26849,
9.2695,
9.2705,
9.2715,
9.2725,
9.2735,
9.2745,
9.27545,
9.2765,
9.2775,
9.2785,
9.2795,
9.2805,
9.2815,
9.28251,
9.2835,
9.2845,
9.2855,
9.2865,
9.2875,
9.2885,
9.2895,
9.2905,
9.2915,
9.29249,
9.2935,
9.2945,
9.29549,
9.29649,
9.29751,
9.2985,
9.2995,
9.3005,
9.3015,
9.3025,
9.3035,
9.3045,
9.3055,
9.30651,
9.3075,
9.3085,
9.3095,
9.3105,
9.3115,
9.3125,
9.31351,
9.31451,
9.3155,
9.3165,
9.3175,
9.3185,
9.3195,
9.32051,
9.3215,
9.32249,
9.32349,
9.32449,
9.32549,
9.32649,
9.32749,
9.32849,
9.32949,
9.33049,
9.33149,
9.3325,
9.3335,
9.3345,
9.33549,
9.33649,
9.33749,
9.33849,
9.3395,
9.3405,
9.3415,
9.34249,
9.34349,
9.34449,
9.3455,
9.3465,
9.34749,
9.34849,
9.3495,
9.3505,
9.3515,
9.3525,
9.3535,
9.3545,
9.3555,
9.3565,
9.3575,
9.3585,
9.3595,
9.36049,
9.3615,
9.36249,
9.3635,
9.3645,
9.3655,
9.36649,
9.36749,
9.36849,
9.3695,
9.3705,
9.3715,
9.37249,
9.3735,
9.3745,
9.37549,
9.3765,
9.3775,
9.3785,
9.3795,
9.38049,
9.3815,
9.3825,
9.38349,
9.3845,
9.3855,
9.38649,
9.38749,
9.38849,
9.3895,
9.39049,
9.3915,
9.39249,
9.3935,
9.39449,
9.39549,
9.3965,
9.3975,
9.39849,
9.39949,
9.40049,
9.40149,
9.40249,
9.40349,
9.40449,
9.40549,
9.40649,
9.4075,
9.4085,
9.4095,
9.41049,
9.4115,
9.41249,
9.4135,
9.4145,
9.41549,
9.41649,
9.4175,
9.4185,
9.4195,
9.4205,
9.4215,
9.42249,
9.42349,
9.42449,
9.4255,
9.4265,
9.4275,
9.42849,
9.4295,
9.4305,
9.43149,
9.4325,
9.4335,
9.4345,
9.43549,
9.43649,
9.4375,
9.4385,
9.43949,
9.44049,
9.4415,
9.44249,
9.4435,
9.44449,
9.4455,
9.4465,
9.4475,
9.44851,
9.44952,
9.45052,
9.45153,
9.45253,
9.45355,
9.45455,
9.45555,
9.45656,
9.45758,
9.45866,
9.45967,
9.46062,
9.4616,
9.46262,
9.46364,
9.46464,
9.46566,
9.46666,
9.46765,
9.46867,
9.46972,
9.47069,
9.47168,
9.47281,
9.4738,
9.47476,
9.47573,
9.47673,
9.47778,
9.47876,
9.47977,
9.48077,
9.48176,
9.48272,
9.48373,
9.48471,
9.48572,
9.48672,
9.48771,
9.48875,
9.48974,
9.49071,
9.4917,
9.49271,
9.49371,
9.49471,
9.49573,
9.49671,
9.49772,
9.49871,
9.49973,
9.50075,
9.50173,
9.50269,
9.5037,
9.5047,
9.50572,
9.50671,
9.50774,
9.50871,
9.50972,
9.51071,
9.51172,
9.51272,
9.51372,
9.51471,
9.5157,
9.51671,
9.51771,
9.51872,
9.51971,
9.52072,
9.52166,
9.52272,
9.52368,
9.52472,
9.52579,
9.52671,
9.5277,
9.5287,
9.52971,
9.53072,
9.53171,
9.5327,
9.5337,
9.53469,
9.53569,
9.5367,
9.5377,
9.53874,
9.53971,
9.54069,
9.54169,
9.54268,
9.54367,
9.54469,
9.54569,
9.54671,
9.54768,
9.54868,
9.54968,
9.55067,
9.55167,
9.55267,
9.55372,
9.55479,
9.55569,
9.55674,
9.55774,
9.55871,
9.55972,
9.5607,
9.56172,
9.56273,
9.56371,
9.5647,
9.56568,
9.56675,
9.56773,
9.56873,
9.56974,
9.57074,
9.57174,
9.57305,
9.57373,
9.5747,
9.57565,
9.57667,
9.57773,
9.57871,
9.57969,
9.58069,
9.58172,
9.58268,
9.58369,
9.5848,
9.58565,
9.58668,
9.58767,
9.58868,
9.58965,
9.59066,
9.59164,
9.59264,
9.59363,
9.59463,
9.59562,
9.59666,
9.59766,
9.59865,
9.59966,
9.60063,
9.60166,
9.60266,
9.60372,
9.60465,
9.60567,
9.60677,
9.60772,
9.6087,
9.60975,
9.61071,
9.61166,
9.61265,
9.61366,
9.61468,
9.61565,
9.61665,
9.61766,
9.61865,
9.61965,
9.62065,
9.62166,
9.62265,
9.62364,
9.6246,
9.6256,
9.62657,
9.62773,
9.62868,
9.62967,
9.63068,
9.63169,
9.63266,
9.63364,
9.63458,
9.63557,
9.63657,
9.63757,
9.63857,
9.63957,
9.64061,
9.64162,
9.64267,
9.64367,
9.64471,
9.64566,
9.64673,
9.64767,
9.64864,
9.64965,
9.65063,
9.65162,
9.65262,
9.65365,
9.65464,
9.65564,
9.65664,
9.65765,
9.65864,
9.65964,
9.66068,
9.66168,
9.6627,
9.66368,
9.66463,
9.6656,
9.66659,
9.66758,
9.66859,
9.66958,
9.67057,
9.67158,
9.6726,
9.67358,
9.67457,
9.67558,
9.67659,
9.67758,
9.67858,
9.67959,
9.68072,
9.68173,
9.68266,
9.68362,
9.68457,
9.68557,
9.68657,
9.68757,
9.68857,
9.68958,
9.69057,
9.69157,
9.69257,
9.69357,
9.69457,
9.69557,
9.69666,
9.6976,
9.6986,
9.6996,
9.70061,
9.7016,
9.70259,
9.70361,
9.70463,
9.70566,
9.70666,
9.7077,
9.70869,
9.70974,
9.71071,
9.71169,
9.71268,
9.71368,
9.71468,
9.71569,
9.71666,
9.71766,
9.71864,
9.71973,
9.7207,
9.72165,
9.72265,
9.72365,
9.72465,
9.72566,
9.72668,
9.72761,
9.72869,
9.7297,
9.73068,
9.73164,
9.73266,
9.73365,
9.73465,
9.73564,
9.73664,
9.73765,
9.73864,
9.73964,
9.74061,
9.74172,
9.74271,
9.74372,
9.74465,
9.74563,
9.74667,
9.74776,
9.74858,
9.74961,
9.75066,
9.7516,
9.7526,
9.75361,
9.7546,
9.7556,
9.7566,
9.75758,
9.75858,
9.75957,
9.76057,
9.7616,
9.76257,
9.76357,
9.76457,
9.76566,
9.7666,
9.76759,
9.76857,
9.7696,
9.77058,
9.77163,
9.77261,
9.77361,
9.7746,
9.7756,
9.77659,
9.7776,
9.7786,
9.7796,
9.78059,
9.78161,
9.7826,
9.7836,
9.7846,
9.78559,
9.78667,
9.78765,
9.78864,
9.78959,
9.79057,
9.79161,
9.79269,
9.79367,
9.79467,
9.79566,
9.79668,
9.79764,
9.7986,
9.79959,
9.8006,
9.80173,
9.8027,
9.80367,
9.80477,
9.80574,
9.80672,
9.80766,
9.80871,
9.8097,
9.81071,
9.81167,
9.81265,
9.81365,
9.81464,
9.81564,
9.81668,
9.81768,
9.81865,
9.81964,
9.82067,
9.82165,
9.82266,
9.82366,
9.82469,
9.82567,
9.82665,
9.82763,
9.82865,
9.82969,
9.83065,
9.83166,
9.83265,
9.83366,
9.83466,
9.83564,
9.83666,
9.83767,
9.83864,
9.83966,
9.84064,
9.84164,
9.84264,
9.84364,
9.84464,
9.84567,
9.84663,
9.84762,
9.84865,
9.84964,
9.85064,
9.85161,
9.85261,
9.8536,
9.85461,
9.85561,
9.8566,
9.85761,
9.85861,
9.85961,
9.86061,
9.8616,
9.86261,
9.86362,
9.8647,
9.86563,
9.86661,
9.86762,
9.8686,
9.86962,
9.8706,
9.87161,
9.87259,
9.8736,
9.87459,
9.87561,
9.87662,
9.87759,
9.8786,
9.8796,
9.88061,
9.88161,
9.8826,
9.88363,
9.8846,
9.88559,
9.88659,
9.88758,
9.88863,
9.88962,
9.8906,
9.89158,
9.89258,
9.89359,
9.89482,
9.8956,
9.89664,
9.89764,
9.8986,
9.8996,
9.90061,
9.9016,
9.9026,
9.9036,
9.90461,
9.9056,
9.90662,
9.90759,
9.90858,
9.90958,
9.91058,
9.91157,
9.91257,
9.91358,
9.91458,
9.91558,
9.91657,
9.91759,
9.91856,
9.91956,
9.92057,
9.92157,
9.92257,
9.92356,
9.92455,
9.92555,
9.92655,
9.92756,
9.92855,
9.92956,
9.93055,
9.93154,
9.93254,
9.93354,
9.93454,
9.93554,
9.93653,
9.93755,
9.93854,
9.93954,
9.94053,
9.94153,
9.94252,
9.94352,
9.94452,
9.94552,
9.94653,
9.94753,
9.94853,
9.94952,
9.95051,
9.95151,
9.95252,
9.95351,
9.95452,
9.95551,
9.95651,
9.95751,
9.95851,
9.9595,
9.96049,
9.96149,
9.96249,
9.96349,
9.96449,
9.96549,
9.96648,
9.96748,
9.96848,
9.96948,
9.97049,
9.97148,
9.97249,
9.97348,
9.97448,
9.97549,
9.97649,
9.97748,
9.97849,
9.9795,
9.98049,
9.98149,
9.98249,
9.98349,
9.98449,
9.9855,
9.9865,
9.98749,
9.98849,
9.9895,
9.9905,
9.99149,
9.99249,
9.99349,
9.9945,
9.99549,
9.99649,
9.99749,
9.99849,
9.99949,
10.0005,
10.0015,
10.0025,
10.0035,
10.0045,
10.0055,
10.0065,
10.0075,
10.0085,
10.0095,
10.0105,
10.0115,
10.0125,
10.0135,
10.0145,
10.0155,
10.0165,
10.0175,
10.0185,
10.0195,
10.0205,
10.0215,
10.0225,
10.0235,
10.0245,
10.0255,
10.0265,
10.0275,
10.0285,
10.0295,
10.0305,
10.0315,
10.0325,
10.0335,
10.0345,
10.0355,
10.0365,
10.0375,
10.0385,
10.0395,
10.0405,
10.0415,
10.0425,
10.0435,
10.0445,
10.0455,
10.0465,
10.0475,
10.0485,
10.0495,
10.0505,
10.0515,
10.0525,
10.0535,
10.0545,
10.0555,
10.0565,
10.0575,
10.0585,
10.0595,
10.0605,
10.0615,
10.0625,
10.0635,
10.0645,
10.0655,
10.0665,
10.0675,
10.0685,
10.0695,
10.0705,
10.0715,
10.0725,
10.0735,
10.0745,
10.0755,
10.0765,
10.0775,
10.0785,
10.0795,
10.0805,
10.0815,
10.0825,
10.0835,
10.0845,
10.0855,
10.0865,
10.0875,
10.0885,
10.0895,
10.0905,
10.0915,
10.0925,
10.0935,
10.0945,
10.0955,
10.0965,
10.0975,
10.0985,
10.0995,
10.1005,
10.1015,
10.1025,
10.1035,
10.1045,
10.1055,
10.1065,
10.1075,
10.1085,
10.1095,
10.1105,
10.1115,
10.1125,
10.1135,
10.1145,
10.1155,
10.1165,
10.1175,
10.1185,
10.1195,
10.1205,
10.1215,
10.1225,
10.1235,
10.1245,
10.1255,
10.1265,
10.1275,
10.1285,
10.1295,
10.1305,
10.1315,
10.1325,
10.1335,
10.1345,
10.1355,
10.1365,
10.1375,
10.1385,
10.1395,
10.1405,
10.1415,
10.1425,
10.1435,
10.1445,
10.1455,
10.1465,
10.1475,
10.1485,
10.1495,
10.1505,
10.1515,
10.1525,
10.1535,
10.1545,
10.1555,
10.1565,
10.1575,
10.1585,
10.1595,
10.1605,
10.1615,
10.1625,
10.1635,
10.1645,
10.1655,
10.1665,
10.1675,
10.1685,
10.1695,
10.1705,
10.1715,
10.1725,
10.1735,
10.1745,
10.1755,
10.1765,
10.1775,
10.1785,
10.1795,
10.1805,
10.1815,
10.1825,
10.1835,
10.1845,
10.1855,
10.1865,
10.1875,
10.1885,
10.1895,
10.1905,
10.1915,
10.1925,
10.1935,
10.1945,
10.1955,
10.1965,
10.1975,
10.1985,
10.1995,
10.2005,
10.2015,
10.2025,
10.2035,
10.2045,
10.2055,
10.2065,
10.2075,
10.2085,
10.2095,
10.2105,
10.2115,
10.2125,
10.2135,
10.2145,
10.2155,
10.2165,
10.2175,
10.2185,
10.2195,
10.2205,
10.2215,
10.2225,
10.2235,
10.2245,
10.2255,
10.2265,
10.2275,
10.2285,
10.2295,
10.2305,
10.2315,
10.2325,
10.2335,
10.2345,
10.2355,
10.2365,
10.2375,
10.2385,
10.2395,
10.2405,
10.2415,
10.2425,
10.2435,
10.2445,
10.2455,
10.2465,
10.2475,
10.2485,
10.2495,
10.2505,
10.2515,
10.2525,
10.2535,
10.2545,
10.2555,
10.2565,
10.2575,
10.2585,
10.2595,
10.2605,
10.2615,
10.2625,
10.2635,
10.2645,
10.2655,
10.2665,
10.2675,
10.2685,
10.2695,
10.2705,
10.2715,
10.2725,
10.2735,
10.2745,
10.2755,
10.2765,
10.2775,
10.2785,
10.2795,
10.2805,
10.2815,
10.2825,
10.2835,
10.2845,
10.2855,
10.2865,
10.2875,
10.2885,
10.2895,
10.2905,
10.2915,
10.2925,
10.2935,
10.2945,
10.2955,
10.2965,
10.2975,
10.2985,
10.2995,
10.3005,
10.3015,
10.3025,
10.3035,
10.3045,
10.3055,
10.3065,
10.3075,
10.3085,
10.3095,
10.3105,
10.3115,
10.3125,
10.3135,
10.3145,
10.3155,
10.3165,
10.3175,
10.3185,
10.3195,
10.3205,
10.3215,
10.3225,
10.3235,
10.3245,
10.3255,
10.3265,
10.3275,
10.3285,
10.3295,
10.3305,
10.3315,
10.3325,
10.3335,
10.3345,
10.3355,
10.3365,
10.3375,
10.3385,
10.3395,
10.3405,
10.3415,
10.3425,
10.3435,
10.3445,
10.3455,
10.3465,
10.3475,
10.3485,
10.3495,
10.3505,
10.3515,
10.3525,
10.3535,
10.3545,
10.3555,
10.3565,
10.3575,
10.3585,
10.3595,
10.3605,
10.3615,
10.3625,
10.3635,
10.3645,
10.3655,
10.3665,
10.3675,
10.3685,
10.3695,
10.3705,
10.3715,
10.3725,
10.3735,
10.3745,
10.3755,
10.3765,
10.3775,
10.3785,
10.3795,
10.3805,
10.3815,
10.3825,
10.3835,
10.3845,
10.3856,
10.3866,
10.3876,
10.3886,
10.3897,
10.3907,
10.3917,
10.3927,
10.3937,
10.3947,
10.3957,
10.3967,
10.3977,
10.3987,
10.3997,
10.4007,
10.4017,
10.4027,
10.4037,
10.4047,
10.4056,
10.4067,
10.4077,
10.4087,
10.4097,
10.4106,
10.4116,
10.4127,
10.4137,
10.4146,
10.4157,
10.4167,
10.4177,
10.4187,
10.4197,
10.4207,
10.4217,
10.4227,
10.4237,
10.4247,
10.4257,
10.4267,
10.4277,
10.4287,
10.4297,
10.4307,
10.4317,
10.4327,
10.4337,
10.4347,
10.4357,
10.4367,
10.4377,
10.4386,
10.4397,
10.4407,
10.4417,
10.4427,
10.4437,
10.4447,
10.4456,
10.4466,
10.4477,
10.4487,
10.4497,
10.4507,
10.4517,
10.4526,
10.4537,
10.4546,
10.4556,
10.4567,
10.4576,
10.4586,
10.4596,
10.4607,
10.4617,
10.4626,
10.4637,
10.4647,
10.4657,
10.4667,
10.4678,
10.4687,
10.4697,
10.4706,
10.4717,
10.4727,
10.4736,
10.4746,
10.4756,
10.4766,
10.4776,
10.4786,
10.4796,
10.4807,
10.4816,
10.4827,
10.4837,
10.4847,
10.4857,
10.4866,
10.4877,
10.4887,
10.4897,
10.4907,
10.4916,
10.4927,
10.4936,
10.4946,
10.4957,
10.4967,
10.4977,
10.4987,
10.4997,
10.5007,
10.5017,
10.5027,
10.5036,
10.5046,
10.5056,
10.5066,
10.5077,
10.5087,
10.5096,
10.5107,
10.5159,
10.522,
10.5252,
10.5289,
10.5305,
10.5307,
10.5321,
10.5326,
10.5339,
10.5345,
10.5356,
10.5365,
10.5376,
10.5385,
10.5395,
10.5405,
10.5417,
10.5425,
10.544,
10.5446,
10.5464,
10.5466,
10.5485,
10.5487,
10.5505,
10.5507,
10.552,
10.5526,
10.5539,
10.5545,
10.5561,
10.5566,
10.5582,
10.5606,
10.5618,
10.5636,
10.5646,
10.5655,
10.5665,
10.5675,
10.5687,
10.5695,
10.5708,
10.5715,
10.5725,
10.5743,
10.5746,
10.5761,
10.5765,
10.5781,
10.5785,
10.5799,
10.5805,
10.5825,
10.5826,
10.5845,
10.5859,
10.5865,
10.5878,
10.5885,
10.5897,
10.5905,
10.5916,
10.5925,
10.5938,
10.5945,
10.5959,
10.5965,
10.5982,
10.5986,
10.6002,
10.6027,
10.6044,
10.6062,
10.6077,
10.6098,
10.611,
10.6115,
10.6125,
10.6135,
10.6145,
10.6155,
10.6165,
10.6182,
10.6185,
10.6204,
10.6205,
10.6224,
10.6225,
10.6245,
10.6245,
10.6259,
10.6265,
10.6275,
10.6285,
10.6297,
10.6305,
10.632,
10.6326,
10.6343,
10.6346,
10.6364,
10.6366,
10.6385,
10.6403,
10.6405,
10.6423,
10.6439,
10.6454,
10.6455,
10.647,
10.6475,
10.649,
10.6495,
10.6509,
10.6515,
10.6529,
10.6535,
10.6546,
10.6555,
10.6565,
10.6575,
10.6585,
10.6595,
10.6605,
10.6617,
10.6625,
10.6637,
10.6645,
10.6659,
10.6665,
10.6678,
10.6685,
10.6697,
10.6705,
10.6717,
10.6725,
10.6736,
10.6745,
10.6756,
10.6765,
10.6776,
10.6785,
10.6795,
10.6805,
10.6815,
10.6825,
10.6835,
10.6845,
10.6857,
10.6865,
10.6877,
10.6885,
10.6897,
10.6905,
10.6915,
10.6926,
10.6935,
10.6946,
10.6955,
10.6966,
10.6975,
10.6987,
10.6995,
10.7008,
10.7015,
10.7028,
10.7035,
10.7048,
10.7055,
10.7065,
10.7079,
10.7085,
10.7099,
10.7105,
10.712,
10.7125,
10.7141,
10.7146,
10.7161,
10.7165,
10.7182,
10.7186,
10.7202,
10.7206,
10.7223,
10.7226,
10.7245,
10.7246,
10.7262,
10.7266,
10.7281,
10.7286,
10.7302,
10.7306,
10.7323,
10.7326,
10.7343,
10.7346,
10.7361,
10.7366,
10.7387,
10.7401,
10.7405,
10.7422,
10.7426,
10.7445,
10.7471,
10.7485,
10.7503,
10.7513,
10.7515,
10.7525,
10.7535,
10.7545,
10.7555,
10.7565,
10.7575,
10.7587,
10.7595,
10.7605,
10.7622,
10.7626,
10.7644,
10.7646,
10.7681,
10.7705,
10.7729,
10.7751,
10.7767,
10.7782,
10.7785,
10.7798,
10.7805,
10.7815,
10.7825,
10.7835,
10.7845,
10.7855,
10.7865,
10.7875,
10.7885,
10.7895,
10.7905,
10.7915,
10.7927,
10.7936,
10.795,
10.7956,
10.7971,
10.7976,
10.7993,
10.7996,
10.8014,
10.8016,
10.8032,
10.8035,
10.8049,
10.8055,
10.8065,
10.8079,
10.8086,
10.8101,
10.8106,
10.8122,
10.8126,
10.8142,
10.8146,
10.8165,
10.8166,
10.8182,
10.8186,
10.8201,
10.8205,
10.822,
10.8226,
10.8239,
10.8245,
10.826,
10.8265,
10.8278,
10.8285,
10.8296,
10.8305,
10.8315,
10.8325,
10.8335,
10.8345,
10.8356,
10.8367,
10.8375,
10.8387,
10.8395,
10.8408,
10.8415,
10.8429,
10.8435,
10.8449,
10.8455,
10.8469,
10.8475,
10.8489,
10.8495,
10.8505,
10.8518,
10.8525,
10.8537,
10.8545,
10.8557,
10.8565,
10.8577,
10.8585,
10.8595,
10.8605,
10.862,
10.8625,
10.864,
10.8645,
10.8659,
10.8665,
10.8678,
10.8685,
10.8698,
10.8705,
10.8717,
10.8725,
10.8737,
10.8745,
10.8757,
10.8765,
10.8775,
10.8785,
10.8795,
10.8805,
10.8815,
10.8825,
10.8835,
10.8845,
10.8854,
10.8865,
10.8875,
10.8885,
10.8895,
10.8905,
10.8915,
10.8925,
10.8938,
10.8945,
10.8959,
10.8965,
10.8983,
10.8985,
10.9005,
10.9006,
10.9023,
10.9025,
10.9039,
10.9045,
10.9058,
10.9065,
10.9078,
10.9085,
10.9097,
10.9105,
10.9116,
10.9125,
10.9137,
10.9145,
10.9155,
10.9165,
10.9175,
10.9185,
10.9195,
10.9205,
10.9215,
10.9226,
10.9235,
10.9247,
10.9256,
10.927,
10.9275,
10.929,
10.9295,
10.9309,
10.9315,
10.9328,
10.9335,
10.9345,
10.9357,
10.9365,
10.9379,
10.9385,
10.94,
10.9406,
10.9422,
10.9426,
10.9442,
10.9446,
10.9465,
10.9466,
10.9482,
10.9486,
10.9499,
10.9505,
10.9517,
10.9525,
10.9538,
10.9545,
10.9557,
10.9566,
10.958,
10.9586,
10.9603,
10.9606,
10.9622,
10.9626,
10.964,
10.9646,
10.9662,
10.9676,
10.9696,
10.9708,
10.9715,
10.9727,
10.9735,
10.9745,
10.9755,
10.9766,
10.9775,
10.9785,
10.9795,
10.9805,
10.9815,
10.9825,
10.9835,
10.9845,
10.9855,
10.9865,
10.9875,
10.9885,
10.9895,
10.9905,
10.9915,
10.9925,
10.9935,
10.9945,
10.9955,
10.9965,
10.9975,
10.9985,
10.9995,
11.0005,
11.0015,
11.0025,
11.0035,
11.0045,
11.0055,
11.0065,
11.0075,
11.0085,
11.0095,
11.0105,
11.0115,
11.0125,
11.0135,
11.0149,
11.0155,
11.0165,
11.0175,
11.0189,
11.0195,
11.0209,
11.0215,
11.0229,
11.0235,
11.0249,
11.0255,
11.0269,
11.0275,
11.0289,
11.0295,
11.0305,
11.0315,
11.0325,
11.0335,
11.0345,
11.0355,
11.0365,
11.0375,
11.0385,
11.0395,
11.0405,
11.0415,
11.0425,
11.0435,
11.0445,
11.0455,
11.0465,
11.0475,
11.0485,
11.0495,
11.0505,
11.0515,
11.0525,
11.0535,
11.0545,
11.0555,
11.0565,
11.0575,
11.0585,
11.0595,
11.0609,
11.0615,
11.0629,
11.0635,
11.0649,
11.0655,
11.0669,
11.0675,
11.0689,
11.0695,
11.0709,
11.0715,
11.0729,
11.0735,
11.0745,
11.0755,
11.0765,
11.0775,
11.0785,
11.0795,
11.0805,
11.0819,
11.0825,
11.0835,
11.0845,
11.0859,
11.0865,
11.0879,
11.0885,
11.0899,
11.0905,
11.0919,
11.0925,
11.0937,
11.0945,
11.0955,
11.0965,
11.0975,
11.0985,
11.0995,
11.1005,
11.1015,
11.1029,
11.1035,
11.1049,
11.1055,
11.1069,
11.1075,
11.1089,
11.1095,
11.1109,
11.1115,
11.1129,
11.1135,
11.1149,
11.1155,
11.1168,
11.1175,
11.1185,
11.1195,
11.1205,
11.1215,
11.1225,
11.1235,
11.1245,
11.1255,
11.1265,
11.1275,
11.1285,
11.1295,
11.1305,
11.1315,
11.1325,
11.1335,
11.1345,
11.1355,
11.1365,
11.1375,
11.1385,
11.1399,
11.1405,
11.1417,
11.1425,
11.1435,
11.1449,
11.1455,
11.1469,
11.1475,
11.1485,
11.1495,
11.1505,
11.1515,
11.1525,
11.1535,
11.155,
11.1555,
11.1569,
11.1575,
11.1589,
11.1595,
11.1605,
11.1619,
11.1625,
11.1639,
11.1645,
11.1659,
11.1665,
11.1679,
11.1685,
11.1698,
11.1705,
11.1719,
11.1725,
11.1737,
11.1745,
11.1758,
11.1765,
11.178,
11.1785,
11.1798,
11.1805,
11.1819,
11.1825,
11.1837,
11.1845,
11.1859,
11.1865,
11.1877,
11.1885,
11.1899,
11.1913,
11.1915,
11.1929,
11.1935,
11.1949,
11.1955,
11.1969,
11.1975,
11.1989,
11.1995,
11.2009,
11.2015,
11.2029,
11.2035,
11.2045,
11.2059,
11.2065,
11.2079,
11.2085,
11.2099,
11.2105,
11.2119,
11.2125,
11.2138,
11.2145,
11.2155,
11.2165,
11.2175,
11.2185,
11.2195,
11.2205,
11.2215,
11.2225,
11.2235,
11.2245,
11.2255,
11.2265,
11.2275,
11.2285,
11.2295,
11.2305,
11.2315,
11.2325,
11.2335,
11.2345,
11.2355,
11.2365,
11.2375,
11.2385,
11.2395,
11.2405,
11.2415,
11.2425,
11.2435,
11.2449,
11.2455,
11.2465,
11.2475,
11.2485,
11.2495,
11.2505,
11.2515,
11.2525,
11.2535,
11.2545,
11.2555,
11.2565,
11.2575,
11.2585,
11.2595,
11.2605,
11.2615,
11.2625,
11.2635,
11.2645,
11.2655,
11.2665,
11.2675,
11.2685,
11.2695,
11.2709,
11.2715,
11.2729,
11.2735,
11.2749,
11.2755,
11.2769,
11.2775,
11.2789,
11.2795,
11.2809,
11.2815,
11.2829,
11.2835,
11.2849,
11.2855,
11.2865,
11.2875,
11.2885,
11.2895,
11.2905,
11.2915,
11.2925,
11.2935,
11.2945,
11.2955,
11.2965,
11.2977,
11.2985,
11.2999,
11.3005,
11.302,
11.3025,
11.3042,
11.3045,
11.3061,
11.3065,
11.3079,
11.3085,
11.3098,
11.3105,
11.3116,
11.3125,
11.3136,
11.3145,
11.3155,
11.317,
11.3175,
11.319,
11.3195,
11.3211,
11.3215,
11.3233,
11.3235,
11.3252,
11.3255,
11.327,
11.3275,
11.3288,
11.3295,
11.3305,
11.3315,
11.3325,
11.3335,
11.3345,
11.3356,
11.3365,
11.3377,
11.3385,
11.3397,
11.3405,
11.3418,
11.3425,
11.3439,
11.3445,
11.3461,
11.3465,
11.3482,
11.3485,
11.3503,
11.3505,
11.3525,
11.3526,
11.3543,
11.3545,
11.356,
11.3565,
11.3578,
11.3585,
11.3596,
11.3608,
11.3615,
11.3626,
11.3635,
11.3649,
11.3655,
11.367,
11.3675,
11.3691,
11.3695,
11.3712,
11.3715,
11.3733,
11.3735,
11.3753,
11.3755,
11.3765,
11.3784,
11.3785,
11.3802,
11.3805,
11.3819,
11.3825,
11.3838,
11.3845,
11.3857,
11.3865,
11.3876,
11.3885,
11.3895,
11.3905,
11.3915,
11.3925,
11.3935,
11.3945,
11.3958,
11.3965,
11.3981,
11.3985,
11.4001,
11.4005,
11.4026,
11.4043,
11.4045,
11.4059,
11.4065,
11.4076,
11.4088,
11.4095,
11.4105,
11.4115,
11.4129,
11.4135,
11.4151,
11.4155,
11.417,
11.4175,
11.419,
11.4195,
11.4212,
11.4215,
11.4233,
11.4235,
11.4252,
11.4256,
11.4278,
11.4286,
11.4306,
11.4307,
11.433,
11.4347,
11.4362,
11.4365,
11.4381,
11.4385,
11.44,
11.4405,
11.4418,
11.4425,
11.4437,
11.4445,
11.4457,
11.4465,
11.4476,
11.4485,
11.4495,
11.4505,
11.4515,
11.4525,
11.4537,
11.4545,
11.4555,
11.4565,
11.4575,
11.4585,
11.4595,
11.4605,
11.4615,
11.4626,
11.4635,
11.4648,
11.4655,
11.467,
11.4675,
11.4692,
11.4695,
11.4712,
11.4715,
11.4732,
11.4736,
11.4751,
11.4755,
11.4769,
11.4775,
11.4785,
11.4802,
11.4806,
11.482,
11.4825,
11.4842,
11.4846,
11.4863,
11.4865,
11.4883,
11.4885,
11.4902,
11.4905,
11.4919,
11.4925,
11.4938,
11.4945,
11.4956,
11.4966,
11.4977,
11.4985,
11.4996,
11.5005,
11.5016,
11.5025,
11.5036,
11.5045,
11.5056,
11.5066,
11.5075,
11.5086,
11.5095,
11.5107,
11.5115,
11.513,
11.5136,
11.5157,
11.5191,
11.5216,
11.5238,
11.5265,
11.5286,
11.5306,
11.5323,
11.5325,
11.534,
11.5345,
11.5368,
11.5389,
11.5407,
11.5423,
11.5425,
11.5441,
11.5445,
11.5458,
11.5465,
11.5477,
11.5485,
11.5498,
11.5518,
11.5529,
11.5535,
11.5552,
11.5555,
11.5573,
11.5575,
11.5593,
11.5595,
11.5613,
11.5615,
11.5631,
11.5635,
11.5645,
11.5655,
11.5665,
11.5677,
11.5685,
11.5698,
11.5705,
11.5718,
11.5725,
11.5738,
11.5745,
11.5759,
11.5765,
11.5777,
11.5785,
11.5797,
11.5805,
11.5817,
11.5825,
11.5837,
11.5845,
11.5856,
11.5865,
11.5876,
11.5885,
11.5895,
11.5905,
11.5915,
11.5925,
11.5935,
11.5946,
11.5955,
11.5966,
11.5975,
11.5986,
11.5995,
11.6005,
11.6015,
11.6025,
11.6035,
11.6045,
11.6055,
11.6065,
11.6077,
11.6085,
11.6097,
11.6105,
11.6117,
11.6125,
11.6137,
11.6145,
11.6157,
11.6165,
11.6177,
11.6185,
11.6197,
11.6205,
11.6216,
11.6225,
11.6235,
11.6245,
11.6255,
11.6265,
11.6275,
11.6285,
11.6295,
11.6305,
11.6315,
11.6325,
11.6335,
11.6345,
11.6355,
11.6365,
11.6375,
11.6385,
11.6395,
11.6405,
11.6415,
11.6425,
11.6435,
11.6447,
11.6455,
11.6467,
11.6475,
11.6485,
11.6495,
11.6505,
11.6515,
11.6525,
11.6535,
11.6545,
11.6555,
11.6565,
11.6575,
11.6585,
11.6595,
11.6605,
11.6615,
11.6625,
11.6635,
11.6645,
11.6655,
11.6665,
11.6675,
11.6685,
11.6695,
11.6705,
11.6715,
11.6725,
11.6735,
11.6745,
11.6755,
11.6765,
11.6775,
11.6785,
11.6795,
11.6806,
11.6815,
11.6828,
11.6835,
11.685,
11.6855,
11.6871,
11.6875,
11.689,
11.6895,
11.6905,
11.6926,
11.6941,
11.6945,
11.6957,
11.6965,
11.6975,
11.6985,
11.6995,
11.7005,
11.7015,
11.7025,
11.7035,
11.7045,
11.7055,
11.7065,
11.7075,
11.7085,
11.7095,
11.7105,
11.7115,
11.7125,
11.7135,
11.7145,
11.7155,
11.7165,
11.7175,
11.7185,
11.7195,
11.721,
11.7215,
11.723,
11.7235,
11.7252,
11.7255,
11.7269,
11.7275,
11.7291,
11.7295,
11.7309,
11.7315,
11.7329,
11.7335,
11.735,
11.7355,
11.7365,
11.7375,
11.7385,
11.7395,
11.7405,
11.7415,
11.7425,
11.7435,
11.7445,
11.7457,
11.7465,
11.7475,
11.7485,
11.7495,
11.7505,
11.7515,
11.7525,
11.7536,
11.7545,
11.7557,
11.7565,
11.7575,
11.7585,
11.7595,
11.7605,
11.7624,
11.7625,
11.7638,
11.7645,
11.7659,
11.7665,
11.768,
11.7703,
11.7719,
11.7734,
11.7736,
11.775,
11.7755,
11.777,
11.7775,
11.779,
11.7795,
11.7809,
11.7815,
11.7828,
11.7835,
11.7846,
11.7855,
11.7865,
11.7876,
11.7885,
11.7898,
11.7905,
11.792,
11.7925,
11.794,
11.7945,
11.7959,
11.7965,
11.7981,
11.7985,
11.7997,
11.8005,
11.8016,
11.8025,
11.8036,
11.8045,
11.8056,
11.8065,
11.8075,
11.8085,
11.8095,
11.8105,
11.8115,
11.8125,
11.814,
11.8145,
11.8163,
11.8179,
11.8196,
11.8207,
11.8215,
11.8226,
11.8235,
11.8245,
11.8255,
11.8271,
11.8275,
11.829,
11.8295,
11.831,
11.8315,
11.8325,
11.8337,
11.8345,
11.8355,
11.8365,
11.8375,
11.8385,
11.8395,
11.8405,
11.8415,
11.8425,
11.8435,
11.8445,
11.8455,
11.8465,
11.8475,
11.8485,
11.8495,
11.8505,
11.8515,
11.8525,
11.8535,
11.8545,
11.8555,
11.8565,
11.8575,
11.8585,
11.8595,
11.8605,
11.8615,
11.8625,
11.8635,
11.8645,
11.8655,
11.8665,
11.8675,
11.8685,
11.8695,
11.8705,
11.8715,
11.8725,
11.8735,
11.8745,
11.8755,
11.8765,
11.8775,
11.8785,
11.8795,
11.8805,
11.8815,
11.8825,
11.8835,
11.8845,
11.8855,
11.8865,
11.8875,
11.8885,
11.8895,
11.8905,
11.8915,
11.8925,
11.8935,
11.8945,
11.8955,
11.8965,
11.8977,
11.8985,
11.8995,
11.901,
11.9015,
11.9027,
11.9035,
11.9048,
11.9055,
11.9067,
11.9075,
11.9087,
11.9095,
11.9107,
11.9115,
11.9127,
11.9135,
11.9145,
11.9157,
11.9165,
11.9176,
11.9185,
11.9195,
11.9205,
11.9215,
11.9225,
11.9237,
11.9245,
11.9257,
11.9265,
11.9277,
11.9285,
11.9296,
11.9305,
11.9315,
11.9325,
11.9335,
11.9345,
11.9355,
11.9365,
11.9375,
11.9385,
11.9395,
11.9405,
11.9415,
11.9425,
11.9435,
11.9445,
11.9455,
11.9465,
11.9475,
11.9488,
11.9495,
11.9507,
11.9515,
11.9527,
11.9535,
11.9547,
11.9555,
11.9567,
11.9575,
11.9585,
11.9597,
11.9605,
11.9617,
11.9625,
11.9637,
11.9645,
11.9657,
11.9665,
11.9677,
11.9685,
11.9697,
11.9705,
11.9717,
11.9725,
11.9737,
11.9745,
11.9757,
11.9765,
11.9775,
11.9786,
11.9801,
11.9805,
11.9815,
11.9825,
11.9835,
11.9845,
11.9855,
11.9865,
11.9875,
11.9885,
11.9895,
11.9905,
11.9915,
11.9925,
11.9935,
11.9945,
11.9955,
11.9965,
11.9975,
11.9985,
11.9995,
12.0005,
12.0015,
12.0025,
12.0035,
12.0045,
12.0055,
12.0065,
12.0075,
12.0085,
12.0095,
12.0105,
12.0115,
12.0125,
12.0135,
12.0145,
12.0155,
12.0165,
12.0175,
12.0185,
12.0195,
12.0205,
12.0215,
12.0225,
12.0235,
12.0245,
12.0255,
12.0265,
12.0275,
12.0285,
12.0295,
12.0305,
12.0315,
12.0325,
12.0335,
12.0345,
12.0355,
12.0365,
12.0375,
12.0385,
12.0395,
12.0405,
12.0415,
12.0425,
12.0435,
12.0445,
12.0455,
12.0465,
12.0475,
12.0485,
12.0495,
12.0505,
12.0515,
12.0525,
12.0535,
12.0545,
12.0555,
12.0565,
12.0575,
12.0585,
12.0595,
12.0605,
12.0615,
12.0625,
12.0635,
12.0645,
12.0655,
12.0665,
12.0675,
12.0685,
12.0695,
12.0705,
12.0715,
12.0725,
12.0735,
12.0745,
12.0755,
12.0765,
12.0775,
12.0785,
12.0795,
12.0805,
12.0815,
12.0825,
12.0835,
12.0845,
12.0855,
12.0865,
12.0875,
12.0885,
12.0895,
12.0905,
12.0915,
12.0925,
12.0935,
12.0945,
12.0955,
12.0965,
12.0975,
12.0985,
12.0995,
12.1005,
12.1015,
12.1025,
12.1035,
12.1045,
12.1055,
12.1065,
12.1075,
12.1085,
12.1095,
12.1105,
12.1115,
12.1125,
12.1135,
12.1145,
12.1155,
12.1165,
12.1175,
12.1185,
12.1195,
12.1205,
12.1215,
12.1225,
12.1235,
12.1245,
12.1255,
12.1265,
12.1275,
12.1285,
12.1295,
12.1305,
12.1315,
12.1325,
12.1335,
12.1345,
12.1355,
12.1365,
12.1375,
12.1385,
12.1395,
12.1405,
12.1415,
12.1425,
12.1435,
12.1445,
12.1455,
12.1465,
12.1475,
12.1485,
12.1495,
12.1505,
12.1515,
12.1525,
12.1535,
12.1545,
12.1555,
12.1565,
12.1575,
12.1585,
12.1595,
12.1605,
12.1615,
12.1625,
12.1635,
12.1645,
12.1655,
12.1665,
12.1675,
12.1685,
12.1695,
12.1705,
12.1715,
12.1725,
12.1735,
12.1745,
12.1755,
12.1765,
12.1775,
12.1785,
12.1795,
12.1805,
12.1815,
12.1825,
12.1835,
12.1845,
12.1855,
12.1865,
12.1875,
12.1885,
12.1897,
12.1905,
12.1915,
12.1925,
12.1935,
12.1945,
12.1955,
12.1965,
12.1975,
12.1985,
12.1995,
12.2005,
12.2015,
12.2025,
12.2035,
12.2045,
12.2055,
12.2065,
12.2075,
12.2085,
12.2095,
12.2105,
12.2115,
12.2125,
12.2135,
12.2145,
12.2155,
12.2165,
12.2175,
12.2185,
12.2197,
12.2205,
12.2217,
12.2225,
12.2237,
12.2245,
12.2257,
12.2265,
12.2277,
12.2285,
12.2298,
12.2305,
12.2317,
12.2325,
12.234,
12.2345,
12.2361,
12.2365,
12.2381,
12.2385,
12.24,
12.2405,
12.2416,
12.2425,
12.2435,
12.2445,
12.2455,
12.2466,
12.2475,
12.2488,
12.2495,
12.2511,
12.2515,
12.2533,
12.2535,
12.2551,
12.2555,
12.2569,
12.2575,
12.2588,
12.2595,
12.2607,
12.2615,
12.2626,
12.2635,
12.2645,
12.2655,
12.2665,
12.2676,
12.2685,
12.2698,
12.2705,
12.2719,
12.2725,
12.2741,
12.2745,
12.2762,
12.2765,
12.2781,
12.2785,
12.2799,
12.2805,
12.2819,
12.2825,
12.2837,
12.2845,
12.2855,
12.2865,
12.2876,
12.2885,
12.2896,
12.2905,
12.2915,
12.2925,
12.2935,
12.2945,
12.2955,
12.2965,
12.2976,
12.2986,
12.2995,
12.3005,
12.3015,
12.3027,
12.3035,
12.305,
12.3055,
12.3071,
12.3075,
12.3098,
12.3115,
12.3116,
12.313,
12.3135,
12.3145,
12.3159,
12.3165,
12.3182,
12.3186,
12.3202,
12.3206,
12.3222,
12.3225,
12.3239,
12.3245,
12.3258,
12.3265,
12.3276,
12.3285,
12.3297,
12.3305,
12.3316,
12.3325,
12.3335,
12.3345,
12.3356,
12.3365,
12.3375,
12.3385,
12.3395,
12.3405,
12.3415,
12.3425,
12.3435,
12.3447,
12.3455,
12.3469,
12.3476,
12.3492,
12.3496,
12.3514,
12.3516,
12.3533,
12.3536,
12.3553,
12.3556,
12.3573,
12.3576,
12.3586,
12.3604,
12.3607,
12.3626,
12.3644,
12.3646,
12.3662,
12.3666,
12.3679,
12.3685,
12.3697,
12.3705,
12.3717,
12.3725,
12.3735,
12.3745,
12.3755,
12.3765,
12.3775,
12.3785,
12.3795,
12.3805,
12.3815,
12.3825,
12.3835,
12.3845,
12.3855,
12.387,
12.3875,
12.389,
12.3895,
12.3911,
12.3915,
12.3933,
12.3935,
12.3952,
12.3955,
12.3973,
12.3975,
12.3993,
12.3995,
12.401,
12.4015,
12.4025,
12.4035,
12.4045,
12.4055,
12.4065,
12.4076,
12.4085,
12.4096,
12.4105,
12.4116,
12.4125,
12.4135,
12.4145,
12.4155,
12.4165,
12.4175,
12.4185,
12.4196,
12.4205,
12.4216,
12.4225,
12.4235,
12.4245,
12.4259,
12.4265,
12.4277,
12.4289,
12.4295,
12.4307,
12.4315,
12.4328,
12.4335,
12.4345,
12.4355,
12.4365,
12.4375,
12.4386,
12.4395,
12.4405,
12.4415,
12.4426,
12.4435,
12.4445,
12.4456,
12.4465,
12.4476,
12.4485,
12.4495,
12.4505,
12.4522,
12.4525,
12.4541,
12.4545,
12.4558,
12.4565,
12.4578,
12.4585,
12.4599,
12.4605,
12.4616,
12.4625,
12.4636,
12.4645,
12.4659,
12.4665,
12.4677,
12.4685,
12.4696,
12.4706,
12.4715,
12.4725,
12.4735,
12.4747,
12.4755,
12.4766,
12.4775,
12.4787,
12.4796,
12.4807,
12.4815,
12.4827,
12.4835,
12.4848,
12.4855,
12.4865,
12.488,
12.4886,
12.4901,
12.4906,
12.4922,
12.4926,
12.4942,
12.4946,
12.4959,
12.4965,
12.4977,
12.4985,
12.4996,
12.5005,
12.5015,
12.5025,
12.5035,
12.5045,
12.5055,
12.5065,
12.5075,
12.5085,
12.5098,
12.5105,
12.5119,
12.5125,
12.5141,
12.5167,
12.5184,
12.5209,
12.5222,
12.524,
12.525,
12.5255,
12.5265,
12.5275,
12.5285,
12.5295,
12.5305,
12.5315,
12.5325,
12.5336,
12.5345,
12.536,
12.5365,
12.538,
12.5385,
12.5401,
12.5405,
12.5421,
12.5425,
12.5439,
12.5445,
12.5458,
12.5465,
12.5477,
12.5485,
12.5496,
12.5505,
12.5516,
12.5525,
12.5537,
12.5545,
12.5558,
12.5565,
12.5575,
12.5585,
12.5595,
12.5605,
12.5615,
12.5625,
12.5635,
12.5649,
12.5655,
12.5672,
12.5675,
12.5695,
12.5716,
12.573,
12.5735,
12.5745,
12.5768,
12.5782,
12.5785,
12.58,
12.5805,
12.5821,
12.5825,
12.5839,
12.5845,
12.5858,
12.5865,
12.5877,
12.5885,
12.5896,
12.5905,
12.5915,
12.5925,
12.5935,
12.5945,
12.5955,
12.5965,
12.5975,
12.5985,
12.5995,
12.6005,
12.6016,
12.6036,
12.6048,
12.6055,
12.6076,
12.6089,
12.6095,
12.6109,
12.6115,
12.6129,
12.6135,
12.6149,
12.6155,
12.6168,
12.6175,
12.6188,
12.6195,
12.6205,
12.622,
12.6225,
12.6237,
12.6245,
12.6258,
12.6265,
12.6278,
12.6285,
12.6298,
12.6305,
12.6317,
12.6325,
12.6336,
12.6345,
12.6355,
12.6365,
12.6375,
12.6385,
12.6395,
12.6405,
12.6415,
12.6425,
12.6435,
12.6445,
12.6455,
12.6465,
12.6475,
12.6485,
12.6498,
12.6512,
12.6515,
12.6532,
12.6535,
12.6553,
12.6555,
12.6573,
12.6575,
12.6594,
12.6595,
12.6613,
12.6615,
12.6633,
12.6635,
12.6651,
12.6655,
12.6665,
12.6675,
12.6685,
12.6695,
12.6705,
12.6723,
12.6725,
12.6739,
12.6745,
12.6756,
12.6765,
12.6776,
12.6785,
12.6797,
12.6805,
12.6816,
12.6825,
12.6836,
12.6845,
12.6856,
12.6865,
12.6876,
12.6885,
12.6896,
12.6905,
12.6916,
12.6925,
12.6935,
12.6945,
12.6956,
12.6965,
12.6975,
12.6985,
12.6995,
12.7005,
12.7015,
12.7025,
12.7035,
12.7045,
12.7055,
12.7065,
12.7075,
12.7085,
12.7095,
12.7105,
12.7115,
12.7125,
12.7135,
12.7145,
12.7155,
12.7165,
12.7175,
12.7185,
12.7195,
12.7205,
12.7215,
12.7225,
12.7235,
12.7245,
12.7255,
12.7265,
12.7275,
12.7285,
12.7295,
12.7305,
12.7315,
12.7325,
12.7335,
12.7345,
12.7355,
12.7365,
12.7375,
12.7385,
12.7395,
12.7405,
12.7415,
12.7425,
12.7435,
12.7445,
12.7455,
12.7467,
12.7475,
12.7486,
12.7495,
12.7505,
12.7515,
12.7531,
12.7535,
12.755,
12.7555,
12.7569,
12.7575,
12.7585,
12.7595,
12.7605,
12.7615,
12.7625,
12.7635,
12.7645,
12.7655,
12.7665,
12.7675,
12.7685,
12.7695,
12.7705,
12.7715,
12.7725,
12.7735,
12.7745,
12.7755,
12.7765,
12.7778,
12.7785,
12.7795,
12.7805,
12.7817,
12.7825,
12.7837,
12.7845,
12.7855,
12.7865,
12.7875,
12.7885,
12.7895,
12.7905,
12.7915,
12.7925,
12.7935,
12.7945,
12.7955,
12.7965,
12.7975,
12.7985,
12.7995,
12.8005,
12.8015,
12.8025,
12.8038,
12.8045,
12.8056,
12.8065,
12.8075,
12.8085,
12.8095,
12.8105,
12.8115,
12.8125,
12.8135,
12.8145,
12.8157,
12.8165,
12.8177,
12.8185,
12.8197,
12.8205,
12.8215,
12.8225,
12.8237,
12.8245,
12.8257,
12.8265,
12.8277,
12.829,
12.8295,
12.8307,
12.8315,
12.8326,
12.8335,
12.8347,
12.8355,
12.8367,
12.8375,
12.8387,
12.8395,
12.8407,
12.8415,
12.8427,
12.8435,
12.8447,
12.8455,
12.8465,
12.8478,
12.8485,
12.8497,
12.8505,
12.8517,
12.8525,
12.8537,
12.8545,
12.8557,
12.8565,
12.8577,
12.8585,
12.8595,
12.8605,
12.8615,
12.8625,
12.8635,
12.8645,
12.8655,
12.8665,
12.8675,
12.8685,
12.8696,
12.8705,
12.8715,
12.8725,
12.8735,
12.8747,
12.8755,
12.8767,
12.8775,
12.8787,
12.8795,
12.8807,
12.8815,
12.8827,
12.8835,
12.8847,
12.8855,
12.8867,
12.8875,
12.8887,
12.8895,
12.8905,
12.8915,
12.8925,
12.8935,
12.8945,
12.8955,
12.8965,
12.8975,
12.8985,
12.8995,
12.9005,
12.9015,
12.9025,
12.9035,
12.9045,
12.9055,
12.9065,
12.9075,
12.9085,
12.9095,
12.9105,
12.9115,
12.9125,
12.9135,
12.9145,
12.9155,
12.9165,
12.9175,
12.9185,
12.9195,
12.9207,
12.9215,
12.9225,
12.9235,
12.9245,
12.9255,
12.9265,
12.9275,
12.9285,
12.9295,
12.9305,
12.9315,
12.9325,
12.9335,
12.9345,
12.9355,
12.9365,
12.9375,
12.9385,
12.9395,
12.9405,
12.9415,
12.9425,
12.9435,
12.9445,
12.9455,
12.9465,
12.9475,
12.9485,
12.9495,
12.9505,
12.9515,
12.9525,
12.9535,
12.9545,
12.9557,
12.9565,
12.9577,
12.9585,
12.9597,
12.9606,
12.9615,
12.9625,
12.9635,
12.9645,
12.9655,
12.9665,
12.9675,
12.9685,
12.9695,
12.9708,
12.9715,
12.9727,
12.9735,
12.9747,
12.9755,
12.9765,
12.9775,
12.9785,
12.9795,
12.9805,
12.9815,
12.9825,
12.9835,
12.9845,
12.9855,
12.9865,
12.9875,
12.9885,
12.9895,
12.9905,
12.9917,
12.9925,
12.9937,
12.9945,
12.9957,
12.9965,
12.9976,
12.9985,
12.9995,
13.0005,
13.0015,
13.0025,
13.0035,
13.0045,
13.0055,
13.0065,
13.0075,
13.0085,
13.0095,
13.0105,
13.0115,
13.0125,
13.0135,
13.0145,
13.0155,
13.0165,
13.0175,
13.0185,
13.0195,
13.0205,
13.0215,
13.0225,
13.0235,
13.0245,
13.0255,
13.0265,
13.0275,
13.0285,
13.0295,
13.0305,
13.0315,
13.0325,
13.0338,
13.0345,
13.0357,
13.0365,
13.0377,
13.0385,
13.0397,
13.0405,
13.0417,
13.0425,
13.0437,
13.0445,
13.0457,
13.0465,
13.0475,
13.0485,
13.0495,
13.0505,
13.0515,
13.0525,
13.0535,
13.0545,
13.0555,
13.0565,
13.0575,
13.0585,
13.0595,
13.0605,
13.0615,
13.0625,
13.0635,
13.0645,
13.0655,
13.0665,
13.0675,
13.0685,
13.0695,
13.0705,
13.0715,
13.0725,
13.0735,
13.0745,
13.0755,
13.0765,
13.0775,
13.0785,
13.0795,
13.0805,
13.0815,
13.0825,
13.0835,
13.0845,
13.0855,
13.0865,
13.0875,
13.0885,
13.0895,
13.0907,
13.0915,
13.0927,
13.0935,
13.0947,
13.0955,
13.0967,
13.0975,
13.0987,
13.0995,
13.1007,
13.1015,
13.1027,
13.1035,
13.1047,
13.1055,
13.1065,
13.1075,
13.1085,
13.1095,
13.1105,
13.1115,
13.1125,
13.1135,
13.1145,
13.1155,
13.1165,
13.1175,
13.1185,
13.1195,
13.1205,
13.1215,
13.1225,
13.1235,
13.1245,
13.1255,
13.1265,
13.1275,
13.1285,
13.1295,
13.1305,
13.1315,
13.1325,
13.1335,
13.1345,
13.1357,
13.137,
13.1375,
13.1387,
13.1395,
13.1407,
13.1415,
13.1427,
13.1435,
13.1447,
13.1455,
13.1467,
13.1475,
13.1487,
13.1495,
13.1505,
13.1515,
13.1525,
13.1535,
13.1545,
13.1555,
13.1565,
13.1575,
13.1585,
13.1595,
13.1605,
13.1617,
13.1625,
13.1637,
13.1645,
13.1656,
13.1665,
13.1677,
13.1685,
13.1697,
13.1705,
13.1717,
13.1725,
13.1739,
13.1745,
13.1756,
13.1765,
13.1778,
13.1801,
13.1818,
13.1847,
13.1864,
13.1889,
13.1902,
13.1921,
13.1931,
13.1935,
13.1945,
13.1955,
13.1965,
13.1975,
13.1985,
13.1995,
13.2005,
13.2018,
13.2025,
13.2036,
13.2045,
13.2057,
13.2065,
13.2079,
13.2085,
13.21,
13.2105,
13.2121,
13.2125,
13.2142,
13.2145,
13.2161,
13.2165,
13.218,
13.2185,
13.2198,
13.2205,
13.2216,
13.2225,
13.2236,
13.2245,
13.2256,
13.2265,
13.2276,
13.2285,
13.2295,
13.2306,
13.2315,
13.2325,
13.2335,
13.2348,
13.2355,
13.2368,
13.2375,
13.2389,
13.2395,
13.241,
13.2415,
13.2431,
13.2435,
13.2451,
13.2455,
13.2465,
13.2483,
13.2485,
13.2502,
13.2505,
13.252,
13.2525,
13.2538,
13.2545,
13.2557,
13.2565,
13.2576,
13.2585,
13.2595,
13.2605,
13.2618,
13.2625,
13.2635,
13.2645,
13.2656,
13.2665,
13.2678,
13.2685,
13.2699,
13.2705,
13.272,
13.2736,
13.2749,
13.2755,
13.2769,
13.2775,
13.2802,
13.2818,
13.2832,
13.2835,
13.2848,
13.2855,
13.2869,
13.2875,
13.289,
13.2895,
13.2905,
13.2922,
13.2925,
13.294,
13.2945,
13.2958,
13.2965,
13.2977,
13.2985,
13.2996,
13.3005,
13.3015,
13.3025,
13.3035,
13.3045,
13.3055,
13.3065,
13.3075,
13.3085,
13.3095,
13.3105,
13.3115,
13.3125,
13.3135,
13.3145,
13.3155,
13.3165,
13.3175,
13.3185,
13.3195,
13.3205,
13.3215,
13.3225,
13.3235,
13.3247,
13.3255,
13.3268,
13.3275,
13.329,
13.3295,
13.3305,
13.3332,
13.335,
13.3378,
13.3396,
13.3423,
13.3439,
13.346,
13.3473,
13.349,
13.3499,
13.3505,
13.3515,
13.3525,
13.3535,
13.3545,
13.3555,
13.3569,
13.3575,
13.359,
13.3595,
13.3612,
13.3615,
13.3633,
13.3635,
13.3651,
13.3655,
13.3669,
13.3675,
13.3687,
13.3695,
13.3707,
13.3715,
13.3727,
13.3735,
13.3745,
13.3755,
13.3765,
13.3775,
13.3785,
13.3802,
13.3805,
13.3817,
13.3825,
13.3835,
13.3845,
13.3855,
13.3865,
13.3878,
13.3885,
13.3899,
13.3905,
13.3918,
13.3925,
13.3937,
13.3945,
13.3956,
13.3965,
13.3978,
13.3985,
13.3999,
13.4013,
13.4015,
13.4027,
13.4035,
13.4046,
13.4055,
13.4065,
13.4075,
13.4085,
13.4095,
13.4105,
13.4115,
13.4125,
13.4135,
13.4146,
13.4155,
13.4165,
13.4178,
13.4185,
13.4195,
13.4205,
13.4216,
13.4225,
13.4237,
13.4245,
13.4259,
13.4265,
13.4281,
13.4285,
13.4302,
13.4306,
13.4322,
13.4325,
13.4342,
13.4345,
13.4361,
13.4365,
13.4379,
13.4385,
13.4397,
13.4405,
13.4417,
13.4427,
13.4435,
13.4446,
13.4455,
13.4467,
13.4476,
13.449,
13.4495,
13.451,
13.4515,
13.453,
13.4536,
13.4549,
13.4555,
13.4568,
13.4575,
13.4585,
13.4597,
13.4605,
13.4619,
13.4625,
13.4641,
13.4646,
13.4662,
13.4666,
13.4683,
13.4686,
13.4703,
13.4706,
13.4721,
13.4725,
13.4739,
13.4745,
13.4766,
13.4778,
13.4785,
13.4796,
13.4805,
13.4816,
13.4825,
13.4836,
13.4845,
13.4856,
13.4866,
13.4875,
13.4885,
13.4895,
13.4905,
13.4915,
13.4925,
13.4935,
13.4945,
13.4955,
13.4965,
13.4975,
13.4985,
13.4995,
13.5005,
13.5015,
13.5025,
13.5042,
13.5045,
13.5064,
13.5065,
13.5085,
13.5085,
13.51,
13.5105,
13.5116,
13.5125,
13.5135,
13.5145,
13.5155,
13.5165,
13.5175,
13.5185,
13.5195,
13.5205,
13.5215,
13.5225,
13.5235,
13.5245,
13.5255,
13.5265,
13.5275,
13.5286,
13.5295,
13.5307,
13.5315,
13.5326,
13.5335,
13.5345,
13.5355,
13.5365,
13.5375,
13.5385,
13.5395,
13.5405,
13.5415,
13.5425,
13.5435,
13.5445,
13.5455,
13.5465,
13.5475,
13.5485,
13.5495,
13.5505,
13.5515,
13.5525,
13.5535,
13.5545,
13.5555,
13.5565,
13.5575,
13.5585,
13.5595,
13.5605,
13.5615,
13.5625,
13.5635,
13.5645,
13.5655,
13.5665,
13.5675,
13.5685,
13.5695,
13.5705,
13.5715,
13.5725,
13.5735,
13.5745,
13.5755,
13.5765,
13.5775,
13.5785,
13.5795,
13.5805,
13.5815,
13.5825,
13.5835,
13.5845,
13.5855,
13.5865,
13.5875,
13.5885,
13.5895,
13.5905,
13.5915,
13.5925,
13.5935,
13.5945,
13.5955,
13.5965,
13.5975,
13.5985,
13.5995,
13.6005,
13.6015,
13.6025,
13.6035,
13.6045,
13.6055,
13.6065,
13.6075,
13.6085,
13.6095,
13.6105,
13.6115,
13.6125,
13.6135,
13.6145,
13.6155,
13.6165,
13.6175,
13.6185,
13.6195,
13.6205,
13.6215,
13.6225,
13.6235,
13.6245,
13.6255,
13.6265,
13.6275,
13.6285,
13.6295,
13.6305,
13.6315,
13.6325,
13.6335,
13.6345,
13.6355,
13.6365,
13.6375,
13.6385,
13.6395,
13.6405,
13.6415,
13.6425,
13.6435,
13.6445,
13.6455,
13.6465,
13.6475,
13.6485,
13.6495,
13.6505,
13.6515,
13.6525,
13.6535,
13.6545,
13.6555,
13.6565,
13.6575,
13.6585,
13.6595,
13.6605,
13.6615,
13.6625,
13.6635,
13.6645,
13.6655,
13.6665,
13.6675,
13.6685,
13.6695,
13.6705,
13.6715,
13.6725,
13.6735,
13.6745,
13.6755,
13.6765,
13.6775,
13.6785,
13.6795,
13.6805,
13.6815,
13.6825,
13.6835,
13.6845,
13.6855,
13.6865,
13.6875,
13.6885,
13.6895,
13.6905,
13.6915,
13.6925,
13.6935,
13.6945,
13.6955,
13.6965,
13.6975,
13.6985,
13.6995,
13.7005,
13.7015,
13.7025,
13.7035,
13.7045,
13.7055,
13.7065,
13.7075,
13.7085,
13.7095,
13.7105,
13.7115,
13.7125,
13.7135,
13.7145,
13.7155,
13.7165,
13.7175,
13.7185,
13.7197,
13.7205,
13.7217,
13.7225,
13.7237,
13.7245,
13.7256,
13.7265,
13.7275,
13.7285,
13.7295,
13.7305,
13.7315,
13.7325,
13.7335,
13.7345,
13.7355,
13.7365,
13.7375,
13.7385,
13.7395,
13.7405,
13.7415,
13.7425,
13.7435,
13.7445,
13.7455,
13.7467,
13.7475,
13.7487,
13.7495,
13.7505,
13.7515,
13.7525,
13.7535,
13.7545,
13.7555,
13.7565,
13.7575,
13.7585,
13.7595,
13.7605,
13.7615,
13.7625,
13.7635,
13.7645,
13.7655,
13.7665,
13.7675,
13.7685,
13.7695,
13.7705,
13.7715,
13.7725,
13.7735,
13.7745,
13.7755,
13.7765,
13.7775,
13.7785,
13.7795,
13.7805,
13.7815,
13.7825,
13.7835,
13.7845,
13.7855,
13.7865,
13.7875,
13.7887,
13.7895,
13.7907,
13.7915,
13.7927,
13.7935,
13.7947,
13.7955,
13.7968,
13.7975,
13.799,
13.7995,
13.8011,
13.8015,
13.8031,
13.8035,
13.8049,
13.8055,
13.8065,
13.8075,
13.8085,
13.8095,
13.8105,
13.8115,
13.8125,
13.8135,
13.8145,
13.8155,
13.8165,
13.8175,
13.8185,
13.8195,
13.8205,
13.8215,
13.8225,
13.8235,
13.8245,
13.8258,
13.8265,
13.8277,
13.8285,
13.8297,
13.8305,
13.8317,
13.8325,
13.8338,
13.8346,
13.8355,
13.8365,
13.8375,
13.8385,
13.8395,
13.8405,
13.8415,
13.8425,
13.8435,
13.8445,
13.8455,
13.8465,
13.8475,
13.8485,
13.8495,
13.8505,
13.8517,
13.8525,
13.8537,
13.8545,
13.8557,
13.8565,
13.8575,
13.8585,
13.8595,
13.8605,
13.8615,
13.8625,
13.8635,
13.8645,
13.8657,
13.8665,
13.8677,
13.8685,
13.8697,
13.8705,
13.8717,
13.8725,
13.8739,
13.8745,
13.8757,
13.8765,
13.8776,
13.8786,
13.8795,
13.8806,
13.8815,
13.8825,
13.8835,
13.8845,
13.8855,
13.8865,
13.8875,
13.8885,
13.8895,
13.8905,
13.8915,
13.8925,
13.8935,
13.8945,
13.8955,
13.8965,
13.8979,
13.8985,
13.8997,
13.9005,
13.9019,
13.9025,
13.9039,
13.9045,
13.9059,
13.9065,
13.9079,
13.9085,
13.9097,
13.9105,
13.9119,
13.9125,
13.9139,
13.9145,
13.9158,
13.9165,
13.9177,
13.9185,
13.9195,
13.9205,
13.9215,
13.9225,
13.9235,
13.9245,
13.9255,
13.9265,
13.9275,
13.9285,
13.9295,
13.9305,
13.9315,
13.9325,
13.9335,
13.9345,
13.9355,
13.9365,
13.9375,
13.9385,
13.9395,
13.9405,
13.9415,
13.9425,
13.9435,
13.9445,
13.9455,
13.9465,
13.9475,
13.9485,
13.9495,
13.9505,
13.9515,
13.9525,
13.9535,
13.9545,
13.9555,
13.9565,
13.9575,
13.9585,
13.9595,
13.9605,
13.9615,
13.9625,
13.9635,
13.9645,
13.9655,
13.9665,
13.9675,
13.9685,
13.9695,
13.9705,
13.9715,
13.9725,
13.9735,
13.9745,
13.9755,
13.9765,
13.9775,
13.9785,
13.9795,
13.9805,
13.9815,
13.9825,
13.9835,
13.9845,
13.9855,
13.9865,
13.9875,
13.9885,
13.9895,
13.9905,
13.9915,
13.9925,
13.9935,
13.9945,
13.9955,
13.9965,
13.9975,
13.9985,
13.9995,
14.0005,
14.0015,
14.0025,
14.0035,
14.0045,
14.0055,
14.0065,
14.0075,
14.0085,
14.0095,
14.0105,
14.0115,
14.0125,
14.0135,
14.0145,
14.0155,
14.0165,
14.0175,
14.0185,
14.0195,
14.0205,
14.0215,
14.0225,
14.0235,
14.0245,
14.0255,
14.0265,
14.0275,
14.0285,
14.0295,
14.0305,
14.0315,
14.0325,
14.0335,
14.0345,
14.0355,
14.0365,
14.0375,
14.0385,
14.0395,
14.0405,
14.0415,
14.0425,
14.0435,
14.0445,
14.0455,
14.0465,
14.0475,
14.0485,
14.0495,
14.0505,
14.0515,
14.0525,
14.0535,
14.0545,
14.0555,
14.0565,
14.0575,
14.0585,
14.0595,
14.0605,
14.0615,
14.0625,
14.0635,
14.0645,
14.0655,
14.0665,
14.0675,
14.0685,
14.0695,
14.0705,
14.0715,
14.0725,
14.0735,
14.0745,
14.0755,
14.0765,
14.0775,
14.0785,
14.0795,
14.0805,
14.0817,
14.0825,
14.0837,
14.0845,
14.0857,
14.0865,
14.0877,
14.0885,
14.0895,
14.0905,
14.0915,
14.0925,
14.0935,
14.0945,
14.0955,
14.0965,
14.0975,
14.0985,
14.0995,
14.1005,
14.1015,
14.1025,
14.1035,
14.1045,
14.1055,
14.1065,
14.1075,
14.1085,
14.1095,
14.1105,
14.1117,
14.1125,
14.1137,
14.1145,
14.1155,
14.1165,
14.1175,
14.1185,
14.1195,
14.1205,
14.1224,
14.1225,
14.1239,
14.1245,
14.1261,
14.1265,
14.1283,
14.1286,
14.1306,
14.1342,
14.1363,
14.1391,
14.1405,
14.1424,
14.1425,
14.1435,
14.1445,
14.1455,
14.1465,
14.1475,
14.1485,
14.1495,
14.1505,
14.1515,
14.1525,
14.1535,
14.1545,
14.1555,
14.1565,
14.1575,
14.1585,
14.1595,
14.1606,
14.1615,
14.1625,
14.1648,
14.1665,
14.1667,
14.1687,
14.171,
14.173,
14.1749,
14.1764,
14.1765,
14.1779,
14.1785,
14.1797,
14.1805,
14.1816,
14.1825,
14.1844,
14.1845,
14.1861,
14.1865,
14.1886,
14.1898,
14.1905,
14.1916,
14.1925,
14.1935,
14.1945,
14.1955,
14.1971,
14.1975,
14.1993,
14.1995,
14.2017,
14.2043,
14.2076,
14.2098,
14.2118,
14.2141,
14.2146,
14.2168,
14.2198,
14.2214,
14.2235,
14.2246,
14.2261,
14.2265,
14.2279,
14.2285,
14.2295,
14.2305,
14.2315,
14.2325,
14.2335,
14.2345,
14.2355,
14.2365,
14.2376,
14.2385,
14.2395,
14.2405,
14.2415,
14.2425,
14.2436,
14.2448,
14.2455,
14.2466,
14.2475,
14.2486,
14.2495,
14.2506,
14.2515,
14.2525,
14.2535,
14.2545,
14.2555,
14.2565,
14.2575,
14.2585,
14.2595,
14.2605,
14.2615,
14.2625,
14.2635,
14.2645,
14.2655,
14.2665,
14.2675,
14.2685,
14.2696,
14.2705,
14.2716,
14.2725,
14.2738,
14.2745,
14.2758,
14.2765,
14.2779,
14.2785,
14.2801,
14.2805,
14.2821,
14.2826,
14.284,
14.2845,
14.2858,
14.2865,
14.2877,
14.289,
14.2895,
14.2907,
14.2915,
14.2929,
14.2935,
14.295,
14.2955,
14.2969,
14.2975,
14.2986,
14.2995,
14.3005,
14.3015,
14.3025,
14.3035,
14.3045,
14.3055,
14.3065,
14.3075,
14.3085,
14.3095,
14.3105,
14.3115,
14.3125,
14.3136,
14.3145,
14.3157,
14.3165,
14.3177,
14.3185,
14.3198,
14.3205,
14.3218,
14.3225,
14.3238,
14.3245,
14.3256,
14.3265,
14.3275,
14.3285,
14.3296,
14.3305,
14.3318,
14.3332,
14.3335,
14.3351,
14.3355,
14.3371,
14.3376,
14.3391,
14.3396,
14.3411,
14.3416,
14.3432,
14.3435,
14.3451,
14.3455,
14.3471,
14.3476,
14.349,
14.3496,
14.3506,
14.3523,
14.3525,
14.3541,
14.3545,
14.3559,
14.3565,
14.3577,
14.3585,
14.3596,
14.3605,
14.3616,
14.3625,
14.3635,
14.3645,
14.3658,
14.3665,
14.3675,
14.3685,
14.3696,
14.3705,
14.3715,
14.3725,
14.3735,
14.3745,
14.3755,
14.3765,
14.3775,
14.3785,
14.3795,
14.3805,
14.3815,
14.3825,
14.3835,
14.3845,
14.3855,
14.3865,
14.3875,
14.3885,
14.3895,
14.3905,
14.3915,
14.3926,
14.3935,
14.3945,
14.3955,
14.3965,
14.3978,
14.3985,
14.3997,
14.4005,
14.4017,
14.4025,
14.4037,
14.4045,
14.4058,
14.4065,
14.4078,
14.4085,
14.4099,
14.4105,
14.4119,
14.4125,
14.414,
14.4145,
14.4161,
14.4165,
14.4178,
14.4185,
14.4196,
14.4205,
14.4216,
14.4225,
14.4236,
14.4245,
14.4255,
14.4265,
14.4275,
14.4285,
14.4295,
14.4305,
14.4315,
14.4325,
14.4335,
14.4345,
14.4355,
14.4365,
14.4375,
14.4385,
14.4395,
14.4405,
14.4415,
14.4425,
14.4435,
14.4445,
14.4455,
14.4465,
14.4475,
14.4485,
14.4495,
14.4505,
14.4515,
14.4525,
14.4535,
14.4545,
14.4555,
14.4565,
14.4577,
14.4585,
14.4599,
14.4605,
14.4619,
14.4625,
14.464,
14.4645,
14.466,
14.4665,
14.4681,
14.4685,
14.47,
14.4705,
14.472,
14.4726,
14.474,
14.4765,
14.4781,
14.4807,
14.4823,
14.4849,
14.4863,
14.4883,
14.4893,
14.4895,
14.4905,
14.4915,
14.4925,
14.494,
14.4945,
14.4962,
14.4965,
14.4983,
14.4985,
14.5004,
14.5005,
14.5024,
14.5025,
14.5044,
14.5045,
14.5065,
14.5065,
14.5076,
14.5085,
14.5095,
14.5105,
14.5123,
14.5125,
14.5139,
14.5145,
14.5155,
14.5165,
14.5176,
14.5185,
14.5196,
14.5205,
14.5223,
14.5225,
14.5243,
14.5254,
14.5256,
14.5266,
14.5275,
14.5285,
14.5295,
14.5305,
14.5315,
14.5325,
14.5335,
14.5345,
14.5355,
14.5365,
14.5375,
14.5385,
14.5395,
14.5405,
14.5415,
14.5425,
14.5435,
14.5445,
14.5457,
14.5465,
14.5475,
14.5485,
14.5495,
14.5505,
14.5515,
14.5525,
14.5535,
14.5545,
14.5555,
14.5565,
14.5575,
14.5585,
14.5595,
14.5605,
14.5615,
14.5625,
14.5635,
14.5645,
14.5655,
14.5665,
14.5675,
14.5685,
14.5695,
14.5705,
14.5715,
14.5725,
14.5735,
14.5745,
14.5755,
14.5765,
14.5775,
14.5785,
14.5795,
14.5807,
14.5815,
14.5827,
14.5835,
14.5847,
14.5855,
14.5865,
14.5875,
14.5885,
14.5895,
14.5905,
14.5917,
14.5925,
14.5936,
14.5945,
14.5955,
14.5965,
14.5975,
14.5985,
14.5995,
14.6005,
14.6015,
14.6025,
14.6035,
14.6045,
14.6055,
14.6065,
14.6075,
14.6085,
14.6095,
14.6105,
14.6115,
14.6125,
14.6135,
14.6145,
14.6155,
14.6165,
14.6175,
14.6185,
14.6195,
14.6205,
14.6215,
14.6225,
14.6235,
14.6245,
14.6255,
14.6265,
14.6275,
14.6285,
14.6295,
14.6305,
14.6315,
14.6325,
14.6335,
14.6345,
14.6355,
14.6365,
14.6375,
14.6385,
14.6395,
14.6405,
14.6415,
14.6425,
14.6435,
14.6445,
14.6455,
14.6465,
14.6475,
14.6485,
14.6495,
14.6505,
14.6515,
14.6525,
14.6535,
14.6548,
14.6555,
14.6567,
14.6574,
14.6587,
14.6595,
14.6605,
14.6615,
14.6627,
14.6635,
14.6645,
14.6655,
14.6665,
14.6675,
14.6685,
14.6696,
14.6705,
14.6715,
14.6725,
14.6737,
14.6745,
14.6757,
14.6765,
14.6777,
14.6785,
14.6797,
14.6805,
14.6816,
14.6825,
14.6835,
14.6845,
14.6855,
14.6865,
14.6875,
14.6885,
14.6895,
14.6905,
14.6915,
14.6925,
14.6935,
14.6945,
14.6955,
14.6965,
14.6975,
14.6985,
14.6995,
14.7005,
14.7015,
14.7025,
14.7035,
14.7045,
14.7055,
14.7066,
14.7075,
14.7085,
14.7095,
14.7105,
14.7115,
14.7125,
14.7135,
14.7145,
14.7155,
14.7165,
14.7177,
14.7185,
14.7195,
14.7205,
14.7215,
14.7225,
14.7235,
14.7245,
14.7255,
14.7265,
14.7275,
14.7285,
14.7297,
14.7305,
14.7315,
14.7325,
14.7335,
14.7345,
14.7355,
14.7365,
14.7375,
14.7385,
14.7395,
14.7405,
14.7415,
14.7425,
14.7435,
14.7445,
14.7455,
14.7465,
14.7475,
14.7485,
14.7495,
14.7505,
14.7515,
14.7525,
14.7535,
14.7545,
14.7557,
14.7565,
14.7576,
14.7585,
14.7595,
14.7605,
14.7615,
14.7625,
14.7635,
14.7645,
14.7655,
14.7665,
14.7675,
14.7685,
14.7695,
14.7705,
14.7715,
14.7725,
14.7735,
14.7745,
14.7757,
14.7765,
14.7776,
14.7785,
14.7795,
14.7807,
14.7815,
14.7827,
14.7835,
14.7847,
14.7855,
14.7867,
14.7875,
14.7887,
14.7895,
14.7907,
14.7915,
14.7927,
14.7935,
14.7948,
14.7955,
14.7965,
14.7976,
14.7985,
14.7995,
14.8005,
14.8015,
14.8025,
14.8035,
14.8045,
14.8055,
14.8065,
14.8075,
14.8085,
14.8095,
14.8105,
14.8115,
14.8125,
14.8135,
14.8145,
14.8155,
14.8165,
14.8175,
14.8185,
14.8195,
14.8205,
14.8215,
14.8227,
14.8235,
14.8247,
14.8255,
14.8268,
14.8275,
14.8287,
14.8295,
14.8308,
14.8315,
14.8325,
14.8335,
14.8345,
14.8355,
14.8365,
14.8375,
14.8385,
14.8395,
14.8405,
14.8415,
14.8425,
14.8437,
14.8445,
14.8457,
14.8465,
14.8477,
14.8485,
14.8497,
14.8505,
14.8517,
14.8525,
14.8537,
14.8545,
14.8557,
14.8565,
14.8576,
14.8585,
14.8595,
14.8605,
14.8615,
14.8625,
14.8637,
14.8646,
14.8655,
14.8665,
14.8675,
14.8685,
14.8695,
14.8705,
14.8715,
14.8725,
14.8735,
14.8745,
14.8755,
14.8765,
14.8775,
14.8785,
14.8795,
14.8805,
14.8815,
14.8825,
14.8835,
14.8845,
14.8855,
14.8865,
14.8875,
14.8885,
14.8895,
14.8905,
14.8915,
14.8925,
14.8935,
14.8945,
14.8955,
14.8965,
14.8975,
14.8985,
14.8995,
14.9005,
14.9015,
14.9025,
14.9035,
14.9045,
14.9055,
14.9065,
14.9075,
14.9087,
14.9095,
14.9108,
14.9115,
14.9127,
14.9135,
14.9147,
14.9155,
14.9167,
14.9175,
14.9187,
14.9195,
14.9208,
14.9215,
14.9228,
14.9235,
14.9245,
14.9255,
14.9265,
14.9275,
14.9285,
14.9295,
14.9305,
14.9315,
14.9325,
14.9335,
14.9345,
14.9355,
14.9365,
14.9375,
14.9385,
14.9395,
14.9405,
14.9415,
14.9425,
14.9435,
14.9445,
14.9455,
14.9465,
14.9475,
14.9485,
14.9495,
14.9507,
14.9515,
14.9527,
14.9535,
14.9548,
14.9555,
14.9565,
14.9575,
14.9585,
14.9595,
14.9605,
14.9615,
14.9625,
14.9635,
14.9647,
14.9655,
14.9665,
14.9675,
14.9685,
14.9695,
14.9705,
14.9715,
14.9725,
14.9735,
14.9745,
14.9755,
14.9765,
14.9775,
14.9785,
14.9795,
14.9805,
14.9815,
14.9825,
14.9835,
14.9845,
14.9855,
14.9865,
14.9875,
14.9885,
14.9895,
14.9905,
14.9915,
14.9927,
14.9935,
14.9947,
14.9955,
14.9967,
14.9975,
14.9987,
14.9995,
15.0007,
15.0015,
15.0027,
15.0035,
15.0047,
15.0055,
15.0065,
15.0075,
15.0085,
15.0095,
15.0105,
15.0115,
15.0125,
15.0135,
15.0145,
15.0155,
15.0165,
15.0175,
15.0185,
15.0195,
15.0205,
15.0215,
15.0225,
15.0235,
15.0245,
15.0255,
15.0265,
15.0275,
15.0285,
15.0295,
15.0305,
15.0315,
15.0327,
15.0335,
15.0347,
15.0355,
15.0365,
15.0375,
15.0385,
15.0395,
15.0405,
15.0415,
15.0425,
15.0435,
15.0445,
15.0455,
15.0465,
15.0477,
15.0485,
15.0498,
15.0505,
15.0517,
15.0525,
15.0536,
15.0545,
15.0555,
15.0565,
15.0575,
15.0585,
15.0596,
15.0605,
15.0619,
15.0625,
15.064,
15.0645,
15.0663,
15.0666,
15.0685,
15.0686,
15.0704,
15.072,
15.0734,
15.0736,
15.0745,
15.0758,
15.0771,
15.0775,
15.0788,
15.0795,
15.0806,
15.0815,
15.0825,
15.0835,
15.0852,
15.0855,
15.0865,
15.0877,
15.0885,
15.0896,
15.0905,
15.0923,
15.0925,
15.0945,
15.0958,
15.0965,
15.0976,
15.0985,
15.0996,
15.1005,
15.1016,
15.1025,
15.1036,
15.1045,
15.1056,
15.1065,
15.1075,
15.1085,
15.1095,
15.1106,
15.1115,
15.1125,
15.1135,
15.1145,
15.1155,
15.1165,
15.1175,
15.119,
15.1195,
15.1214,
15.1216,
15.1238,
15.1266,
15.1286,
15.1305,
15.1307,
15.1327,
15.1357,
15.1372,
15.1394,
15.1406,
15.142,
15.1425,
15.1435,
15.1445,
15.1457,
15.1465,
15.148,
15.1485,
15.1501,
15.1505,
15.1524,
15.1526,
15.1548,
15.1571,
15.159,
15.1607,
15.1622,
15.1635,
15.1647,
15.1655,
15.1666,
15.1675,
15.1687,
15.1695,
15.171,
15.1715,
15.1725,
15.1741,
15.1746,
15.1762,
15.1766,
15.1783,
15.1786,
15.1803,
15.1806,
15.1824,
15.1826,
15.1843,
15.1846,
15.1861,
15.1865,
15.1879,
15.1885,
15.1897,
15.1905,
15.1916,
15.1925,
15.1935,
15.1945,
15.1955,
15.1965,
15.1975,
15.1985,
15.2005,
15.2019,
15.2046,
15.2078,
15.2094,
15.2096,
15.2113,
15.2116,
15.2131,
15.2136,
15.215,
15.2155,
15.2167,
15.2175,
15.2185,
15.2197,
15.2205,
15.2219,
15.2225,
15.2241,
15.2245,
15.2262,
15.2265,
15.2283,
15.2285,
15.2303,
15.2305,
15.2322,
15.2326,
15.234,
15.2345,
15.2358,
15.2365,
15.2377,
15.2385,
15.2396,
15.2405,
15.2416,
15.2425,
15.2436,
15.2445,
15.2456,
15.2465,
15.2475,
15.2485,
15.2496,
15.2505,
15.2515,
15.2525,
15.2535,
15.2545,
15.2555,
15.2568,
15.2575,
15.2587,
15.2595,
15.2606,
15.2615,
15.2625,
15.2635,
15.2645,
15.2655,
15.2665,
15.2676,
15.2685,
15.2698,
15.2705,
15.272,
15.2725,
15.2742,
15.2746,
15.2761,
15.2765,
15.2782,
15.2786,
15.2803,
15.2806,
15.2821,
15.2825,
15.2839,
15.2845,
15.2857,
15.2865,
15.2877,
15.2885,
15.2896,
15.2905,
15.2915,
15.2925,
15.2935,
15.2945,
15.2955,
15.2965,
15.2975,
15.2985,
15.2995,
15.3005,
15.3015,
15.3027,
15.3035,
15.3049,
15.3056,
15.307,
15.3076,
15.3091,
15.3096,
15.3112,
15.3116,
15.3132,
15.3135,
15.315,
15.3155,
15.3165,
15.3179,
15.3185,
15.3201,
15.3205,
15.322,
15.3225,
15.3238,
15.3245,
15.3257,
15.3265,
15.3276,
15.3285,
15.3296,
15.3305,
15.3316,
15.3325,
15.3335,
15.3345,
15.3355,
15.3365,
15.3375,
15.3385,
15.3395,
15.3405,
15.3415,
15.3425,
15.3436,
15.3447,
15.3455,
15.3465,
15.3475,
15.3487,
15.3495,
15.3507,
15.3515,
15.3526,
15.3535,
15.3546,
15.3555,
15.3566,
15.3575,
15.3586,
15.3595,
15.361,
15.3615,
15.3626,
15.3635,
15.3645,
15.3658,
15.3665,
15.3678,
15.3685,
15.37,
15.3705,
15.3718,
15.3725,
15.3737,
15.3745,
15.3757,
15.3765,
15.3778,
15.3785,
15.3798,
15.3805,
15.3819,
15.3825,
15.384,
15.3845,
15.386,
15.3865,
15.3879,
15.3885,
15.3898,
15.3905,
15.3916,
15.3925,
15.3935,
15.3946,
15.3955,
15.3965,
15.3975,
15.3985,
15.3995,
15.4005,
15.4015,
15.4025,
15.4035,
15.4045,
15.4055,
15.4067,
15.4075,
15.4086,
15.4095,
15.4105,
15.4115,
15.4125,
15.4135,
15.4145,
15.4157,
15.4165,
15.4177,
15.4185,
15.4197,
15.4205,
15.4217,
15.4225,
15.4237,
15.4245,
15.4258,
15.4265,
15.4277,
15.4285,
15.4298,
15.4305,
15.4318,
15.4325,
15.4336,
15.4345,
15.4355,
15.4365,
15.4375,
15.4385,
15.4395,
15.4405,
15.4415,
15.4425,
15.4435,
15.4445,
15.4455,
15.4465,
15.4475,
15.4485,
15.4495,
15.4505,
15.4515,
15.4525,
15.4535,
15.4545,
15.4555,
15.4565,
15.4575,
15.4585,
15.4595,
15.4605,
15.4615,
15.4625,
15.4635,
15.4645,
15.4655,
15.4665,
15.4675,
15.4685,
15.4695,
15.4705,
15.4715,
15.4725,
15.4735,
15.4745,
15.4755,
15.4765,
15.4775,
15.4785,
15.4795,
15.4805,
15.4815,
15.4825,
15.4835,
15.4845,
15.4855,
15.4865,
15.4875,
15.4885,
15.4895,
15.4905,
15.4916,
15.4925,
15.4935,
15.4945,
15.4955,
15.4965,
15.4975,
15.4985,
15.4995,
15.5005,
15.5015,
15.5025,
15.5035,
15.5045,
15.5055,
15.5065,
15.5075,
15.5085,
15.5095,
15.5105,
15.5115,
15.5125,
15.5135,
15.5145,
15.5155,
15.5165,
15.5175,
15.5185,
15.5195,
15.5205,
15.5215,
15.5225,
15.5235,
15.5245,
15.5255,
15.5265,
15.5275,
15.5285,
15.5295,
15.5305,
15.5315,
15.5325,
15.5335,
15.5345,
15.5355,
15.5365,
15.5375,
15.5385,
15.5395,
15.5405,
15.5415,
15.5425,
15.5435,
15.5445,
15.5455,
15.5465,
15.5475,
15.5485,
15.5495,
15.5505,
15.5515,
15.5525,
15.5538,
15.5545,
15.5555,
15.5565,
15.5575,
15.5585,
15.5595,
15.5605,
15.5615,
15.5625,
15.5635,
15.5645,
15.5655,
15.5665,
15.5676,
15.5685,
15.5695,
15.5705,
15.5715,
15.5725,
15.5735,
15.5745,
15.5755,
15.5765,
15.5775,
15.5785,
15.5795,
15.5805,
15.5815,
15.5825,
15.5835,
15.5845,
15.5855,
15.5865,
15.5875,
15.5885,
15.5895,
15.5905,
15.5915,
15.5925,
15.5938,
15.5945,
15.5958,
15.5965,
15.5976,
15.5985,
15.5995,
15.6005,
15.6015,
15.6025,
15.6035,
15.6045,
15.6055,
15.6065,
15.6075,
15.6085,
15.6095,
15.6105,
15.6115,
15.6125,
15.6135,
15.6145,
15.6155,
15.6165,
15.6175,
15.6188,
15.6195,
15.6207,
15.6215,
15.6227,
15.6235,
15.6247,
15.6255,
15.6267,
15.6275,
15.6287,
15.6295,
15.6308,
15.6315,
15.6327,
15.6335,
15.6345,
15.6358,
15.6365,
15.6377,
15.6385,
15.6397,
15.6405,
15.6416,
15.6425,
15.6435,
15.6445,
15.6455,
15.6465,
15.6475,
15.6485,
15.6495,
15.6505,
15.6515,
15.6525,
15.6535,
15.6545,
15.6555,
15.6565,
15.6575,
15.6585,
15.6595,
15.6605,
15.6615,
15.6625,
15.6635,
15.6645,
15.6655,
15.6665,
15.6675,
15.6685,
15.6695,
15.6705,
15.6715,
15.6725,
15.6735,
15.6745,
15.6755,
15.6765,
15.6775,
15.6785,
15.6795,
15.6805,
15.6815,
15.6825,
15.6835,
15.6845,
15.6855,
15.6865,
15.6875,
15.6885,
15.6895,
15.6905,
15.6915,
15.6925,
15.6935,
15.6945,
15.6955,
15.6965,
15.6975,
15.6985,
15.6995,
15.7005,
15.7015,
15.7025,
15.7035,
15.7045,
15.7055,
15.7065,
15.7075,
15.7087,
15.7095,
15.7107,
15.7115,
15.7127,
15.7135,
15.7147,
15.7155,
15.7167,
15.7175,
15.7187,
15.7195,
15.7205,
15.7215,
15.7225,
15.7235,
15.7245,
15.7255,
15.7265,
15.7275,
15.7285,
15.7295,
15.7305,
15.7315,
15.7325,
15.7335,
15.7345,
15.7355,
15.7365,
15.7375,
15.7385,
15.7395,
15.7405,
15.7415,
15.7425,
15.7435,
15.7445,
15.7456,
15.7465,
15.7475,
15.7485,
15.7495,
15.7505,
15.7515,
15.7525,
15.7535,
15.7546,
15.7555,
15.7565,
15.7575,
15.7585,
15.7595,
15.7605,
15.7615,
15.7625,
15.7635,
15.7645,
15.7655,
15.7665,
15.7675,
15.7685,
15.7695,
15.7705,
15.7715,
15.7725,
15.7735,
15.7745,
15.7755,
15.7765,
15.7775,
15.7785,
15.7795,
15.7805,
15.7815,
15.7825,
15.7835,
15.7845,
15.7855,
15.7865,
15.7875,
15.7886,
15.7895,
15.7906,
15.7915,
15.7925,
15.7935,
15.7945,
15.7955,
15.7965,
15.7975,
15.7985,
15.7995,
15.8005,
15.8015,
15.8025,
15.8035,
15.8045,
15.8055,
15.8065,
15.8077,
15.8085,
15.8097,
15.8105,
15.8115,
15.8125,
15.8135,
15.8145,
15.8155,
15.8165,
15.8175,
15.8185,
15.8195,
15.8205,
15.8215,
15.8225,
15.8235,
15.8245,
15.8255,
15.8265,
15.8275,
15.8285,
15.8295,
15.8305,
15.8315,
15.8325,
15.8335,
15.8347,
15.8355,
15.8367,
15.8375,
15.8387,
15.8395,
15.8407,
15.8415,
15.8428,
15.8435,
15.8447,
15.8455,
15.8468,
15.8475,
15.8487,
15.8495,
15.8505,
15.8515,
15.8525,
15.8535,
15.8545,
15.8555,
15.8565,
15.8575,
15.8585,
15.8595,
15.8605,
15.8615,
15.8625,
15.8635,
15.8645,
15.8655,
15.8665,
15.8675,
15.8685,
15.8695,
15.8705,
15.8715,
15.8725,
15.8735,
15.8745,
15.8755,
15.8765,
15.8775,
15.8785,
15.8795,
15.8805,
15.8815,
15.8825,
15.8835,
15.8847,
15.8855,
15.8867,
15.8875,
15.8887,
15.8895,
15.8908,
15.8915,
15.8927,
15.8935,
15.8945,
15.8955,
15.8965,
15.8975,
15.8985,
15.8995,
15.9005,
15.9015,
15.9025,
15.9035,
15.9045,
15.9055,
15.9065,
15.9075,
15.9085,
15.9095,
15.9105,
15.9115,
15.9125,
15.9135,
15.9145,
15.9155,
15.9165,
15.9175,
15.9185,
15.9195,
15.9205,
15.9215,
15.9225,
15.9235,
15.9245,
15.9255,
15.9265,
15.9275,
15.9285,
15.9295,
15.9305,
15.9315,
15.9325,
15.9335,
15.9345,
15.9355,
15.9365,
15.9375,
15.9385,
15.9395,
15.9405,
15.9415,
15.9425,
15.9435,
15.9445,
15.9455,
15.9465,
15.9475,
15.9485,
15.9497,
15.9505,
15.9515,
15.9525,
15.9538,
15.9545,
15.9557,
15.9565,
15.9577,
15.9585,
15.9595,
15.9605,
15.9615,
15.9625,
15.9635,
15.9645,
15.9655,
15.9665,
15.9675,
15.9685,
15.9699,
15.9705,
15.9719,
15.9725,
15.9737,
15.9745,
15.9755,
15.9765,
15.9775,
15.9785,
15.9795,
15.9805,
15.9815,
15.9825,
15.9835,
15.9845,
15.9855,
15.9865,
15.9875,
15.9885,
15.9895,
15.9905,
15.9915,
15.9925,
15.9935,
15.9945,
15.9959,
15.9965,
15.998,
15.9985,
16.0003,
16.0005,
16.0018,
16.0025,
16.004,
16.0046,
16.0062,
16.0066,
16.0084,
16.0086,
16.0111,
16.014,
16.0169,
16.0187,
16.0209,
16.0221,
16.0225,
16.0236,
16.0245,
16.0257,
16.0265,
16.0279,
16.0285,
16.03,
16.0323,
16.0335,
16.0346,
16.0355,
16.0365,
16.0375,
16.0385,
16.0395,
16.0405,
16.0415,
16.0425,
16.0435,
16.0445,
16.0455,
16.0465,
16.0475,
16.0485,
16.0495,
16.0505,
16.0517,
16.0525,
16.0539,
16.0545,
16.0561,
16.0565,
16.0583,
16.0586,
16.0604,
16.0606,
16.0628,
16.065,
16.0685,
16.0703,
16.0719,
16.0732,
16.0744,
16.0745,
16.0756,
16.0765,
16.0777,
16.079,
16.0795,
16.0807,
16.0815,
16.0831,
16.0835,
16.0854,
16.0855,
16.0876,
16.0893,
16.0896,
16.0912,
16.0915,
16.0931,
16.0935,
16.0945,
16.0966,
16.0982,
16.0986,
16.0997,
16.1005,
16.1017,
16.1025,
16.1035,
16.1045,
16.1055,
16.1065,
16.1077,
16.1085,
16.1096,
16.1105,
16.1115,
16.1125,
16.1136,
16.1145,
16.1155,
16.1165,
16.1175,
16.1185,
16.1195,
16.121,
16.1215,
16.123,
16.1235,
16.1253,
16.1255,
16.1272,
16.1275,
16.1293,
16.1295,
16.1313,
16.1315,
16.1333,
16.1335,
16.135,
16.1355,
16.1365,
16.1375,
16.1385,
16.1395,
16.1405,
16.1417,
16.1425,
16.1438,
16.1445,
16.146,
16.1465,
16.1481,
16.1485,
16.1502,
16.1505,
16.1521,
16.1525,
16.1541,
16.1545,
16.1557,
16.1565,
16.1577,
16.1585,
16.1597,
16.1605,
16.1617,
16.1646,
16.1662,
16.1681,
16.1695,
16.1697,
16.1712,
16.1716,
16.1731,
16.1735,
16.175,
16.1755,
16.1767,
16.1775,
16.1786,
16.1796,
16.1806,
16.1823,
16.1828,
16.1847,
16.1859,
16.1865,
16.1876,
16.1885,
16.1896,
16.1905,
16.1918,
16.1926,
16.1941,
16.1946,
16.1959,
16.1965,
16.1978,
16.1985,
16.1996,
16.2005,
16.2015,
16.2025,
16.2041,
16.2045,
16.206,
16.2065,
16.2077,
16.2089,
16.2095,
16.2106,
16.2115,
16.2125,
16.2135,
16.2147,
16.2155,
16.2167,
16.2175,
16.2189,
16.2196,
16.2211,
16.2216,
16.2234,
16.2236,
16.2252,
16.2256,
16.2265,
16.2281,
16.2285,
16.2303,
16.2305,
16.2319,
16.2325,
16.2337,
16.2345,
16.2357,
16.2365,
16.2376,
16.2385,
16.2396,
16.2405,
16.2415,
16.2425,
16.2435,
16.2445,
16.2455,
16.2465,
16.2476,
16.2485,
16.2495,
16.2505,
16.2515,
16.2525,
16.2535,
16.2546,
16.2555,
16.2565,
16.2575,
16.2585,
16.2595,
16.2605,
16.2615,
16.2625,
16.2635,
16.2646,
16.2655,
16.2668,
16.2675,
16.2685,
16.2701,
16.2705,
16.2719,
16.2725,
16.2737,
16.2745,
16.2757,
16.2765,
16.2776,
16.2785,
16.2795,
16.2805,
16.2815,
16.2825,
16.2835,
16.2845,
16.2857,
16.2865,
16.288,
16.2885,
16.2901,
16.2906,
16.2922,
16.2926,
16.2942,
16.2958,
16.2972,
16.2975,
16.2988,
16.2995,
16.3006,
16.3015,
16.3027,
16.3035,
16.3046,
16.3055,
16.3066,
16.3075,
16.3086,
16.3095,
16.3105,
16.3116,
16.3125,
16.3138,
16.3145,
16.316,
16.3165,
16.3181,
16.3186,
16.3202,
16.3206,
16.3221,
16.3226,
16.3239,
16.3245,
16.3257,
16.3265,
16.3277,
16.3285,
16.3297,
16.3305,
16.3319,
16.3325,
16.3341,
16.3346,
16.3364,
16.3366,
16.3384,
16.3386,
16.3403,
16.3406,
16.3424,
16.3442,
16.3457,
16.347,
16.3475,
16.3489,
16.3495,
16.351,
16.3515,
16.3529,
16.3535,
16.3547,
16.3555,
16.3566,
16.3575,
16.3585,
16.3597,
16.3605,
16.3619,
16.3625,
16.364,
16.3646,
16.3661,
16.3665,
16.3679,
16.3685,
16.3697,
16.3705,
16.3716,
16.3725,
16.3736,
16.3745,
16.3755,
16.3765,
16.3775,
16.3785,
16.3795,
16.3805,
16.3815,
16.3825,
16.3835,
16.3845,
16.3855,
16.3869,
16.3875,
16.389,
16.3895,
16.3911,
16.3915,
16.3933,
16.3935,
16.3953,
16.3955,
16.3967,
16.3975,
16.3986,
16.3995,
16.4006,
16.4015,
16.4025,
16.4037,
16.4045,
16.4057,
16.4065,
16.4077,
16.4085,
16.4097,
16.4105,
16.4117,
16.4125,
16.4137,
16.4145,
16.4156,
16.4165,
16.4176,
16.4185,
16.4196,
16.4205,
16.4215,
16.4225,
16.4236,
16.4245,
16.4256,
16.4265,
16.4275,
16.4289,
16.4295,
16.4306,
16.4315,
16.4325,
16.4335,
16.4345,
16.4355,
16.4365,
16.4375,
16.4385,
16.4395,
16.4405,
16.4415,
16.4425,
16.4435,
16.4445,
16.4455,
16.4465,
16.4475,
16.4485,
16.4495,
16.4505,
16.4515,
16.4525,
16.4535,
16.4545,
16.4555,
16.4565,
16.4575,
16.4585,
16.4595,
16.4605,
16.4615,
16.4625,
16.4635,
16.4645,
16.4655,
16.4665,
16.4675,
16.4685,
16.4695,
16.4705,
16.4715,
16.4725,
16.4735,
16.4745,
16.4755,
16.4765,
16.4775,
16.4785,
16.4795,
16.4805,
16.4815,
16.4825,
16.4835,
16.4845,
16.4855,
16.4865,
16.4875,
16.4885,
16.4895,
16.4905,
16.4915,
16.4925,
16.4935,
16.4945,
16.4955,
16.4965,
16.4975,
16.4985,
16.4995,
16.5005,
16.5015,
16.5025,
16.5035,
16.5045,
16.5055,
16.5065,
16.5075,
16.5085,
16.5095,
16.5105,
16.5115,
16.5125,
16.5135,
16.5145,
16.5155,
16.5165,
16.5175,
16.5185,
16.5195,
16.5205,
16.5215,
16.5225,
16.5235,
16.5245,
16.5255,
16.5265,
16.5275,
16.5285,
16.5295,
16.5305,
16.5315,
16.5325,
16.5335,
16.5345,
16.5355,
16.5365,
16.5375,
16.5385,
16.5395,
16.5405,
16.5415,
16.5425,
16.5435,
16.5445,
16.5455,
16.5465,
16.5475,
16.5485,
16.5495,
16.5505,
16.5515,
16.5525,
16.5535,
16.5545,
16.5555,
16.5565,
16.5575,
16.5585,
16.5595,
16.5605,
16.5615,
16.5625,
16.5635,
16.5645,
16.5655,
16.5665,
16.5675,
16.5685,
16.5695,
16.5705,
16.5715,
16.5725,
16.5735,
16.5745,
16.5755,
16.5766,
16.5775,
16.5785,
16.5795,
16.5805,
16.5815,
16.5825,
16.5835,
16.5845,
16.5855,
16.5865,
16.5875,
16.5885,
16.5895,
16.5905,
16.5915,
16.5925,
16.5935,
16.5945,
16.5955,
16.5965,
16.5975,
16.5985,
16.5995,
16.6005,
16.6015,
16.6025,
16.6035,
16.6045,
16.6055,
16.6065,
16.6075,
16.6085,
16.6095,
16.6105,
16.6115,
16.6125,
16.6135,
16.6145,
16.6155,
16.6165,
16.6175,
16.6185,
16.6197,
16.6205,
16.6217,
16.6225,
16.6237,
16.6245,
16.6257,
16.6265,
16.6277,
16.6285,
16.6297,
16.6305,
16.6315,
16.6325,
16.6335,
16.6345,
16.6355,
16.6365,
16.6375,
16.6385,
16.6395,
16.6405,
16.6415,
16.6425,
16.6437,
16.6445,
16.6457,
16.6465,
16.6475,
16.6485,
16.6495,
16.6505,
16.6515,
16.6525,
16.6535,
16.6545,
16.6555,
16.6565,
16.6575,
16.6585,
16.6595,
16.6605,
16.6615,
16.6625,
16.6637,
16.6645,
16.6657,
16.6665,
16.6677,
16.6685,
16.6697,
16.6705,
16.6717,
16.6725,
16.6735,
16.6745,
16.6755,
16.6765,
16.6775,
16.6785,
16.6795,
16.6805,
16.6815,
16.6825,
16.6835,
16.6845,
16.6855,
16.6865,
16.6875,
16.6885,
16.6895,
16.6907,
16.6915,
16.6927,
16.6935,
16.6947,
16.6955,
16.6967,
16.6975,
16.6987,
16.6995,
16.7007,
16.7015,
16.7025,
16.7035,
16.7045,
16.7055,
16.7065,
16.7077,
16.7085,
16.7097,
16.7105,
16.7115,
16.7125,
16.7135,
16.7145,
16.7155,
16.7165,
16.7175,
16.7185,
16.7195,
16.7205,
16.7215,
16.7225,
16.7235,
16.7245,
16.7255,
16.7265,
16.7275,
16.7285,
16.7296,
16.7305,
16.7326,
16.7348,
16.7368,
16.7389,
16.7406,
16.7421,
16.7436,
16.7449,
16.7455,
16.7467,
16.7475,
16.7485,
16.7498,
16.7505,
16.7517,
16.7525,
16.7537,
16.7545,
16.7557,
16.7565,
16.7576,
16.7585,
16.7595,
16.7605,
16.7615,
16.7625,
16.7635,
16.7645,
16.7655,
16.7665,
16.7675,
16.7685,
16.7695,
16.7705,
16.7715,
16.7725,
16.7735,
16.7747,
16.7755,
16.7767,
16.7775,
16.7787,
16.7795,
16.7807,
16.7815,
16.7827,
16.7835,
16.7847,
16.7855,
16.7867,
16.7875,
16.7887,
16.7895,
16.7907,
16.7915,
16.7925,
16.7935,
16.7945,
16.7955,
16.7965,
16.7975,
16.7985,
16.7995,
16.8005,
16.8015,
16.8025,
16.8035,
16.8045,
16.8055,
16.8065,
16.8075,
16.8085,
16.8095,
16.8105,
16.8115,
16.8125,
16.8135,
16.8145,
16.8155,
16.8167,
16.8175,
16.8187,
16.8195,
16.8207,
16.8215,
16.8227,
16.8235,
16.8247,
16.8255,
16.8267,
16.8275,
16.8287,
16.8295,
16.8305,
16.8315,
16.8325,
16.8335,
16.8345,
16.8355,
16.8365,
16.8375,
16.8385,
16.8395,
16.8405,
16.8415,
16.8425,
16.8435,
16.8445,
16.8455,
16.8465,
16.8475,
16.8485,
16.8495,
16.8505,
16.8515,
16.8525,
16.8535,
16.8545,
16.8555,
16.8565,
16.8575,
16.8585,
16.8595,
16.8607,
16.8615,
16.8627,
16.8635,
16.8648,
16.8655,
16.8668,
16.8675,
16.8687,
16.8695,
16.8707,
16.8715,
16.8727,
16.8735,
16.8747,
16.8755,
16.8765,
16.8775,
16.8785,
16.8795,
16.8805,
16.882,
16.8825,
16.8843,
16.8845,
16.8862,
16.8865,
16.888,
16.8885,
16.8898,
16.8905,
16.8917,
16.8925,
16.8936,
16.8945,
16.8955,
16.8965,
16.8975,
16.8985,
16.8996,
16.9005,
16.9017,
16.9025,
16.9039,
16.9061,
16.9073,
16.9075,
16.9087,
16.9095,
16.9107,
16.9115,
16.9127,
16.9135,
16.9147,
16.9155,
16.9166,
16.9175,
16.9187,
16.9195,
16.9205,
16.9215,
16.9225,
16.9236,
16.9245,
16.9256,
16.9265,
16.9276,
16.9285,
16.9295,
16.9305,
16.9315,
16.9325,
16.9336,
16.9345,
16.9358,
16.9365,
16.938,
16.9385,
16.9401,
16.9405,
16.9422,
16.9425,
16.9442,
16.9445,
16.9463,
16.9465,
16.9481,
16.9485,
16.9499,
16.9505,
16.9525,
16.9542,
16.956,
16.9575,
16.9576,
16.9589,
16.9595,
16.9607,
16.9615,
16.9625,
16.9635,
16.9646,
16.9655,
16.9668,
16.9675,
16.9687,
16.9695,
16.9706,
16.9715,
16.9725,
16.9736,
16.9745,
16.9757,
16.9765,
16.9779,
16.9785,
16.9801,
16.9805,
16.9821,
16.9825,
16.9839,
16.9845,
16.9857,
16.9865,
16.9876,
16.9885,
16.9895,
16.9905,
16.9915,
16.9925,
16.9935,
16.9945,
16.9955,
16.9965,
16.9975,
16.9985,
16.9995,
17.0005,
17.0015,
17.0031,
17.0035,
17.0051,
17.0055,
17.0072,
17.0075,
17.0092,
17.0095,
17.0113,
17.0115,
17.0134,
17.0135,
17.0148,
17.0155,
17.0166,
17.0175,
17.0185,
17.02,
17.0205,
17.0218,
17.0225,
17.0238,
17.0245,
17.0256,
17.0265,
17.0277,
17.0285,
17.0295,
17.0305,
17.0317,
17.0325,
17.0338,
17.0345,
17.0358,
17.0365,
17.0382,
17.0385,
17.0406,
17.0407,
17.0416,
17.0426,
17.0448,
17.0456,
17.0466,
17.0476,
17.0498,
17.0506,
17.0516,
17.0526,
17.0537,
17.0563,
17.0566,
17.0576,
17.0586,
17.0596,
17.0619,
17.0643,
17.0645,
17.0665,
17.0684,
17.0687,
17.07,
17.0705,
17.0715,
17.0725,
17.074,
17.0745,
17.0757,
17.0765,
17.0775,
17.0785,
17.0795,
17.0805,
17.082,
17.0825,
17.0841,
17.0845,
17.0855,
17.0865,
17.0878,
17.0885,
17.0898,
17.0905,
17.0916,
17.0925,
17.0935,
17.0945,
17.0961,
17.0985,
17.1001,
17.1005,
17.1015,
17.1043,
17.1064,
17.1066,
17.1076,
17.1096,
17.1114,
17.1115,
17.1132,
17.1135,
17.1155,
17.1156,
17.1165,
17.1181,
17.1185,
17.1201,
17.1205,
17.1219,
17.1225,
17.1239,
17.1245,
17.1261,
17.1265,
17.1282,
17.1285,
17.1299,
17.1305,
17.1328,
17.1343,
17.1345,
17.1358,
17.1365,
17.1378,
17.1385,
17.1395,
17.1405,
17.1415,
17.1425,
17.1435,
17.1445,
17.1455,
17.1465,
17.1476,
17.1485,
17.1495,
17.1505,
17.1515,
17.1525,
17.1535,
17.1545,
17.1555,
17.1565,
17.1575,
17.1585,
17.1595,
17.1605,
17.1615,
17.1625,
17.1635,
17.1645,
17.1655,
17.1665,
17.1675,
17.1685,
17.1695,
17.1705,
17.1715,
17.1725,
17.1735,
17.1745,
17.1755,
17.1765,
17.1775,
17.1785,
17.1795,
17.1805,
17.1815,
17.1825,
17.1835,
17.1845,
17.1856,
17.1866,
17.1876,
17.1886,
17.1896,
17.1906,
17.1916,
17.1926,
17.1936,
17.1946,
17.1956,
17.1967,
17.1976,
17.1986,
17.1996,
17.2006,
17.2016,
17.2026,
17.2036,
17.2046,
17.2057,
17.2068,
17.2077,
17.2086,
17.2096,
17.2106,
17.2116,
17.2126,
17.2136,
17.2146,
17.2156,
17.2166,
17.2176,
17.2186,
17.2196,
17.2206,
17.2216,
17.2226,
17.2236,
17.2246,
17.2256,
17.2266,
17.2276,
17.2286,
17.2296,
17.2306,
17.2316,
17.2326,
17.2336,
17.2346,
17.2356,
17.2366,
17.2377,
17.2386,
17.2396,
17.2406,
17.2416,
17.2426,
17.2436,
17.2446,
17.2456,
17.2467,
17.2476,
17.2487,
17.2496,
17.2506,
17.2516,
17.2526,
17.2536,
17.2546,
17.2556,
17.2566,
17.2576,
17.2586,
17.2596,
17.2606,
17.2616,
17.2626,
17.2636,
17.2646,
17.2656,
17.2666,
17.2676,
17.2686,
17.2696,
17.2706,
17.2716,
17.2726,
17.2736,
17.2746,
17.2756,
17.2766,
17.2776,
17.2786,
17.2796,
17.2806,
17.2816,
17.2826,
17.2837,
17.2846,
17.2856,
17.2866,
17.2876,
17.2886,
17.2896,
17.2906,
17.2916,
17.2926,
17.2936,
17.2946,
17.2956,
17.2966,
17.2976,
17.2986,
17.2997,
17.3007,
17.3016,
17.3026,
17.3036,
17.3046,
17.3056,
17.3066,
17.3076,
17.3086,
17.3095,
17.3106,
17.3115,
17.3125,
17.3136,
17.3146,
17.3156,
17.3166,
17.3176,
17.3185,
17.3195,
17.3206,
17.3215,
17.3225,
17.3235,
17.3245,
17.3255,
17.3265,
17.3275,
17.3285,
17.3295,
17.3305,
17.3315,
17.3325,
17.3335,
17.3345,
17.3355,
17.3365,
17.3375,
17.3385,
17.3395,
17.3405,
17.3415,
17.3425,
17.3435,
17.3445,
17.3455,
17.3465,
17.3475,
17.3485,
17.3495,
17.3505,
17.3515,
17.3525,
17.3535,
17.3545,
17.3555,
17.3565,
17.3575,
17.3585,
17.3595,
17.3605,
17.3615,
17.3625,
17.3635,
17.3645,
17.3655,
17.3665,
17.3675,
17.3685,
17.3695,
17.3705,
17.3715,
17.3725,
17.3735,
17.3745,
17.3755,
17.3765,
17.3775,
17.3785,
17.3795,
17.3805,
17.3815,
17.3825,
17.3835,
17.3845,
17.3855,
17.3865,
17.3875,
17.3885,
17.3895,
17.3905,
17.3915,
17.3925,
17.3935,
17.3945,
17.3955,
17.3965,
17.3975,
17.3985,
17.3995,
17.4005,
17.4015,
17.4025,
17.4035,
17.4045,
17.4055,
17.4065,
17.4075,
17.4085,
17.4095,
17.4105,
17.4115,
17.4125,
17.4135,
17.4145,
17.4155,
17.4165,
17.4175,
17.4185,
17.4195,
17.4205,
17.4215,
17.4225,
17.4235,
17.4245,
17.4255,
17.4265,
17.4275,
17.4285,
17.4295,
17.4305,
17.4315,
17.4325,
17.4335,
17.4345,
17.4355,
17.4365,
17.4375,
17.4385,
17.4395,
17.4405,
17.4415,
17.4425,
17.4435,
17.4445,
17.4455,
17.4465,
17.4475,
17.4485,
17.4495,
17.4505,
17.4515,
17.4525,
17.4535,
17.4545,
17.4555,
17.4565,
17.4575,
17.4585,
17.4595,
17.4605,
17.4615,
17.4625,
17.4635,
17.4645,
17.4655,
17.4665,
17.4675,
17.4685,
17.4695,
17.4705,
17.4715,
17.4725,
17.4735,
17.4745,
17.4755,
17.4765,
17.4775,
17.4785,
17.4795,
17.4805,
17.4815,
17.4825,
17.4835,
17.4845,
17.4855,
17.4865,
17.4875,
17.4885,
17.4895,
17.4905,
17.4915,
17.4925,
17.4935,
17.4945,
17.4955,
17.4965,
17.4975,
17.4985,
17.4995,
17.5005,
17.5015,
17.5025,
17.5035,
17.5045,
17.5055,
17.5065,
17.5075,
17.5085,
17.5095,
17.5105,
17.5115,
17.5125,
17.5135,
17.5145,
17.5155,
17.5165,
17.5175,
17.5185,
17.5195,
17.5205,
17.5215,
17.5225,
17.5235,
17.5245,
17.5255,
17.5265,
17.5275,
17.5285,
17.5295,
17.5305,
17.5315,
17.5325,
17.5335,
17.5345,
17.5355,
17.5365,
17.5375,
17.5385,
17.5395,
17.5405,
17.5415,
17.5425,
17.5435,
17.5445,
17.5455,
17.5465,
17.5475,
17.5485,
17.5495,
17.5505,
17.5515,
17.5525,
17.5535,
17.5545,
17.5555,
17.5565,
17.5575,
17.5585,
17.5595,
17.5605,
17.5615,
17.5625,
17.5635,
17.5645,
17.5655,
17.5665,
17.5675,
17.5685,
17.5695,
17.5705,
17.5715,
17.5725,
17.5735,
17.5745,
17.5755,
17.5765,
17.5775,
17.5785,
17.5795,
17.5805,
17.5815,
17.5825,
17.5835,
17.5845,
17.5855,
17.5865,
17.5875,
17.5885,
17.5895,
17.5905,
17.5915,
17.5925,
17.5935,
17.5945,
17.5955,
17.5965,
17.5975,
17.5985,
17.5995,
17.6005,
17.6015,
17.6025,
17.6035,
17.6045,
17.6055,
17.6065,
17.6075,
17.6085,
17.6095,
17.6105,
17.6115,
17.6125,
17.6135,
17.6145,
17.6155,
17.6165,
17.6175,
17.6185,
17.6195,
17.6205,
17.6215,
17.6225,
17.6235,
17.6245,
17.6255,
17.6265,
17.6275,
17.6285,
17.6295,
17.6305,
17.6315,
17.6325,
17.6335,
17.6345,
17.6355,
17.6365,
17.6375,
17.6385,
17.6395,
17.6405,
17.6415,
17.6425,
17.6435,
17.6445,
17.6455,
17.6465,
17.6475,
17.6485,
17.6495,
17.6505,
17.6515,
17.6525,
17.6535,
17.6545,
17.6555,
17.6565,
17.6575,
17.6585,
17.6595,
17.6605,
17.6615,
17.6625,
17.6635,
17.6645,
17.6655,
17.6665,
17.6675,
17.6685,
17.6695,
17.6705,
17.6715,
17.6725,
17.6735,
17.6745,
17.6755,
17.6765,
17.6775,
17.6785,
17.6795,
17.6805,
17.6815,
17.6825,
17.6835,
17.6845,
17.6855,
17.6865,
17.6875,
17.6885,
17.6895,
17.6905,
17.6915,
17.6925,
17.6935,
17.6945,
17.6955,
17.6965,
17.6975,
17.6985,
17.6995,
17.7005,
17.7015,
17.7025,
17.7035,
17.7045,
17.7055,
17.7065,
17.7075,
17.7085,
17.7095,
17.7105,
17.7115,
17.7125,
17.7135,
17.7145,
17.7155,
17.7165,
17.7175,
17.7185,
17.7195,
17.7205,
17.7215,
17.7225,
17.7235,
17.7245,
17.7255,
17.7265,
17.7275,
17.7285,
17.7295,
17.7305,
17.7315,
17.7325,
17.7335,
17.7345,
17.7355,
17.7365,
17.7375,
17.7385,
17.7395,
17.7405,
17.7415,
17.7425,
17.7435,
17.7445,
17.7455,
17.7465,
17.7475,
17.7485,
17.7495,
17.7505,
17.7515,
17.7525,
17.7535,
17.7545,
17.7555,
17.7565,
17.7575,
17.7585,
17.7595,
17.7605,
17.7615,
17.7625,
17.7635,
17.7645,
17.7655,
17.7665,
17.7675,
17.7685,
17.7695,
17.7705,
17.7715,
17.7725,
17.7735,
17.7745,
17.7755,
17.7765,
17.7775,
17.7785,
17.7795,
17.7805,
17.7815,
17.7825,
17.7835,
17.7845,
17.7855,
17.7865,
17.7875,
17.7885,
17.7895,
17.7905,
17.7915,
17.7925,
17.7935,
17.7945,
17.7955,
17.7965,
17.7975,
17.7985,
17.7995,
17.8005,
17.8015,
17.8025,
17.8035,
17.8045,
17.8055,
17.8065,
17.8075,
17.8085,
17.8095,
17.8105,
17.8115,
17.8125,
17.8135,
17.8145,
17.8155,
17.8165,
17.8175,
17.8185,
17.8195,
17.8205,
17.8215,
17.8225,
17.8235,
17.8245,
17.8255,
17.8265,
17.8275,
17.8285,
17.8295,
17.8305,
17.8315,
17.8325,
17.8336,
17.8345,
17.8355,
17.8365,
17.8376,
17.8387,
17.8396,
17.8406,
17.8416,
17.8426,
17.8436,
17.8446,
17.8456,
17.8466,
17.8476,
17.8486,
17.8496,
17.8506,
17.8516,
17.8526,
17.8536,
17.8546,
17.8556,
17.8566,
17.8576,
17.8586,
17.8596,
17.8607,
17.8617,
17.8627,
17.8637,
17.8647,
17.8658,
17.8667,
17.8677,
17.8686,
17.8696,
17.8706,
17.8716,
17.8726,
17.8736,
17.8746,
17.8757,
17.8766,
17.8777,
17.8787,
17.8797,
17.8807,
17.8817,
17.8827,
17.8837,
17.8847,
17.8857,
17.8867,
17.8877,
17.8887,
17.8897,
17.8907,
17.8916,
17.8926,
17.8937,
17.8946,
17.8956,
17.8966,
17.8976,
17.8986,
17.8996,
17.9005,
17.9015,
17.9026,
17.9036,
17.9046,
17.9056,
17.9066,
17.9076,
17.9086,
17.9096,
17.9106,
17.9116,
17.9126,
17.9136,
17.9146,
17.9156,
17.9166,
17.9176,
17.9186,
17.9196,
17.9206,
17.9216,
17.9227,
17.9236,
17.9246,
17.9256,
17.9267,
17.9276,
17.9286,
17.9296,
17.9306,
17.9316,
17.9326,
17.9336,
17.9346,
17.9356,
17.9366,
17.9376,
17.9386,
17.9396,
17.9406,
17.9416,
17.9426,
17.9436,
17.9446,
17.9456,
17.9466,
17.9476,
17.9486,
17.9496,
17.9506,
17.9516,
17.9526,
17.9536,
17.9546,
17.9556,
17.9566,
17.9576,
17.9586,
17.9596,
17.9606,
17.9616,
17.9626,
17.9636,
17.9646,
17.9657,
17.9666,
17.9676,
17.9686,
17.9696,
17.9706,
17.9716,
17.9726,
17.9736,
17.9746,
17.9756,
17.9766,
17.9776,
17.9786,
17.9796,
17.9806,
17.9816,
17.9826,
17.9836,
17.9846,
17.9856,
17.9866,
17.9877,
17.9886,
17.9896,
17.9906,
17.9916,
17.9926,
17.9936,
17.9946,
17.9956,
17.9966,
17.9976,
17.9986,
17.9996,
18.0007,
18.0016,
18.0027,
18.0038,
18.0047,
18.0056,
18.0066,
18.0076,
18.0086,
18.0096,
18.0106,
18.0116,
18.0126,
18.0136,
18.0146,
18.0156,
18.0166,
18.0177,
18.0186,
18.0196,
18.0206,
18.0216,
18.0226,
18.0236,
18.0247,
18.0256,
18.0266,
18.0276,
18.0286,
18.0296,
18.0306,
18.0316,
18.0326,
18.0336,
18.0346,
18.0356,
18.0366,
18.0376,
18.0386,
18.0396,
18.0406,
18.0416,
18.0426,
18.0436,
18.0446,
18.0456,
18.0466,
18.0476,
18.0486,
18.0496,
18.0506,
18.0516,
18.0526,
18.0536,
18.0546,
18.0556,
18.0566,
18.0576,
18.0586,
18.0596,
18.0606,
18.0616,
18.0626,
18.0636,
18.0646,
18.0656,
18.0666,
18.0676,
18.0686,
18.0696,
18.0706,
18.0717,
18.0726,
18.0736,
18.0747,
18.0756,
18.0766,
18.0776,
18.0786,
18.0796,
18.0806,
18.0816,
18.0826,
18.0836,
18.0846,
18.0856,
18.0866,
18.0877,
18.0886,
18.0896,
18.0906,
18.0916,
18.0926,
18.0936,
18.0946,
18.0956,
18.0966,
18.0976,
18.0986,
18.0996,
18.1006,
18.1016,
18.1026,
18.1036,
18.1047,
18.1057,
18.1066,
18.1076,
18.1086,
18.1096,
18.1106,
18.1116,
18.1126,
18.1136,
18.1146,
18.1156,
18.1166,
18.1176,
18.1186,
18.1196,
18.1206,
18.1216,
18.1226,
18.1236,
18.1246,
18.1256,
18.1266,
18.1276,
18.1286,
18.1296,
18.1306,
18.1316,
18.1326,
18.1336,
18.1346,
18.1357,
18.1366,
18.1377,
18.1387,
18.1396,
18.1406,
18.1417,
18.1427,
18.1436,
18.1446,
18.1456,
18.1467,
18.1476,
18.1486,
18.1497,
18.1506,
18.1517,
18.1527,
18.1536,
18.1546,
18.1558,
18.1567,
18.1577,
18.1586,
18.1597,
18.1607,
18.1617,
18.1627,
18.1637,
18.1647,
18.1656,
18.1667,
18.1677,
18.1687,
18.1696,
18.1707,
18.1717,
18.1726,
18.1737,
18.1747,
18.1757,
18.1767,
18.1777,
18.1786,
18.1796,
18.1807,
18.1817,
18.1827,
18.1836,
18.1847,
18.1857,
18.1866,
18.1876,
18.1887,
18.1897,
18.1907,
18.1917,
18.1927,
18.1937,
18.1947,
18.1957,
18.1967,
18.1977,
18.1987,
18.1997,
18.2007,
18.2017,
18.2027,
18.2037,
18.2048,
18.2058,
18.2072,
18.2078,
18.2088,
18.2098,
18.2107,
18.2117,
18.2126,
18.2137,
18.2147,
18.2157,
18.2167,
18.2178,
18.2187,
18.2197,
18.2207,
18.2217,
18.2227,
18.2237,
18.2247,
18.2257,
18.2267,
18.2277,
18.2287,
18.2297,
18.2307,
18.2317,
18.2326,
18.2336,
18.2346,
18.2356,
18.2366,
18.2376,
18.2387,
18.2398,
18.2407,
18.2417,
18.2427,
18.2437,
18.2446,
18.2456,
18.2467,
18.2477,
18.2487,
18.2497,
18.2507,
18.2517,
18.2526,
18.2536,
18.2546,
18.2556,
18.2566,
18.2576,
18.2586,
18.2596,
18.2606,
18.2616,
18.2626,
18.2636,
18.2647,
18.2656,
18.2666,
18.2676,
18.2686,
18.2697,
18.2707,
18.2716,
18.2726,
18.2736,
18.2746,
18.2756,
18.2766,
18.2776,
18.2786,
18.2796,
18.2807,
18.2816,
18.2826,
18.2836,
18.2846,
18.2856,
18.2868,
18.2876,
18.2886,
18.2896,
18.2906,
18.2916,
18.2926,
18.2936,
18.2946,
18.2956,
18.2966,
18.2977,
18.2986,
18.2996,
18.3006,
18.3016,
18.3026,
18.3036,
18.3047,
18.3056,
18.3067,
18.3076,
18.3086,
18.3096,
18.3106,
18.3116,
18.3126,
18.3136,
18.3146,
18.3156,
18.3166,
18.3176,
18.3186,
18.3196,
18.3206,
18.3216,
18.3226,
18.3237,
18.3246,
18.3257,
18.3266,
18.3276,
18.3286,
18.3297,
18.3307,
18.3317,
18.3327,
18.3337,
18.3347,
18.3357,
18.3367,
18.3377,
18.3387,
18.3396,
18.3407,
18.3416,
18.3426,
18.3436,
18.3447,
18.3458,
18.3468,
18.3477,
18.3487,
18.3496,
18.3506,
18.3516,
18.3526,
18.3536,
18.3547,
18.3557,
18.3567,
18.3577,
18.3587,
18.3597,
18.3607,
18.3617,
18.3627,
18.3637,
18.3647,
18.3657,
18.3667,
18.3677,
18.3687,
18.3697,
18.3706,
18.3717,
18.3727,
18.3737,
18.3746,
18.3756,
18.3766,
18.3776,
18.3786,
18.3796,
18.3806,
18.3817,
18.3826,
18.3836,
18.3846,
18.3856,
18.3866,
18.3876,
18.3886,
18.3896,
18.3906,
18.3916,
18.3926,
18.3936,
18.3946,
18.3956,
18.3966,
18.3976,
18.3986,
18.3996,
18.4005,
18.4016,
18.4025,
18.4035,
18.4045,
18.4055,
18.4065,
18.4075,
18.4085,
18.4095,
18.4105,
18.4116,
18.4126,
18.4136,
18.4146,
18.4156,
18.4166,
18.4176,
18.4186,
18.4196,
18.4206,
18.4218,
18.4227,
18.4237,
18.4247,
18.4257,
18.4267,
18.4277,
18.4287,
18.4297,
18.4306,
18.4316,
18.4326,
18.4336,
18.4346,
18.4356,
18.4366,
18.4376,
18.4386,
18.4396,
18.4406,
18.4416,
18.4426,
18.4436,
18.4446,
18.4456,
18.4467,
18.4476,
18.4486,
18.4496,
18.4506,
18.4516,
18.4526,
18.4536,
18.4546,
18.4556,
18.4566,
18.4576,
18.4585,
18.4595,
18.4605,
18.4615,
18.4625,
18.4635,
18.4645,
18.4655,
18.4665,
18.4675,
18.4685,
18.4695,
18.4705,
18.4715,
18.4725,
18.4735,
18.4745,
18.4755,
18.4765,
18.4775,
18.4785,
18.4795,
18.4805,
18.4815,
18.4825,
18.4835,
18.4845,
18.4855,
18.4865,
18.4875,
18.4885,
18.4895,
18.4905,
18.4915,
18.4925,
18.4935,
18.4945,
18.4955,
18.4965,
18.4975,
18.4985,
18.4995,
18.5005,
18.5015,
18.5025,
18.5035,
18.5045,
18.5055,
18.5065,
18.5075,
18.5085,
18.5095,
18.5105,
18.5115,
18.5125,
18.5135,
18.5145,
18.5155,
18.5165,
18.5175,
18.5185,
18.5195,
18.5205,
18.5215,
18.5225,
18.5235,
18.5245,
18.5255,
18.5265,
18.5275,
18.5285,
18.5295,
18.5305,
18.5315,
18.5325,
18.5335,
18.5345,
18.5355,
18.5365,
18.5375,
18.5385,
18.5395,
18.5405,
18.5415,
18.5425,
18.5435,
18.5445,
18.5455,
18.5465,
18.5475,
18.5485,
18.5495,
18.5505,
18.5515,
18.5525,
18.5535,
18.5545,
18.5555,
18.5565,
18.5575,
18.5585,
18.5595,
18.5605,
18.5615,
18.5625,
18.5635,
18.5645,
18.5655,
18.5665,
18.5675,
18.5685,
18.5695,
18.5705,
18.5715,
18.5725,
18.5735,
18.5745,
18.5755,
18.5765,
18.5775,
18.5785,
18.5795,
18.5805,
18.5815,
18.5825,
18.5835,
18.5845,
18.5855,
18.5865,
18.5875,
18.5885,
18.5895,
18.5905,
18.5915,
18.5925,
18.5935,
18.5945,
18.5955,
18.5965,
18.5975,
18.5985,
18.5995,
18.6005,
18.6015,
18.6025,
18.6035,
18.6045,
18.6055,
18.6065,
18.6075,
18.6085,
18.6095,
18.6105,
18.6115,
18.6125,
18.6135,
18.6145,
18.6155,
18.6165,
18.6175,
18.6185,
18.6195,
18.6205,
18.6215,
18.6225,
18.6235,
18.6245,
18.6255,
18.6265,
18.6275,
18.6285,
18.6295,
18.6305,
18.6315,
18.6325,
18.6335,
18.6345,
18.6355,
18.6365,
18.6375,
18.6385,
18.6395,
18.6405,
18.6415,
18.6425,
18.6435,
18.6445,
18.6455,
18.6465,
18.6475,
18.6485,
18.6495,
18.6505,
18.6515,
18.6525,
18.6535,
18.6545,
18.6555,
18.6565,
18.6575,
18.6585,
18.6595,
18.6605,
18.6615,
18.6625,
18.6635,
18.6645,
18.6655,
18.6665,
18.6675,
18.6685,
18.6695,
18.6705,
18.6715,
18.6725,
18.6735,
18.6745,
18.6755,
18.6765,
18.6775,
18.6785,
18.6795,
18.6805,
18.6815,
18.6825,
18.6835,
18.6845,
18.6855,
18.6865,
18.6875,
18.6885,
18.6895,
18.6905,
18.6915,
18.6925,
18.6935,
18.6945,
18.6955,
18.6965,
18.6975,
18.6985,
18.6995,
18.7005,
18.7015,
18.7025,
18.7035,
18.7045,
18.7055,
18.7065,
18.7075,
18.7085,
18.7095,
18.7105,
18.7115,
18.7125,
18.7135,
18.7145,
18.7155,
18.7165,
18.7175,
18.7185,
18.7195,
18.7205,
18.7215,
18.7225,
18.7235,
18.7245,
18.7255,
18.7265,
18.7275,
18.7285,
18.7295,
18.7305,
18.7315,
18.7325,
18.7335,
18.7345,
18.7355,
18.7365,
18.7375,
18.7385,
18.7395,
18.7405,
18.7415,
18.7425,
18.7435,
18.7445,
18.7455,
18.7465,
18.7475,
18.7485,
18.7495,
18.7505,
18.7515,
18.7525,
18.7535,
18.7545,
18.7555,
18.7565,
18.7575,
18.7585,
18.7595,
18.7605,
18.7615,
18.7625,
18.7635,
18.7645,
18.7655,
18.7665,
18.7675,
18.7685,
18.7695,
18.7705,
18.7715,
18.7725,
18.7735,
18.7745,
18.7755,
18.7765,
18.7775,
18.7785,
18.7796,
18.7805,
18.7815,
18.7826,
18.7836,
18.7846,
18.7856,
18.7866,
18.7876,
18.7886,
18.7896,
18.7906,
18.7916,
18.7926,
18.7936,
18.7946,
18.7956,
18.7967,
18.7977,
18.7987,
18.7996,
18.8006,
18.8017,
18.8027,
18.8037,
18.8047,
18.8057,
18.8067,
18.8077,
18.8086,
18.8097,
18.8107,
18.8116,
18.8127,
18.8137,
18.8147,
18.8156,
18.8167,
18.8177,
18.8186,
18.8196,
18.8206,
18.8216,
18.8227,
18.8236,
18.8246,
18.8257,
18.8267,
18.8277,
18.8287,
18.8297,
18.8307,
18.8316,
18.8327,
18.8337,
18.8347,
18.8357,
18.8367,
18.8377,
18.8387,
18.8397,
18.8407,
18.8417,
18.8427,
18.8437,
18.8447,
18.8457,
18.8467,
18.8477,
18.8487,
18.8497,
18.8507,
18.8517,
18.8527,
18.8537,
18.8547,
18.8557,
18.8567,
18.8577,
18.8587,
18.8597,
18.8607,
18.8617,
18.8627,
18.8637,
18.8647,
18.8657,
18.8667,
18.8677,
18.8687,
18.8696,
18.8707,
18.8717,
18.8727,
18.8737,
18.8747,
18.8757,
18.8767,
18.8777,
18.8786,
18.8797,
18.8807,
18.8816,
18.8826,
18.8836,
18.8846,
18.8856,
18.8866,
18.8876,
18.8886,
18.8896,
18.8906,
18.8915,
18.8925,
18.8935,
18.8945,
18.8955,
18.8965,
18.8975,
18.8986,
18.8996,
18.9006,
18.9016,
18.9026,
18.9036,
18.9046,
18.9056,
18.9066,
18.9076,
18.9086,
18.9096,
18.9106,
18.9116,
18.9126,
18.9136,
18.9146,
18.9156,
18.9166,
18.9176,
18.9186,
18.9196,
18.9206,
18.9216,
18.9226,
18.9236,
18.9246,
18.9256,
18.9266,
18.9276,
18.9286,
18.9296,
18.9307,
18.9317,
18.9327,
18.9337,
18.9347,
18.9357,
18.9367,
18.9376,
18.9386,
18.9396,
18.9406,
18.9416,
18.9426,
18.9436,
18.9446,
18.9457,
18.9466,
18.9476,
18.9486,
18.9497,
18.9507,
18.9516,
18.9526,
18.9536,
18.9546,
18.9556,
18.9566,
18.9576,
18.9586,
18.9596,
18.9606,
18.9616,
18.9627,
18.9636,
18.9646,
18.9656,
18.9666,
18.9676,
18.9686,
18.9696,
18.9706,
18.9716,
18.9726,
18.9736,
18.9746,
18.9756,
18.9766,
18.9776,
18.9786,
18.9796,
18.9806,
18.9816,
18.9826,
18.9846,
18.9847,
18.9858,
18.9867,
18.9877,
18.9887,
18.9897,
18.9907,
18.9917,
18.9927,
18.9937,
18.9946,
18.9957,
18.9967,
18.9977,
18.9987,
18.9996,
19.0007,
19.0017,
19.0027,
19.0037,
19.0048,
19.0057,
19.0066,
19.0076,
19.0087,
19.0097,
19.0106,
19.0117,
19.0127,
19.0137,
19.0147,
19.0157,
19.0167,
19.0177,
19.0187,
19.0197,
19.0207,
19.0217,
19.0227,
19.0237,
19.0247,
19.0257,
19.0267,
19.0277,
19.0287,
19.0297,
19.0307,
19.0317,
19.0327,
19.0336,
19.0346,
19.0356,
19.0366,
19.0376,
19.0386,
19.0396,
19.0407,
19.0417,
19.0427,
19.0437,
19.0447,
19.0457,
19.0467,
19.0477,
19.0486,
19.0497,
19.0507,
19.0517,
19.0527,
19.0537,
19.0547,
19.0557,
19.0567,
19.0577,
19.0586,
19.0596,
19.0607,
19.0617,
19.0627,
19.0636,
19.0647,
19.0657,
19.0666,
19.0677,
19.0687,
19.0697,
19.0707,
19.0717,
19.0726,
19.0737,
19.0748,
19.0757,
19.0767,
19.0777,
19.0787,
19.0797,
19.0807,
19.0817,
19.0826,
19.0836,
19.0846,
19.0856,
19.0866,
19.0877,
19.0886,
19.0897,
19.0906,
19.0916,
19.0927,
19.0936,
19.0946,
19.0956,
19.0966,
19.0976,
19.0986,
19.0996,
19.1006,
19.1016,
19.1026,
19.1036,
19.1046,
19.1056,
19.1066,
19.1076,
19.1086,
19.1096,
19.1106,
19.1116,
19.1127,
19.1137,
19.1148,
19.1157,
19.1167,
19.1177,
19.1187,
19.1197,
19.1207,
19.1217,
19.1227,
19.1237,
19.1247,
19.1257,
19.1267,
19.1277,
19.1287,
19.1297,
19.1307,
19.1317,
19.1328,
19.1337,
19.1347,
19.1357,
19.1367,
19.1377,
19.1387,
19.1397,
19.1407,
19.1417,
19.1427,
19.1437,
19.1447,
19.1457,
19.1467,
19.1477,
19.1487,
19.1497,
19.1507,
19.1518,
19.1527,
19.1537,
19.1546,
19.1556,
19.1566,
19.1576,
19.1586,
19.1596,
19.1606,
19.1616,
19.1626,
19.1636,
19.1646,
19.1656,
19.1666,
19.1676,
19.1687,
19.1696,
19.1707,
19.1716,
19.1727,
19.1737,
19.1746,
19.1756,
19.1766,
19.1777,
19.1786,
19.1797,
19.1806,
19.1817,
19.1827,
19.1837,
19.1846,
19.1857,
19.1867,
19.1876,
19.1887,
19.1896,
19.1906,
19.1916,
19.1926,
19.1937,
19.1947,
19.1956,
19.1967,
19.1977,
19.1987,
19.1997,
19.2007,
19.2017,
19.2027,
19.2036,
19.2046,
19.2057,
19.2068,
19.2077,
19.2087,
19.2097,
19.2107,
19.2117,
19.2127,
19.2138,
19.2147,
19.2157,
19.2167,
19.2177,
19.2187,
19.2197,
19.2207,
19.2217,
19.2227,
19.2237,
19.2246,
19.2256,
19.2266,
19.2276,
19.2287,
19.2296,
19.2307,
19.2317,
19.2327,
19.2337,
19.2346,
19.236,
19.2367,
19.2377,
19.2387,
19.2397,
19.2407,
19.2417,
19.2427,
19.2437,
19.2447,
19.2457,
19.2467,
19.2476,
19.2486,
19.2496,
19.2506,
19.2517,
19.2527,
19.2536,
19.2552,
19.2557,
19.2568,
19.2577,
19.2587,
19.2597,
19.2607,
19.2617,
19.2627,
19.2637,
19.2647,
19.2657,
19.2667,
19.2677,
19.2687,
19.2697,
19.2707,
19.2717,
19.2727,
19.2737,
19.2746,
19.2756,
19.2766,
19.2776,
19.2786,
19.2796,
19.2807,
19.2816,
19.2826,
19.2836,
19.2846,
19.2856,
19.2866,
19.2876,
19.2886,
19.2896,
19.2905,
19.2915,
19.2925,
19.2935,
19.2945,
19.2955,
19.2966,
19.2976,
19.2985,
19.2995,
19.3005,
19.3015,
19.3025,
19.3035,
19.3045,
19.3055,
19.3065,
19.3075,
19.3085,
19.3095,
19.3105,
19.3115,
19.3125,
19.3135,
19.3145,
19.3155,
19.3165,
19.3175,
19.3185,
19.3197,
19.3205,
19.3215,
19.3225,
19.3235,
19.3245,
19.3255,
19.3265,
19.3275,
19.3285,
19.3295,
19.3305,
19.3315,
19.3325,
19.3335,
19.3345,
19.3355,
19.3365,
19.3375,
19.3385,
19.3395,
19.3405,
19.3415,
19.3425,
19.3435,
19.3445,
19.3455,
19.3465,
19.3475,
19.3485,
19.3495,
19.3505,
19.3515,
19.3525,
19.3535,
19.3545,
19.3555,
19.3565,
19.3575,
19.3585,
19.3595,
19.3605,
19.3615,
19.3625,
19.3635,
19.3645,
19.3655,
19.3665,
19.3675,
19.3685,
19.3695,
19.3705,
19.3715,
19.3725,
19.3735,
19.3745,
19.3755,
19.3765,
19.3775,
19.3785,
19.3795,
19.3805,
19.3815,
19.3825,
19.3835,
19.3845,
19.3855,
19.3865,
19.3875,
19.3885,
19.3895,
19.3905,
19.3915,
19.3925,
19.3935,
19.3945,
19.3955,
19.3965,
19.3975,
19.3985,
19.3995,
19.4005,
19.4015,
19.4025,
19.4035,
19.4045,
19.4055,
19.4065,
19.4075,
19.4085,
19.4095,
19.4105,
19.4115,
19.4125,
19.4135,
19.4145,
19.4155,
19.4165,
19.4175,
19.4185,
19.4195,
19.4205,
19.4215,
19.4225,
19.4235,
19.4245,
19.4255,
19.4265,
19.4275,
19.4285,
19.4295,
19.4305,
19.4315,
19.4325,
19.4335,
19.4345,
19.4355,
19.4365,
19.4375,
19.4385,
19.4395,
19.4405,
19.4415,
19.4425,
19.4435,
19.4445,
19.4455,
19.4465,
19.4475,
19.4485,
19.4495,
19.4505,
19.4515,
19.4525,
19.4535,
19.4545,
19.4555,
19.4565,
19.4575,
19.4585,
19.4595,
19.4605,
19.4615,
19.4625,
19.4635,
19.4645,
19.4655,
19.4665,
19.4675,
19.4685,
19.4695,
19.4705,
19.4715,
19.4725,
19.4735,
19.4745,
19.4755,
19.4765,
19.4775,
19.4785,
19.4795,
19.4805,
19.4815,
19.4825,
19.4835,
19.4845,
19.4855,
19.4865,
19.4875,
19.4885,
19.4895,
19.4905,
19.4915,
19.4925,
19.4935,
19.4945,
19.4955,
19.4965,
19.4975,
19.4985,
19.4995,
19.5005,
19.5015,
19.5025,
19.5035,
19.5045,
19.5055,
19.5065,
19.5075,
19.5085,
19.5095,
19.5105,
19.5115,
19.5125,
19.5135,
19.5145,
19.5155,
19.5165,
19.5175,
19.5185,
19.5195,
19.5205,
19.5215,
19.5225,
19.5235,
19.5245,
19.5255,
19.5265,
19.5275,
19.5285,
19.5295,
19.5305,
19.5315,
19.5325,
19.5335,
19.5345,
19.5355,
19.5365,
19.5375,
19.5385,
19.5395,
19.5405,
19.5415,
19.5425,
19.5435,
19.5445,
19.5455,
19.5465,
19.5475,
19.5485,
19.5495,
19.5505,
19.5515,
19.5525,
19.5535,
19.5545,
19.5555,
19.5565,
19.5575,
19.5585,
19.5595,
19.5605,
19.5615,
19.5625,
19.5635,
19.5645,
19.5655,
19.5665,
19.5675,
19.5685,
19.5695,
19.5705,
19.5715,
19.5725,
19.5735,
19.5745,
19.5755,
19.5765,
19.5775,
19.5785,
19.5795,
19.5805,
19.5815,
19.5825,
19.5835,
19.5845,
19.5855,
19.5865,
19.5875,
19.5885,
19.5895,
19.5905,
19.5915,
19.5925,
19.5935,
19.5945,
19.5955,
19.5965,
19.5975,
19.5985,
19.5995,
19.6005,
19.6015,
19.6025,
19.6035,
19.6045,
19.6055,
19.6065,
19.6075,
19.6085,
19.6095,
19.6105,
19.6115,
19.6125,
19.6135,
19.6145,
19.6155,
19.6165,
19.6175,
19.6185,
19.6195,
19.6205,
19.6215,
19.6225,
19.6235,
19.6245,
19.6255,
19.6265,
19.6275,
19.6285,
19.6295,
19.6305,
19.6315,
19.6325,
19.6335,
19.6345,
19.6355,
19.6365,
19.6375,
19.6385,
19.6395,
19.6405,
19.6415,
19.6425,
19.6435,
19.6445,
19.6455,
19.6465,
19.6475,
19.6485,
19.6495,
19.6505,
19.6515,
19.6525,
19.6535,
19.6545,
19.6555,
19.6565,
19.6575,
19.6585,
19.6595,
19.6605,
19.6615,
19.6625,
19.6635,
19.6645,
19.6655,
19.6665,
19.6675,
19.6685,
19.6695,
19.6705,
19.6715,
19.6725,
19.6735,
19.6745,
19.6755,
19.6765,
19.6775,
19.6785,
19.6795,
19.6805,
19.6815,
19.6825,
19.6835,
19.6845,
19.6855,
19.6865,
19.6875,
19.6885,
19.6895,
19.6905,
19.6915,
19.6925,
19.6935,
19.6945,
19.6955,
19.6965,
19.6975,
19.6985,
19.6995,
19.7005,
19.7015,
19.7025,
19.7035,
19.7046,
19.7056,
19.7066,
19.7076,
19.7086,
19.7096,
19.7105,
19.7116,
19.7127,
19.7137,
19.7147,
19.7157,
19.7167,
19.7176,
19.7186,
19.7196,
19.7206,
19.7216,
19.7225,
19.7235,
19.7245,
19.7255,
19.7265,
19.7275,
19.7286,
19.7296,
19.7306,
19.7316,
19.7326,
19.7336,
19.7346,
19.7356,
19.7366,
19.7376,
19.7386,
19.7396,
19.7408,
19.7417,
19.7427,
19.7437,
19.7447,
19.7457,
19.7467,
19.7477,
19.7487,
19.7497,
19.7507,
19.7517,
19.7527,
19.7537,
19.7546,
19.7556,
19.7567,
19.7577,
19.7586,
19.7596,
19.7606,
19.7617,
19.7627,
19.7637,
19.7647,
19.7657,
19.7667,
19.7677,
19.7687,
19.7697,
19.7706,
19.7716,
19.7727,
19.7736,
19.7747,
19.7757,
19.7767,
19.7777,
19.7787,
19.7796,
19.7807,
19.7816,
19.7826,
19.7836,
19.7846,
19.7857,
19.7867,
19.7877,
19.7887,
19.7897,
19.7907,
19.7916,
19.7926,
19.7936,
19.7946,
19.7956,
19.7966,
19.7976,
19.7986,
19.7996,
19.8006,
19.8017,
19.8027,
19.8037,
19.8047,
19.8057,
19.8067,
19.8077,
19.8087,
19.8097,
19.8107,
19.8117,
19.8127,
19.8137,
19.8147,
19.8157,
19.8167,
19.8177,
19.8187,
19.8197,
19.8207,
19.8216,
19.8227,
19.8237,
19.8246,
19.8257,
19.8267,
19.8277,
19.8287,
19.8297,
19.8307,
19.8317,
19.8326,
19.8336,
19.8347,
19.8357,
19.8367,
19.8377,
19.8387,
19.8397,
19.8407,
19.8417,
19.8426,
19.8436,
19.8446,
19.8456,
19.8466,
19.8477,
19.8486,
19.8496,
19.8506,
19.8516,
19.8526,
19.8536,
19.8546,
19.8556,
19.8566,
19.8576,
19.8586,
19.8596,
19.8606,
19.8616,
19.8626,
19.8636,
19.8646,
19.8657,
19.8666,
19.8676,
19.8686,
19.8696,
19.8706,
19.8716,
19.8727,
19.8736,
19.8746,
19.8756,
19.8766,
19.8776,
19.8786,
19.8796,
19.8806,
19.8816,
19.8826,
19.8836,
19.8847,
19.8856,
19.8866,
19.8876,
19.8886,
19.8896,
19.8906,
19.8918,
19.8927,
19.8937,
19.8947,
19.8957,
19.8967,
19.8976,
19.8986,
19.8996,
19.9006,
19.9016,
19.9026,
19.9036,
19.9046,
19.9057,
19.9066,
19.9076,
19.9086,
19.9096,
19.9106,
19.9116,
19.9127,
19.9137,
19.9146,
19.9157,
19.9166,
19.9176,
19.9186,
19.9196,
19.9206,
19.9216,
19.9226,
19.9236,
19.9246,
19.9256,
19.9266,
19.9276,
19.9287,
19.9296,
19.9306,
19.9317,
19.9327,
19.9337,
19.9346,
19.9357,
19.9366,
19.9376,
19.9386,
19.9396,
19.9406,
19.9416,
19.9426,
19.9436,
19.9446,
19.9456,
19.9467,
19.9477,
19.9487,
19.9497,
19.9507,
19.9517,
19.9526,
19.9543,
19.9546,
19.9556,
19.9566,
19.9576,
19.9586,
19.9596,
19.9606,
19.9616,
19.9626,
19.9636,
19.9647,
19.9656,
19.9667,
19.9677,
19.9687,
19.9697,
19.9707,
19.9718,
19.9727,
19.9737,
19.9747,
19.9757,
19.9767,
19.9777,
19.9786,
19.9796,
19.9806,
19.9816,
19.9826,
19.9837,
19.9846,
19.9857,
19.9867,
19.9877,
19.9886,
19.9896,
19.9907,
19.9916,
19.993,
19.9936,
19.9946,
19.9956,
19.9966,
19.9976,
19.9987,
19.9996,
20.0007,
20.0017,
20.0026,
20.0036,
20.0046,
20.0056,
20.0066,
20.0076,
20.0086,
20.0096,
20.0106,
20.0116,
20.0126,
20.0136,
20.0147,
20.0157,
20.0167,
20.0177,
20.0187,
20.0197,
20.0207,
20.0216,
20.0226,
20.0236,
20.0246,
20.0256,
20.0266,
20.0276,
20.0286,
20.0297,
20.0306,
20.0316,
20.0326,
20.0338,
20.0347,
20.0356,
20.0366,
20.0377,
20.0386,
20.0397,
20.0407,
20.0418,
20.0427,
20.0437,
20.0447,
20.0457,
20.0467,
20.0477,
20.0487,
20.0497,
20.0507,
20.0517,
20.0527,
20.0537,
20.0547,
20.0557,
20.0567,
20.0577,
20.0586,
20.0596,
20.0607,
20.0617,
20.0627,
20.0637,
20.0647,
20.0657,
20.0666,
20.0676,
20.0686,
20.0696,
20.0706,
20.0717,
20.0727,
20.0737,
20.0747,
20.0757,
20.0767,
20.0777,
20.0786,
20.0796,
20.0807,
20.0817,
20.0827,
20.0837,
20.0847,
20.0858,
20.0867,
20.0877,
20.0886,
20.0896,
20.0906,
20.0916,
20.0926,
20.0936,
20.0946,
20.0956,
20.0968,
20.0978,
20.0987,
20.0997,
20.1007,
20.1017,
20.1026,
20.1037,
20.1047,
20.1057,
20.1067,
20.1077,
20.1087,
20.1097,
20.1107,
20.1117,
20.1128,
20.1137,
20.1148,
20.1157,
20.1168,
20.1178,
20.1188,
20.1197,
20.1207,
20.1217,
20.1227,
20.1236,
20.1246,
20.1256,
20.1266,
20.1277,
20.1287,
20.1296,
20.1306,
20.1316,
20.1326,
20.1336,
20.1346,
20.1356,
20.1366,
20.1376,
20.1386,
20.1396,
20.1406,
20.1416,
20.1426,
20.1436,
20.1446,
20.1456,
20.1466,
20.1476,
20.1486,
20.1496,
20.1506,
20.1516,
20.1526,
20.1536,
20.1546,
20.1556,
20.1566,
20.1576,
20.1586,
20.1596,
20.1606,
20.1616,
20.1626,
20.1636,
20.1646,
20.1656,
20.1666,
20.1676,
20.1686,
20.1696,
20.1706,
20.1716,
20.1726,
20.1736,
20.1746,
20.1756,
20.1765,
20.1775,
20.1785,
20.1796,
20.1806,
20.1816,
20.1825,
20.1835,
20.1845,
20.1855,
20.1865,
20.1875,
20.1885,
20.1895,
20.1905,
20.1915,
20.1925,
20.1935,
20.1945,
20.1955,
20.1965,
20.1975,
20.1985,
20.1995,
20.2005,
20.2015,
20.2025,
20.2035,
20.2045,
20.2055,
20.2065,
20.2075,
20.2085,
20.2095,
20.2105,
20.2115,
20.2125,
20.2135,
20.2145,
20.2155,
20.2165,
20.2175,
20.2185,
20.2195,
20.2205,
20.2215,
20.2225,
20.2235,
20.2245,
20.2255,
20.2265,
20.2275,
20.2285,
20.2295,
20.2305,
20.2315,
20.2325,
20.2335,
20.2345,
20.2355,
20.2365,
20.2375,
20.2385,
20.2395,
20.2405,
20.2415,
20.2425,
20.2435,
20.2445,
20.2455,
20.2465,
20.2475,
20.2485,
20.2495,
20.2505,
20.2515,
20.2525,
20.2535,
20.2545,
20.2555,
20.2565,
20.2575,
20.2585,
20.2595,
20.2605,
20.2615,
20.2625,
20.2635,
20.2645,
20.2655,
20.2665,
20.2675,
20.2685,
20.2695,
20.2705,
20.2715,
20.2725,
20.2735,
20.2745,
20.2755,
20.2765,
20.2775,
20.2785,
20.2795,
20.2805,
20.2815,
20.2825,
20.2835,
20.2845,
20.2855,
20.2865,
20.2875,
20.2885,
20.2895,
20.2905,
20.2915,
20.2925,
20.2935,
20.2945,
20.2955,
20.2965,
20.2975,
20.2985,
20.2995,
20.3005,
20.3015,
20.3025,
20.3035,
20.3045,
20.3055,
20.3065,
20.3075,
20.3085,
20.3095,
20.3105,
20.3115,
20.3125,
20.3135,
20.3145,
20.3155,
20.3165,
20.3175,
20.3185,
20.3195,
20.3205,
20.3215,
20.3225,
20.3235,
20.3245,
20.3255,
20.3265,
20.3275,
20.3285,
20.3295,
20.3305,
20.3315,
20.3325,
20.3335,
20.3345,
20.3355,
20.3365,
20.3375,
20.3385,
20.3395,
20.3405,
20.3415,
20.3425,
20.3435,
20.3445,
20.3455,
20.3465,
20.3475,
20.3485,
20.3495,
20.3505,
20.3515,
20.3525,
20.3535,
20.3545,
20.3555,
20.3565,
20.3575,
20.3585,
20.3595,
20.3605,
20.3615,
20.3625,
20.3635,
20.3645,
20.3655,
20.3665,
20.3675,
20.3685,
20.3695,
20.3705,
20.3715,
20.3725,
20.3735,
20.3745,
20.3755,
20.3765,
20.3775,
20.3785,
20.3795,
20.3805,
20.3815,
20.3825,
20.3835,
20.3845,
20.3855,
20.3865,
20.3875,
20.3885,
20.3895,
20.3905,
20.3915,
20.3925,
20.3935,
20.3945,
20.3955,
20.3965,
20.3975,
20.3985,
20.3995,
20.4005,
20.4015,
20.4025,
20.4035,
20.4045,
20.4055,
20.4065,
20.4075,
20.4085,
20.4095,
20.4105,
20.4115,
20.4125,
20.4135,
20.4145,
20.4155,
20.4165,
20.4175,
20.4185,
20.4195,
20.4205,
20.4215,
20.4225,
20.4235,
20.4245,
20.4255,
20.4265,
20.4275,
20.4285,
20.4295,
20.4305,
20.4315,
20.4325,
20.4335,
20.4345,
20.4355,
20.4365,
20.4375,
20.4385,
20.4395,
20.4405,
20.4415,
20.4425,
20.4435,
20.4445,
20.4455,
20.4465,
20.4475,
20.4485,
20.4495,
20.4505,
20.4515,
20.4525,
20.4535,
20.4545,
20.4555,
20.4565,
20.4575,
20.4585,
20.4595,
20.4605,
20.4615,
20.4625,
20.4635,
20.4645,
20.4655,
20.4665,
20.4675,
20.4685,
20.4695,
20.4705,
20.4715,
20.4725,
20.4735,
20.4745,
20.4755,
20.4765,
20.4775,
20.4785,
20.4795,
20.4805,
20.4815,
20.4825,
20.4835,
20.4845,
20.4855,
20.4865,
20.4875,
20.4885,
20.4895,
20.4905,
20.4915,
20.4925,
20.4935,
20.4945,
20.4955,
20.4965,
20.4975,
20.4985,
20.4995,
20.5005,
20.5015,
20.5025,
20.5035,
20.5045,
20.5055,
20.5065,
20.5075,
20.5085,
20.5095,
20.5105,
20.5115,
20.5125,
20.5135,
20.5145,
20.5155,
20.5165,
20.5175,
20.5185,
20.5195,
20.5205,
20.5215,
20.5225,
20.5235,
20.5245,
20.5255,
20.5265,
20.5275,
20.5285,
20.5295,
20.5305,
20.5315,
20.5325,
20.5335,
20.5345,
20.5355,
20.5365,
20.5375,
20.5385,
20.5395,
20.5405,
20.5415,
20.5425,
20.5435,
20.5445,
20.5455,
20.5465,
20.5475,
20.5485,
20.5495,
20.5505,
20.5515,
20.5525,
20.5535,
20.5545,
20.5555,
20.5565,
20.5575,
20.5585,
20.5595,
20.5605,
20.5615,
20.5625,
20.5635,
20.5645,
20.5655,
20.5665,
20.5675,
20.5685,
20.5695,
20.5705,
20.5715,
20.5725,
20.5735,
20.5745,
20.5755,
20.5765,
20.5775,
20.5785,
20.5795,
20.5805,
20.5815,
20.5825,
20.5835,
20.5845,
20.5855,
20.5865,
20.5875,
20.5885,
20.5895,
20.5905,
20.5915,
20.5925,
20.5935,
20.5945,
20.5955,
20.5965,
20.5975,
20.5985,
20.5995,
20.6005,
20.6015,
20.6025,
20.6035,
20.6045,
20.6055,
20.6065,
20.6075,
20.6085,
20.6095,
20.6105,
20.6115,
20.6125,
20.6135,
20.6145,
20.6155,
20.6165,
20.6175,
20.6185,
20.6196,
20.6206,
20.6216,
20.6226,
20.6236,
20.6246,
20.6256,
20.6266,
20.6277,
20.6287,
20.6297,
20.6307,
20.6317,
20.6327,
20.6337,
20.6347,
20.6357,
20.6368,
20.6378,
20.6388,
20.6398,
20.6408,
20.6418,
20.6427,
20.6437,
20.6447,
20.6457,
20.6467,
20.6477,
20.6487,
20.6497,
20.6507,
20.652,
20.6527,
20.6537,
20.6547,
20.6557,
20.6567,
20.6577,
20.6587,
20.6597,
20.6607,
20.6617,
20.6627,
20.6637,
20.6647,
20.6656,
20.6666,
20.6677,
20.6687,
20.6697,
20.6706,
20.6716,
20.6726,
20.6737,
20.6746,
20.6757,
20.6766,
20.6777,
20.6786,
20.6797,
20.6806,
20.6817,
20.6827,
20.6836,
20.6846,
20.6856,
20.6866,
20.6877,
20.6887,
20.6897,
20.6907,
20.6917,
20.6927,
20.6937,
20.6947,
20.6957,
20.6967,
20.6977,
20.6987,
20.6997,
20.7007,
20.7017,
20.7027,
20.7037,
20.7047,
20.7057,
20.7067,
20.7077,
20.7088,
20.7097,
20.7106,
20.7116,
20.7127,
20.7137,
20.7147,
20.7157,
20.7166,
20.7176,
20.7186,
20.7196,
20.7206,
20.7216,
20.7226,
20.7236,
20.7246,
20.7256,
20.7267,
20.7277,
20.7287,
20.7297,
20.7307,
20.7317,
20.7327,
20.7337,
20.7347,
20.7357,
20.7366,
20.7376,
20.7386,
20.7396,
20.7407,
20.7417,
20.7427,
20.7437,
20.7447,
20.7457,
20.7467,
20.7476,
20.7486,
20.7496,
20.7506,
20.7516,
20.7526,
20.7536,
20.7547,
20.7557,
20.7568,
20.7577,
20.7587,
20.7597,
20.7608,
20.7617,
20.7627,
20.7637,
20.7647,
20.7657,
20.7667,
20.7677,
20.7687,
20.7697,
20.7707,
20.7717,
20.7727,
20.7737,
20.7747,
20.7757,
20.7767,
20.7777,
20.7787,
20.7797,
20.7807,
20.7816,
20.7828,
20.7837,
20.7847,
20.7857,
20.7867,
20.7877,
20.7887,
20.7897,
20.7907,
20.7917,
20.7927,
20.7937,
20.7947,
20.7957,
20.7967,
20.7977,
20.7988,
20.7997,
20.8007,
20.8017,
20.8027,
20.8037,
20.8047,
20.8058,
20.8068,
20.8078,
20.8088,
20.8098,
20.8107,
20.8117,
20.8127,
20.8137,
20.8147,
20.8157,
20.8167,
20.8177,
20.8187,
20.8197,
20.8208,
20.8217,
20.8227,
20.8237,
20.8247,
20.8257,
20.8267,
20.8277,
20.8287,
20.8297,
20.8307,
20.8317,
20.8327,
20.8337,
20.8347,
20.8357,
20.8367,
20.8377,
20.8387,
20.8396,
20.8407,
20.8417,
20.8427,
20.8437,
20.8447,
20.8457,
20.8467,
20.8477,
20.8487,
20.8497,
20.8507,
20.8517,
20.8527,
20.8538,
20.8548,
20.8558,
20.8567,
20.8577,
20.8588,
20.8598,
20.8608,
20.8618,
20.8627,
20.8638,
20.8648,
20.8658,
20.8667,
20.8677,
20.8687,
20.8697,
20.8707,
20.8718,
20.8728,
20.8738,
20.8747,
20.8758,
20.8768,
20.8778,
20.8788,
20.8798,
20.8808,
20.8818,
20.8828,
20.8837,
20.8847,
20.8857,
20.8867,
20.8877,
20.8887,
20.8897,
20.8907,
20.8917,
20.8927,
20.8938,
20.8947,
20.8957,
20.8968,
20.8977,
20.8987,
20.8998,
20.9008,
20.9018,
20.9027,
20.9037,
20.9047,
20.9057,
20.9067,
20.9077,
20.9087,
20.9098,
20.9107,
20.9117,
20.9127,
20.9137,
20.9147,
20.9157,
20.9167,
20.9178,
20.9187,
20.9197,
20.9207,
20.9217,
20.9227,
20.9237,
20.9247,
20.9257,
20.9267,
20.9277,
20.9287,
20.9297,
20.9307,
20.9317,
20.9327,
20.9337,
20.9347,
20.9357,
20.9367,
20.9377,
20.9387,
20.9396,
20.9407,
20.9417,
20.9426,
20.9436,
20.9446,
20.9456,
20.9467,
20.9477,
20.9487,
20.9497,
20.9507,
20.9517,
20.9527,
20.9537,
20.9546,
20.9556,
20.9566,
20.9576,
20.9586,
20.9596,
20.9607,
20.9617,
20.9627,
20.9637,
20.9647,
20.9657,
20.9668,
20.9676,
20.9686,
20.9697,
20.9707,
20.9716,
20.9726,
20.9736,
20.9746,
20.9756,
20.9767,
20.9777,
20.9786,
20.9797,
20.9807,
20.9817,
20.9827,
20.9838,
20.9847,
20.9857,
20.9867,
20.9877,
20.9887,
20.9897,
20.9907,
20.9917,
20.9927,
20.9937,
20.9947,
20.9956,
20.9966,
20.9976,
20.9987,
20.9997,
21.0006,
21.0017,
21.0027,
21.0036,
21.0046,
21.0057,
21.0067,
21.0077,
21.0086,
21.0097,
21.0106,
21.0116,
21.0126,
21.0137,
21.0147,
21.0156,
21.0166,
21.0176,
21.0186,
21.0196,
21.0206,
21.0216,
21.0226,
21.0237,
21.0247,
21.0256,
21.0266,
21.0276,
21.0286,
21.0297,
21.0306,
21.0316,
21.0327,
21.0337,
21.0346,
21.0356,
21.0366,
21.0376,
21.0386,
21.0396,
21.0406,
21.0416,
21.0426,
21.0436,
21.0446,
21.0456,
21.0466,
21.0476,
21.0486,
21.0496,
21.0506,
21.0516,
21.0526,
21.0536,
21.0546,
21.0556,
21.0566,
21.0576,
21.0586,
21.0596,
21.0606,
21.0616,
21.0626,
21.0636,
21.0646,
21.0656,
21.0666,
21.0676,
21.0686,
21.0696,
21.0706,
21.0716,
21.0726,
21.0736,
21.0746,
21.0755,
21.0765,
21.0775,
21.0785,
21.0795,
21.0806,
21.0816,
21.0826,
21.0836,
21.0846,
21.0857,
21.0866,
21.0877,
21.0887,
21.0897,
21.0907,
21.0917,
21.0927,
21.0937,
21.0947,
21.0957,
21.0967,
21.0977,
21.0987,
21.0997,
21.1007,
21.1018,
21.1027,
21.1037,
21.1047,
21.1058,
21.1067,
21.1076,
21.1086,
21.1098,
21.1108,
21.1118,
21.1127,
21.1138,
21.1147,
21.1157,
21.1167,
21.1177,
21.1186,
21.1197,
21.1206,
21.1216,
21.1226,
21.1236,
21.1247,
21.1256,
21.1266,
21.1276,
21.1286,
21.1296,
21.1306,
21.1316,
21.1326,
21.1336,
21.1346,
21.1356,
21.1366,
21.1376,
21.1386,
21.1396,
21.1405,
21.1415,
21.1425,
21.1435,
21.1445,
21.1455,
21.1465,
21.1475,
21.1485,
21.1495,
21.1505,
21.1515,
21.1525,
21.1535,
21.1545,
21.1555,
21.1565,
21.1575,
21.1585,
21.1595,
21.1605,
21.1615,
21.1625,
21.1635,
21.1645,
21.1655,
21.1665,
21.1675,
21.1685,
21.1695,
21.1705,
21.1715,
21.1725,
21.1735,
21.1745,
21.1755,
21.1765,
21.1775,
21.1785,
21.1795,
21.1805,
21.1815,
21.1825,
21.1835,
21.1845,
21.1855,
21.1865,
21.1875,
21.1885,
21.1895,
21.1905,
21.1915,
21.1925,
21.1935,
21.1945,
21.1955,
21.1965,
21.1975,
21.1985,
21.1995,
21.2005,
21.2015,
21.2025,
21.2035,
21.2045,
21.2055,
21.2065,
21.2075,
21.2085,
21.2095,
21.2105,
21.2115,
21.2125,
21.2135,
21.2145,
21.2155,
21.2165,
21.2175,
21.2185,
21.2195,
21.2205,
21.2215,
21.2225,
21.2235,
21.2245,
21.2255,
21.2265,
21.2275,
21.2285,
21.2295,
21.2305,
21.2315,
21.2325,
21.2335,
21.2345,
21.2355,
21.2365,
21.2375,
21.2385,
21.2395,
21.2405,
21.2415,
21.2425,
21.2435,
21.2445,
21.2455,
21.2465,
21.2475,
21.2485,
21.2495,
21.2505,
21.2515,
21.2525,
21.2535,
21.2545,
21.2555,
21.2565,
21.2575,
21.2585,
21.2595,
21.2605,
21.2615,
21.2625,
21.2635,
21.2645,
21.2655,
21.2665,
21.2675,
21.2685,
21.2695,
21.2705,
21.2715,
21.2725,
21.2735,
21.2745,
21.2755,
21.2765,
21.2775,
21.2785,
21.2795,
21.2805,
21.2815,
21.2825,
21.2835,
21.2845,
21.2855,
21.2865,
21.2875,
21.2885,
21.2895,
21.2905,
21.2915,
21.2925,
21.2935,
21.2945,
21.2955,
21.2965,
21.2975,
21.2985,
21.2995,
21.3005,
21.3015,
21.3025,
21.3035,
21.3045,
21.3055,
21.3065,
21.3075,
21.3085,
21.3095,
21.3105,
21.3115,
21.3125,
21.3135,
21.3145,
21.3155,
21.3165,
21.3175,
21.3185,
21.3195,
21.3205,
21.3215,
21.3225,
21.3235,
21.3245,
21.3255,
21.3265,
21.3275,
21.3285,
21.3295,
21.3305,
21.3315,
21.3325,
21.3335,
21.3345,
21.3355,
21.3365,
21.3375,
21.3385,
21.3395,
21.3405,
21.3415,
21.3425,
21.3435,
21.3445,
21.3455,
21.3465,
21.3475,
21.3485,
21.3495,
21.3505,
21.3515,
21.3525,
21.3535,
21.3545,
21.3555,
21.3565,
21.3575,
21.3585,
21.3595,
21.3605,
21.3615,
21.3625,
21.3635,
21.3645,
21.3655,
21.3665,
21.3675,
21.3685,
21.3695,
21.3705,
21.3715,
21.3725,
21.3735,
21.3745,
21.3755,
21.3765,
21.3775,
21.3785,
21.3795,
21.3805,
21.3815,
21.3825,
21.3835,
21.3845,
21.3855,
21.3865,
21.3875,
21.3885,
21.3895,
21.3905,
21.3915,
21.3925,
21.3935,
21.3945,
21.3955,
21.3965,
21.3975,
21.3985,
21.3995,
21.4005,
21.4015,
21.4025,
21.4035,
21.4045,
21.4055,
21.4065,
21.4075,
21.4085,
21.4095,
21.4105,
21.4115,
21.4125,
21.4135,
21.4145,
21.4155,
21.4165,
21.4175,
21.4185,
21.4195,
21.4205,
21.4215,
21.4225,
21.4235,
21.4245,
21.4255,
21.4265,
21.4275,
21.4285,
21.4295,
21.4305,
21.4315,
21.4325,
21.4335,
21.4345,
21.4355,
21.4365,
21.4375,
21.4385,
21.4395,
21.4405,
21.4415,
21.4425,
21.4435,
21.4445,
21.4455,
21.4465,
21.4475,
21.4485,
21.4495,
21.4505,
21.4515,
21.4525,
21.4535,
21.4545,
21.4555,
21.4565,
21.4575,
21.4585,
21.4595,
21.4605,
21.4615,
21.4625,
21.4635,
21.4645,
21.4655,
21.4665,
21.4675,
21.4685,
21.4695,
21.4705,
21.4715,
21.4725,
21.4735,
21.4745,
21.4755,
21.4765,
21.4775,
21.4785,
21.4795,
21.4805,
21.4815,
21.4825,
21.4835,
21.4845,
21.4855,
21.4865,
21.4875,
21.4885,
21.4895,
21.4905,
21.4915,
21.4925,
