timer2_elapsedAll_sec,
0.270734,
0.272507,
0.272557,
0.273518,
0.274496,
0.275501,
0.2765,
0.2775,
0.278497,
0.279498,
0.280499,
0.281498,
0.282497,
0.283503,
0.284499,
0.285499,
0.286495,
0.287495,
0.288494,
0.289498,
0.290497,
0.291497,
0.292496,
0.293498,
0.294498,
0.295499,
0.296498,
0.297498,
0.298496,
0.29953,
0.300555,
0.301535,
0.302517,
0.303514,
0.304509,
0.305517,
0.306508,
0.307505,
0.308505,
0.309506,
0.31051,
0.311509,
0.312506,
0.313509,
0.314514,
0.315506,
0.316507,
0.317508,
0.318501,
0.319504,
0.320497,
0.3215,
0.322497,
0.323497,
0.324503,
0.325501,
0.326497,
0.327497,
0.328497,
0.329499,
0.330496,
0.331496,
0.332494,
0.3335,
0.334496,
0.335497,
0.336498,
0.337498,
0.338495,
0.339495,
0.340497,
0.341501,
0.342497,
0.343495,
0.344498,
0.345502,
0.346499,
0.347497,
0.348497,
0.349521,
0.350523,
0.351526,
0.352511,
0.353525,
0.354514,
0.35551,
0.35652,
0.357513,
0.358511,
0.359511,
0.360511,
0.361511,
0.362511,
0.36351,
0.364513,
0.365514,
0.366511,
0.36751,
0.36851,
0.369514,
0.370512,
0.371513,
0.37252,
0.37353,
0.374541,
0.375514,
0.376511,
0.377506,
0.378502,
0.379502,
0.380501,
0.381506,
0.382487,
0.383503,
0.384496,
0.385501,
0.386498,
0.387499,
0.388499,
0.389495,
0.390499,
0.391494,
0.392506,
0.393512,
0.39451,
0.395508,
0.396527,
0.397523,
0.398519,
0.399508,
0.400508,
0.401588,
0.402511,
0.403509,
0.40451,
0.405519,
0.406515,
0.407512,
0.408509,
0.409511,
0.410509,
0.411509,
0.412509,
0.41351,
0.414509,
0.415509,
0.416512,
0.41751,
0.418509,
0.419512,
0.420511,
0.421511,
0.422513,
0.423511,
0.42451,
0.425512,
0.426492,
0.427505,
0.428504,
0.429502,
0.430502,
0.431505,
0.432501,
0.433502,
0.434502,
0.435501,
0.436501,
0.437505,
0.438504,
0.439504,
0.4405,
0.44151,
0.442506,
0.443503,
0.444506,
0.445503,
0.446515,
0.447527,
0.448516,
0.449517,
0.450516,
0.451511,
0.452512,
0.453517,
0.454515,
0.455513,
0.456512,
0.457513,
0.458518,
0.459517,
0.460513,
0.461512,
0.462513,
0.463513,
0.464512,
0.465514,
0.466514,
0.467512,
0.468512,
0.469515,
0.470495,
0.471507,
0.472505,
0.473503,
0.474501,
0.475501,
0.476501,
0.477503,
0.478502,
0.479504,
0.480514,
0.481512,
0.482511,
0.48351,
0.48451,
0.485511,
0.486513,
0.487511,
0.488511,
0.489513,
0.490511,
0.49151,
0.49251,
0.493509,
0.494501,
0.495501,
0.496504,
0.497504,
0.4985,
0.4995,
0.500505,
0.501507,
0.5025,
0.5035,
0.5045,
0.505502,
0.506502,
0.507499,
0.5085,
0.509502,
0.510502,
0.511516,
0.512526,
0.513508,
0.514499,
0.515515,
0.5165,
0.517499,
0.518495,
0.519493,
0.520499,
0.521499,
0.522488,
0.523494,
0.524496,
0.525499,
0.526502,
0.5275,
0.528502,
0.529527,
0.530584,
0.531508,
0.532488,
0.533488,
0.534486,
0.535486,
0.53649,
0.537488,
0.538484,
0.539484,
0.540491,
0.5415,
0.5425,
0.543504,
0.544509,
0.545521,
0.546521,
0.547525,
0.548582,
0.549582,
0.550678,
0.551585,
0.552563,
0.553537,
0.554531,
0.555517,
0.556513,
0.557509,
0.558501,
0.559492,
0.560486,
0.561491,
0.562492,
0.563488,
0.56449,
0.565494,
0.566489,
0.567491,
0.56849,
0.569488,
0.570499,
0.571491,
0.572486,
0.573493,
0.574491,
0.575497,
0.576492,
0.577492,
0.57849,
0.57949,
0.58049,
0.581509,
0.582501,
0.583498,
0.584497,
0.585498,
0.586503,
0.587498,
0.588497,
0.589499,
0.590496,
0.591498,
0.592498,
0.593502,
0.594519,
0.595517,
0.596515,
0.597498,
0.59849,
0.599493,
0.600497,
0.601494,
0.602493,
0.603494,
0.604487,
0.605494,
0.60644,
0.607491,
0.608484,
0.609484,
0.610483,
0.611483,
0.61248,
0.613491,
0.614477,
0.615474,
0.616475,
0.617482,
0.618478,
0.619482,
0.620482,
0.621483,
0.622495,
0.623484,
0.624477,
0.625483,
0.626505,
0.627504,
0.628501,
0.629505,
0.630482,
0.631483,
0.632474,
0.633487,
0.634478,
0.635477,
0.636476,
0.637476,
0.638474,
0.639473,
0.640484,
0.641483,
0.642503,
0.643481,
0.644477,
0.645473,
0.646473,
0.647473,
0.648472,
0.649473,
0.650474,
0.651473,
0.652475,
0.653481,
0.65448,
0.655475,
0.656472,
0.657474,
0.658472,
0.659475,
0.660474,
0.661479,
0.662476,
0.663473,
0.664516,
0.66549,
0.666495,
0.667491,
0.668489,
0.669493,
0.670497,
0.671509,
0.672501,
0.673499,
0.674534,
0.675537,
0.676508,
0.67749,
0.678487,
0.67949,
0.680488,
0.681492,
0.682487,
0.683493,
0.684487,
0.685508,
0.686505,
0.687499,
0.688498,
0.689541,
0.690528,
0.691498,
0.692494,
0.693478,
0.694476,
0.695476,
0.696474,
0.697476,
0.698473,
0.699472,
0.700472,
0.701474,
0.702472,
0.703472,
0.704482,
0.705483,
0.706493,
0.707483,
0.708483,
0.709501,
0.7105,
0.711488,
0.712486,
0.713481,
0.714477,
0.715477,
0.716477,
0.717489,
0.718481,
0.719478,
0.720476,
0.721486,
0.722478,
0.723478,
0.724478,
0.72548,
0.726478,
0.727479,
0.728485,
0.729479,
0.730476,
0.731476,
0.732475,
0.733477,
0.734476,
0.735475,
0.736495,
0.737479,
0.738492,
0.739478,
0.740476,
0.74148,
0.742482,
0.743478,
0.744476,
0.745483,
0.746483,
0.747478,
0.74848,
0.749479,
0.750477,
0.75149,
0.752488,
0.753482,
0.754476,
0.755476,
0.756476,
0.757476,
0.758476,
0.759475,
0.760476,
0.761477,
0.762475,
0.763477,
0.764476,
0.765476,
0.766485,
0.767482,
0.768477,
0.76948,
0.770511,
0.771482,
0.772476,
0.773482,
0.774477,
0.775478,
0.776479,
0.777484,
0.778477,
0.7795,
0.780488,
0.781477,
0.782472,
0.783472,
0.784472,
0.785472,
0.786473,
0.787492,
0.788472,
0.789472,
0.790471,
0.791472,
0.792471,
0.793472,
0.794475,
0.795472,
0.796471,
0.797472,
0.798475,
0.799471,
0.800478,
0.801479,
0.802482,
0.803474,
0.804483,
0.805482,
0.806489,
0.807492,
0.808483,
0.80948,
0.810484,
0.811481,
0.812475,
0.813483,
0.814484,
0.815476,
0.816475,
0.817476,
0.818478,
0.819476,
0.820475,
0.821475,
0.822476,
0.823477,
0.824476,
0.825486,
0.826476,
0.827481,
0.828484,
0.829476,
0.830479,
0.831474,
0.832478,
0.83348,
0.834483,
0.835475,
0.836476,
0.837475,
0.838474,
0.839473,
0.840473,
0.841474,
0.842473,
0.843473,
0.844473,
0.845474,
0.846479,
0.847478,
0.848479,
0.849477,
0.850475,
0.851474,
0.852473,
0.853476,
0.854474,
0.85548,
0.856476,
0.857477,
0.858478,
0.859478,
0.860475,
0.86148,
0.862477,
0.863477,
0.864481,
0.865476,
0.866478,
0.867475,
0.868474,
0.869488,
0.870476,
0.871451,
0.872476,
0.873476,
0.874476,
0.875474,
0.876475,
0.877475,
0.878474,
0.879474,
0.880478,
0.88148,
0.882478,
0.883475,
0.884477,
0.88548,
0.886476,
0.887476,
0.888477,
0.889481,
0.890478,
0.891477,
0.892478,
0.89348,
0.894475,
0.895475,
0.896513,
0.897494,
0.898493,
0.899489,
0.90049,
0.901484,
0.902479,
0.90348,
0.904477,
0.905478,
0.906486,
0.907478,
0.908476,
0.909478,
0.910485,
0.9115,
0.912481,
0.913491,
0.914486,
0.915482,
0.916481,
0.917486,
0.918488,
0.919477,
0.920476,
0.921476,
0.922475,
0.923474,
0.924476,
0.925475,
0.926476,
0.927475,
0.928481,
0.929477,
0.930485,
0.931477,
0.932474,
0.933475,
0.934475,
0.935478,
0.936473,
0.937474,
0.938475,
0.939481,
0.940477,
0.941479,
0.942474,
0.943473,
0.944475,
0.945474,
0.946474,
0.947474,
0.948474,
0.949478,
0.950483,
0.951478,
0.952476,
0.953475,
0.954475,
0.955473,
0.956475,
0.957474,
0.958474,
0.959474,
0.960492,
0.96148,
0.962493,
0.96348,
0.964477,
0.96548,
0.966478,
0.967476,
0.968476,
0.969485,
0.970477,
0.971491,
0.972484,
0.973477,
0.974477,
0.975473,
0.976477,
0.977476,
0.978475,
0.979475,
0.980481,
0.981478,
0.982477,
0.983479,
0.984476,
0.985476,
0.986475,
0.987474,
0.988474,
0.989475,
0.990492,
0.991482,
0.99248,
0.993484,
0.994477,
0.995476,
0.996483,
0.997498,
0.998489,
0.999491,
1.0005,
1.0015,
1.00249,
1.00349,
1.00449,
1.00549,
1.00648,
1.00748,
1.00847,
1.00947,
1.01047,
1.01148,
1.01248,
1.01348,
1.01447,
1.01547,
1.01648,
1.01747,
1.01847,
1.01947,
1.02047,
1.02148,
1.02248,
1.02347,
1.0245,
1.02549,
1.02648,
1.02748,
1.02848,
1.0295,
1.03049,
1.03149,
1.03248,
1.03349,
1.03449,
1.03549,
1.03648,
1.03749,
1.03849,
1.03948,
1.04048,
1.04149,
1.0425,
1.04349,
1.04448,
1.04549,
1.04648,
1.04748,
1.04848,
1.0495,
1.05048,
1.05148,
1.05248,
1.05348,
1.05448,
1.05548,
1.0565,
1.05748,
1.05848,
1.05948,
1.06048,
1.06148,
1.06248,
1.0635,
1.06449,
1.06548,
1.06649,
1.06748,
1.06848,
1.06948,
1.07047,
1.07148,
1.07248,
1.07349,
1.07448,
1.07548,
1.07647,
1.07748,
1.07848,
1.07949,
1.08049,
1.08149,
1.0825,
1.08348,
1.08448,
1.08548,
1.08648,
1.08748,
1.08849,
1.08948,
1.09048,
1.09148,
1.09248,
1.09348,
1.09448,
1.09548,
1.0965,
1.09749,
1.09849,
1.09949,
1.10049,
1.10148,
1.10248,
1.10348,
1.10448,
1.10547,
1.10648,
1.10748,
1.10848,
1.10948,
1.11048,
1.11148,
1.11249,
1.11348,
1.11448,
1.11548,
1.11648,
1.11748,
1.11848,
1.11948,
1.12048,
1.12148,
1.12248,
1.12349,
1.12448,
1.12548,
1.12647,
1.12747,
1.12847,
1.12949,
1.13049,
1.13148,
1.13248,
1.13348,
1.13447,
1.13548,
1.13647,
1.13747,
1.13847,
1.13947,
1.14047,
1.14147,
1.14247,
1.14349,
1.14453,
1.14553,
1.14652,
1.14752,
1.1485,
1.1495,
1.1505,
1.15151,
1.1525,
1.1535,
1.1545,
1.1555,
1.1565,
1.1575,
1.1585,
1.1595,
1.16051,
1.1615,
1.16251,
1.1635,
1.1645,
1.16549,
1.16652,
1.16754,
1.16853,
1.16953,
1.17052,
1.1715,
1.1725,
1.17351,
1.17451,
1.17551,
1.17651,
1.1775,
1.17849,
1.17948,
1.18049,
1.1815,
1.18249,
1.18354,
1.18451,
1.18551,
1.1865,
1.1875,
1.1885,
1.1895,
1.1905,
1.19152,
1.19251,
1.19351,
1.19451,
1.19551,
1.19651,
1.1975,
1.19849,
1.1995,
1.2005,
1.20149,
1.20249,
1.20349,
1.20449,
1.20553,
1.20653,
1.20751,
1.2085,
1.2095,
1.21053,
1.21153,
1.21253,
1.21352,
1.21452,
1.21554,
1.21653,
1.21752,
1.21853,
1.21952,
1.22051,
1.22152,
1.22252,
1.22351,
1.22452,
1.22556,
1.22651,
1.22751,
1.22871,
1.22952,
1.23052,
1.23153,
1.23252,
1.23351,
1.23451,
1.23551,
1.23651,
1.23751,
1.23852,
1.23951,
1.24051,
1.24151,
1.24251,
1.24352,
1.2445,
1.24551,
1.24651,
1.24751,
1.2485,
1.24949,
1.25049,
1.25148,
1.25248,
1.25348,
1.25448,
1.25548,
1.25652,
1.25748,
1.25848,
1.25948,
1.2605,
1.26149,
1.26254,
1.2635,
1.2645,
1.26553,
1.26652,
1.26752,
1.26851,
1.2695,
1.2705,
1.27151,
1.2725,
1.2735,
1.2745,
1.2755,
1.2765,
1.2775,
1.2785,
1.2795,
1.28052,
1.28151,
1.2825,
1.2835,
1.2845,
1.2855,
1.28649,
1.28749,
1.28851,
1.2895,
1.29049,
1.29149,
1.29249,
1.29349,
1.29449,
1.29549,
1.2965,
1.29751,
1.2985,
1.2995,
1.3005,
1.30151,
1.3025,
1.3035,
1.3045,
1.3055,
1.3065,
1.3075,
1.3085,
1.3095,
1.3105,
1.3115,
1.31253,
1.31352,
1.31451,
1.31551,
1.31651,
1.31752,
1.31852,
1.31954,
1.3205,
1.3215,
1.32251,
1.3235,
1.32449,
1.3255,
1.3265,
1.3275,
1.3285,
1.3295,
1.33049,
1.3315,
1.3325,
1.33351,
1.3345,
1.33549,
1.33649,
1.3375,
1.33849,
1.3395,
1.3405,
1.3415,
1.3425,
1.34349,
1.3445,
1.3455,
1.34651,
1.3475,
1.3485,
1.3495,
1.3505,
1.3515,
1.3525,
1.3535,
1.3545,
1.3555,
1.3565,
1.3575,
1.3585,
1.3595,
1.3605,
1.36152,
1.3625,
1.3635,
1.3645,
1.3655,
1.3665,
1.3675,
1.3685,
1.3695,
1.3705,
1.37151,
1.3725,
1.3735,
1.3745,
1.3755,
1.3765,
1.3775,
1.3785,
1.3795,
1.3805,
1.38152,
1.38251,
1.38351,
1.38451,
1.38551,
1.3865,
1.3875,
1.3885,
1.38951,
1.39051,
1.3915,
1.3925,
1.3935,
1.3945,
1.3955,
1.39651,
1.39751,
1.3985,
1.3995,
1.4005,
1.40152,
1.40251,
1.40351,
1.40452,
1.4055,
1.40651,
1.40751,
1.40851,
1.40953,
1.41051,
1.41151,
1.41251,
1.41351,
1.41451,
1.41551,
1.41651,
1.41751,
1.41851,
1.41951,
1.42051,
1.42152,
1.42251,
1.42352,
1.42451,
1.4255,
1.4265,
1.4275,
1.4285,
1.4295,
1.4305,
1.4315,
1.4325,
1.4335,
1.4345,
1.4355,
1.4365,
1.4375,
1.4385,
1.4395,
1.4405,
1.4415,
1.44252,
1.4435,
1.4445,
1.4455,
1.4465,
1.44751,
1.44852,
1.44953,
1.45053,
1.45153,
1.45254,
1.45356,
1.45455,
1.45556,
1.45657,
1.45759,
1.45858,
1.45964,
1.46068,
1.4617,
1.46265,
1.46367,
1.46469,
1.46568,
1.46674,
1.46768,
1.46868,
1.46972,
1.47072,
1.47171,
1.47284,
1.47375,
1.47478,
1.47572,
1.47672,
1.47773,
1.47872,
1.47978,
1.48073,
1.48173,
1.48274,
1.48375,
1.48471,
1.48574,
1.48673,
1.48772,
1.48871,
1.48973,
1.49072,
1.49177,
1.49276,
1.49375,
1.49473,
1.49573,
1.49672,
1.49779,
1.49872,
1.49972,
1.50072,
1.50173,
1.50273,
1.50373,
1.50472,
1.50572,
1.50678,
1.50776,
1.50872,
1.50972,
1.51069,
1.51168,
1.5127,
1.51367,
1.51468,
1.51564,
1.51665,
1.51766,
1.51866,
1.51969,
1.52074,
1.52173,
1.52274,
1.52373,
1.52477,
1.52581,
1.52673,
1.52772,
1.52872,
1.52973,
1.53072,
1.53172,
1.53279,
1.53378,
1.53475,
1.53576,
1.53676,
1.53779,
1.53874,
1.53969,
1.54068,
1.54169,
1.54268,
1.54368,
1.5447,
1.54571,
1.5468,
1.54776,
1.54881,
1.54971,
1.5507,
1.5517,
1.5527,
1.55371,
1.55475,
1.55574,
1.55678,
1.55779,
1.55874,
1.55972,
1.56075,
1.56176,
1.56273,
1.56382,
1.56477,
1.56593,
1.56676,
1.56776,
1.56876,
1.56976,
1.57076,
1.57175,
1.57275,
1.57376,
1.57477,
1.57576,
1.57675,
1.57776,
1.57875,
1.57975,
1.5808,
1.58185,
1.58275,
1.58373,
1.58472,
1.58573,
1.58672,
1.58772,
1.58873,
1.58971,
1.59072,
1.59171,
1.59271,
1.5937,
1.5947,
1.5957,
1.5967,
1.59778,
1.59865,
1.59965,
1.60075,
1.60174,
1.6027,
1.60368,
1.60469,
1.60573,
1.60669,
1.60769,
1.60873,
1.60973,
1.61074,
1.61172,
1.61274,
1.61372,
1.61472,
1.61574,
1.61682,
1.61776,
1.61873,
1.61974,
1.62071,
1.62173,
1.62272,
1.62373,
1.62472,
1.62572,
1.62671,
1.62769,
1.62868,
1.6297,
1.63073,
1.63166,
1.63264,
1.63361,
1.63461,
1.63561,
1.63672,
1.63771,
1.6387,
1.63971,
1.64073,
1.64171,
1.6427,
1.6437,
1.64468,
1.64571,
1.64672,
1.64772,
1.6487,
1.64989,
1.65074,
1.65167,
1.65267,
1.65362,
1.65474,
1.65569,
1.6567,
1.65774,
1.65867,
1.65968,
1.6607,
1.66169,
1.6627,
1.6637,
1.6647,
1.6657,
1.66669,
1.66768,
1.6687,
1.66969,
1.67078,
1.67185,
1.67279,
1.67374,
1.67474,
1.67575,
1.67667,
1.67775,
1.67873,
1.67973,
1.68072,
1.68174,
1.68273,
1.68372,
1.68472,
1.68572,
1.68672,
1.68772,
1.68871,
1.68974,
1.69075,
1.69182,
1.69278,
1.69378,
1.69476,
1.6958,
1.6968,
1.69775,
1.69879,
1.69974,
1.70074,
1.70178,
1.70262,
1.7036,
1.70469,
1.7057,
1.70665,
1.70761,
1.70864,
1.70962,
1.71072,
1.7117,
1.71268,
1.71371,
1.71466,
1.71564,
1.71662,
1.71759,
1.71864,
1.71958,
1.72058,
1.72159,
1.72259,
1.72359,
1.72459,
1.7256,
1.7266,
1.7276,
1.7286,
1.72964,
1.7306,
1.73161,
1.73268,
1.73365,
1.73464,
1.73562,
1.73661,
1.73762,
1.73866,
1.73971,
1.74066,
1.74163,
1.74262,
1.7436,
1.74463,
1.7456,
1.7466,
1.7476,
1.74874,
1.74968,
1.7506,
1.75159,
1.75259,
1.75359,
1.75459,
1.75558,
1.75659,
1.75758,
1.75858,
1.75959,
1.7607,
1.76168,
1.76266,
1.76365,
1.76465,
1.76565,
1.76665,
1.76765,
1.76865,
1.76963,
1.7706,
1.77159,
1.77259,
1.77359,
1.77459,
1.77559,
1.77658,
1.77765,
1.77862,
1.77968,
1.78063,
1.78161,
1.78264,
1.78359,
1.78458,
1.78559,
1.78658,
1.78759,
1.78858,
1.78959,
1.79059,
1.79159,
1.79266,
1.79367,
1.79465,
1.79565,
1.79665,
1.79766,
1.79865,
1.79964,
1.80065,
1.80165,
1.80265,
1.80365,
1.80465,
1.80565,
1.80677,
1.80771,
1.80872,
1.80968,
1.81068,
1.81172,
1.81271,
1.81371,
1.81466,
1.8157,
1.81669,
1.81797,
1.81872,
1.81968,
1.82068,
1.82166,
1.82265,
1.82364,
1.82464,
1.82566,
1.82665,
1.82764,
1.82865,
1.82966,
1.83065,
1.83165,
1.8327,
1.83369,
1.83467,
1.83568,
1.83669,
1.83764,
1.83862,
1.83962,
1.84066,
1.84168,
1.84268,
1.8437,
1.84473,
1.84576,
1.84677,
1.84776,
1.84876,
1.84977,
1.85076,
1.85176,
1.85277,
1.8538,
1.85477,
1.85574,
1.85665,
1.85768,
1.8587,
1.8597,
1.86069,
1.86181,
1.86272,
1.86367,
1.86473,
1.86572,
1.86672,
1.8677,
1.8687,
1.86974,
1.87072,
1.87171,
1.87272,
1.87379,
1.87478,
1.87572,
1.8767,
1.87769,
1.87872,
1.87968,
1.88069,
1.88173,
1.88272,
1.8837,
1.8847,
1.88571,
1.8867,
1.88777,
1.88873,
1.88975,
1.89074,
1.89174,
1.89275,
1.8938,
1.89474,
1.89577,
1.89674,
1.89768,
1.89864,
1.89963,
1.90078,
1.90206,
1.90271,
1.90368,
1.90474,
1.90571,
1.90669,
1.90768,
1.90868,
1.90968,
1.91067,
1.91169,
1.91268,
1.91369,
1.91479,
1.91583,
1.91675,
1.91775,
1.91872,
1.9198,
1.92085,
1.92184,
1.92275,
1.92373,
1.92473,
1.92573,
1.92672,
1.92773,
1.92872,
1.92972,
1.93072,
1.93172,
1.93269,
1.93367,
1.93465,
1.93566,
1.93665,
1.9377,
1.93869,
1.93966,
1.94066,
1.94163,
1.94261,
1.9436,
1.94459,
1.94559,
1.94659,
1.9476,
1.94858,
1.94958,
1.95057,
1.95157,
1.95258,
1.95357,
1.95457,
1.95557,
1.95657,
1.95756,
1.95856,
1.95955,
1.96056,
1.96156,
1.96255,
1.96356,
1.96455,
1.96554,
1.96654,
1.96753,
1.96853,
1.96953,
1.97053,
1.97153,
1.97252,
1.97353,
1.97452,
1.97555,
1.97652,
1.97753,
1.97851,
1.97953,
1.98052,
1.98152,
1.98251,
1.98351,
1.98451,
1.98552,
1.98652,
1.98751,
1.9885,
1.9895,
1.99049,
1.99149,
1.9925,
1.9935,
1.99449,
1.9955,
1.99651,
1.9975,
1.9985,
1.9995,
2.00049,
2.0015,
2.0025,
2.00349,
2.0045,
2.0055,
2.0065,
2.0075,
2.0085,
2.0095,
2.0105,
2.0115,
2.0125,
2.0135,
2.0145,
2.0155,
2.0165,
2.0175,
2.0185,
2.0195,
2.0205,
2.0215,
2.0225,
2.0235,
2.0245,
2.0255,
2.0265,
2.0275,
2.02849,
2.0295,
2.03049,
2.03149,
2.0325,
2.0335,
2.0345,
2.0355,
2.0365,
2.0375,
2.0385,
2.0395,
2.0405,
2.04152,
2.04251,
2.04351,
2.04451,
2.0455,
2.04649,
2.0475,
2.04849,
2.0495,
2.05049,
2.05149,
2.05249,
2.05349,
2.05451,
2.0555,
2.0565,
2.05751,
2.0585,
2.0595,
2.0605,
2.0615,
2.0625,
2.0635,
2.0645,
2.06555,
2.06654,
2.06751,
2.06851,
2.0695,
2.07051,
2.0715,
2.0725,
2.0735,
2.0745,
2.0755,
2.0765,
2.0775,
2.0785,
2.0795,
2.0805,
2.0815,
2.0825,
2.0835,
2.0845,
2.0855,
2.0865,
2.0875,
2.0885,
2.0895,
2.0905,
2.0915,
2.0925,
2.09351,
2.09451,
2.09552,
2.09654,
2.09754,
2.09853,
2.09954,
2.10055,
2.10156,
2.10255,
2.10355,
2.10454,
2.10555,
2.10655,
2.10755,
2.10855,
2.10954,
2.11053,
2.11154,
2.11253,
2.11352,
2.11454,
2.11552,
2.11651,
2.11752,
2.11851,
2.1195,
2.1205,
2.12151,
2.1225,
2.1235,
2.1245,
2.1255,
2.1265,
2.1275,
2.1285,
2.1295,
2.1305,
2.1315,
2.1325,
2.1335,
2.1345,
2.1355,
2.1365,
2.1375,
2.1385,
2.1395,
2.1405,
2.1415,
2.1425,
2.1435,
2.1445,
2.1455,
2.1465,
2.1475,
2.14851,
2.14951,
2.1505,
2.1515,
2.1525,
2.1535,
2.15451,
2.1555,
2.1565,
2.1575,
2.1585,
2.1595,
2.1605,
2.1615,
2.16251,
2.1635,
2.1645,
2.16551,
2.1665,
2.1675,
2.1685,
2.1695,
2.1705,
2.1715,
2.1725,
2.1735,
2.1745,
2.1755,
2.1765,
2.1775,
2.1785,
2.1795,
2.1805,
2.1815,
2.1825,
2.1835,
2.1845,
2.1855,
2.18651,
2.18751,
2.18851,
2.18953,
2.19053,
2.19154,
2.19255,
2.19356,
2.19456,
2.19555,
2.19656,
2.19755,
2.19854,
2.19955,
2.20054,
2.20153,
2.20253,
2.20352,
2.20452,
2.20552,
2.20653,
2.2075,
2.2085,
2.20951,
2.2105,
2.2115,
2.2125,
2.2135,
2.21451,
2.2155,
2.2165,
2.2175,
2.2185,
2.2195,
2.2205,
2.2215,
2.2225,
2.2235,
2.2245,
2.2255,
2.2265,
2.2275,
2.2285,
2.2295,
2.2305,
2.2315,
2.2325,
2.2335,
2.2345,
2.2355,
2.2365,
2.2375,
2.23851,
2.2395,
2.2405,
2.24151,
2.2425,
2.2435,
2.24449,
2.2455,
2.2465,
2.2475,
2.2485,
2.2495,
2.2505,
2.2515,
2.2525,
2.2535,
2.2545,
2.2555,
2.2565,
2.2575,
2.2585,
2.2595,
2.2605,
2.2615,
2.2625,
2.2635,
2.2645,
2.2655,
2.2665,
2.2675,
2.2685,
2.2695,
2.2705,
2.2715,
2.2725,
2.27351,
2.27451,
2.27551,
2.2765,
2.27751,
2.2785,
2.2795,
2.2805,
2.28151,
2.2825,
2.2835,
2.2845,
2.28551,
2.2865,
2.2875,
2.2885,
2.28952,
2.29051,
2.29151,
2.29251,
2.2935,
2.2945,
2.2955,
2.2965,
2.2975,
2.2985,
2.2995,
2.3005,
2.3015,
2.3025,
2.3035,
2.30451,
2.30552,
2.30651,
2.3075,
2.3086,
2.30951,
2.3105,
2.3115,
2.3125,
2.3135,
2.3145,
2.31554,
2.31651,
2.31751,
2.3185,
2.3195,
2.3205,
2.3215,
2.3225,
2.3235,
2.3245,
2.3255,
2.3265,
2.3275,
2.3285,
2.3295,
2.3305,
2.3315,
2.3325,
2.33351,
2.33451,
2.3355,
2.33651,
2.33751,
2.33851,
2.33951,
2.3405,
2.34151,
2.3425,
2.3435,
2.3445,
2.3455,
2.3465,
2.3475,
2.3485,
2.3495,
2.3505,
2.3515,
2.3525,
2.3535,
2.3545,
2.3555,
2.35651,
2.35752,
2.3585,
2.3595,
2.3605,
2.36151,
2.3625,
2.36354,
2.36454,
2.36551,
2.36654,
2.36756,
2.36856,
2.36954,
2.37053,
2.37155,
2.37254,
2.37355,
2.37455,
2.37556,
2.37657,
2.37758,
2.37857,
2.37958,
2.38059,
2.3816,
2.38261,
2.38362,
2.38463,
2.38565,
2.38664,
2.38766,
2.38866,
2.38969,
2.39068,
2.3917,
2.39273,
2.39376,
2.39471,
2.39571,
2.39676,
2.39776,
2.39874,
2.39973,
2.40073,
2.40173,
2.40273,
2.40373,
2.40472,
2.40574,
2.40676,
2.40777,
2.40873,
2.40972,
2.41071,
2.41175,
2.4128,
2.41368,
2.41475,
2.41571,
2.4167,
2.41771,
2.41871,
2.4197,
2.42069,
2.42171,
2.4227,
2.4237,
2.42469,
2.42571,
2.42673,
2.42773,
2.42873,
2.42975,
2.43072,
2.43172,
2.43272,
2.43374,
2.43472,
2.43572,
2.43675,
2.43781,
2.43872,
2.43973,
2.44073,
2.44174,
2.44273,
2.44373,
2.44474,
2.44574,
2.44673,
2.44774,
2.44874,
2.44974,
2.45074,
2.45173,
2.45272,
2.45374,
2.45473,
2.45568,
2.4567,
2.45766,
2.45871,
2.45969,
2.46069,
2.46171,
2.46269,
2.46369,
2.46471,
2.46574,
2.46672,
2.46772,
2.46872,
2.46972,
2.47072,
2.47175,
2.47273,
2.47373,
2.47473,
2.47574,
2.47676,
2.47798,
2.47868,
2.47965,
2.48067,
2.48167,
2.48264,
2.48364,
2.48464,
2.48564,
2.48666,
2.48766,
2.48864,
2.48967,
2.49067,
2.49165,
2.49267,
2.49366,
2.4947,
2.49564,
2.49665,
2.49766,
2.49867,
2.49964,
2.5007,
2.50164,
2.50264,
2.50366,
2.50469,
2.50568,
2.50667,
2.50766,
2.50866,
2.50964,
2.51066,
2.51166,
2.51269,
2.51368,
2.51482,
2.51584,
2.51672,
2.51786,
2.51871,
2.51967,
2.52071,
2.52169,
2.52267,
2.52366,
2.52466,
2.52566,
2.52666,
2.52768,
2.52868,
2.52969,
2.53068,
2.53166,
2.53261,
2.53362,
2.53462,
2.5357,
2.53667,
2.53769,
2.53866,
2.53965,
2.54066,
2.54166,
2.54266,
2.54365,
2.54467,
2.54566,
2.54667,
2.54767,
2.54867,
2.54969,
2.55067,
2.55166,
2.5526,
2.55361,
2.5546,
2.5556,
2.5566,
2.55761,
2.55863,
2.55962,
2.56062,
2.56166,
2.56264,
2.56361,
2.56468,
2.56589,
2.56675,
2.56771,
2.56869,
2.56973,
2.57066,
2.57166,
2.57266,
2.57366,
2.57472,
2.57576,
2.57671,
2.5777,
2.5787,
2.57974,
2.58081,
2.58175,
2.5828,
2.5838,
2.58478,
2.58571,
2.58669,
2.58768,
2.58868,
2.58968,
2.59068,
2.59166,
2.59268,
2.59383,
2.59472,
2.59569,
2.59673,
2.59772,
2.59884,
2.59972,
2.60071,
2.60173,
2.60269,
2.6038,
2.60474,
2.60575,
2.60684,
2.60782,
2.60873,
2.60974,
2.61076,
2.61172,
2.61272,
2.61384,
2.61476,
2.6158,
2.61682,
2.61789,
2.61881,
2.61982,
2.62086,
2.62178,
2.62277,
2.62378,
2.62474,
2.62575,
2.62681,
2.62777,
2.62876,
2.62973,
2.63069,
2.63166,
2.63261,
2.63364,
2.63465,
2.63562,
2.63659,
2.63772,
2.63871,
2.63974,
2.64074,
2.64171,
2.64269,
2.64373,
2.64481,
2.6458,
2.64681,
2.64777,
2.64877,
2.64981,
2.65068,
2.65169,
2.65274,
2.65373,
2.65474,
2.65578,
2.65676,
2.65768,
2.65877,
2.65973,
2.66069,
2.66168,
2.66268,
2.66363,
2.66461,
2.66563,
2.66659,
2.66761,
2.66859,
2.6696,
2.67061,
2.67163,
2.67261,
2.6736,
2.67458,
2.67559,
2.6766,
2.67762,
2.67861,
2.67959,
2.68055,
2.68169,
2.68268,
2.68365,
2.68465,
2.68566,
2.68664,
2.68768,
2.68866,
2.68965,
2.69063,
2.69161,
2.6926,
2.69358,
2.69457,
2.69558,
2.69659,
2.69759,
2.69858,
2.6996,
2.7006,
2.70159,
2.7026,
2.70359,
2.7046,
2.70561,
2.70662,
2.70761,
2.70861,
2.70959,
2.71058,
2.71158,
2.71259,
2.7136,
2.71459,
2.7156,
2.71661,
2.71761,
2.71859,
2.71958,
2.72065,
2.72161,
2.72262,
2.72359,
2.72457,
2.72557,
2.72656,
2.72759,
2.72857,
2.72955,
2.73057,
2.73156,
2.73254,
2.73356,
2.73456,
2.73555,
2.73655,
2.73757,
2.73857,
2.73956,
2.74056,
2.74157,
2.74256,
2.74357,
2.74456,
2.74557,
2.74656,
2.74757,
2.74857,
2.74957,
2.75058,
2.75157,
2.75257,
2.75356,
2.75455,
2.75555,
2.75653,
2.75752,
2.75853,
2.75954,
2.76054,
2.76153,
2.76252,
2.76354,
2.76453,
2.76553,
2.76654,
2.76754,
2.76854,
2.7696,
2.7706,
2.77156,
2.77255,
2.77354,
2.77452,
2.77555,
2.77654,
2.77754,
2.77854,
2.77954,
2.78053,
2.78153,
2.78254,
2.78354,
2.78455,
2.78555,
2.78653,
2.78752,
2.78852,
2.78952,
2.79052,
2.79151,
2.79253,
2.79352,
2.79453,
2.79552,
2.79658,
2.79757,
2.79858,
2.79959,
2.80054,
2.80154,
2.80254,
2.80352,
2.80454,
2.80553,
2.80653,
2.80753,
2.80853,
2.80953,
2.81053,
2.81152,
2.81253,
2.81355,
2.81455,
2.81554,
2.81653,
2.81751,
2.81851,
2.81951,
2.8205,
2.8215,
2.82249,
2.8235,
2.82451,
2.82551,
2.82651,
2.8275,
2.82849,
2.8295,
2.8305,
2.83149,
2.8325,
2.83349,
2.83449,
2.83549,
2.8365,
2.83749,
2.8385,
2.83949,
2.84049,
2.84149,
2.84249,
2.8435,
2.84449,
2.84549,
2.8465,
2.8475,
2.8485,
2.84949,
2.85049,
2.8515,
2.8525,
2.8535,
2.8545,
2.85549,
2.8565,
2.85754,
2.85853,
2.85953,
2.86053,
2.86153,
2.86253,
2.86354,
2.86453,
2.8655,
2.8665,
2.8675,
2.8685,
2.8695,
2.8705,
2.8715,
2.87251,
2.87349,
2.87449,
2.8755,
2.87649,
2.8775,
2.8785,
2.87949,
2.8805,
2.8815,
2.8825,
2.88349,
2.88449,
2.88549,
2.88649,
2.8875,
2.88851,
2.88955,
2.89052,
2.89152,
2.89253,
2.89354,
2.89454,
2.89554,
2.89654,
2.89755,
2.89858,
2.89957,
2.90058,
2.90157,
2.90258,
2.90357,
2.90458,
2.90557,
2.90657,
2.90757,
2.90855,
2.90956,
2.91055,
2.91155,
2.91255,
2.91356,
2.91455,
2.91555,
2.91657,
2.91755,
2.91854,
2.91954,
2.92056,
2.92155,
2.92253,
2.92353,
2.92454,
2.92553,
2.92652,
2.92752,
2.92852,
2.92952,
2.93052,
2.93152,
2.93251,
2.93351,
2.93451,
2.9355,
2.9365,
2.9375,
2.9385,
2.9395,
2.94049,
2.94149,
2.9425,
2.94354,
2.94454,
2.94554,
2.94655,
2.94755,
2.94854,
2.94951,
2.9505,
2.95149,
2.9525,
2.9535,
2.9545,
2.95549,
2.95649,
2.95749,
2.95849,
2.95949,
2.9605,
2.96149,
2.96249,
2.9635,
2.96451,
2.96552,
2.96652,
2.96752,
2.96851,
2.96951,
2.9705,
2.97152,
2.97251,
2.97351,
2.97451,
2.97549,
2.97651,
2.97751,
2.97852,
2.97949,
2.9805,
2.9815,
2.9825,
2.98351,
2.9845,
2.98551,
2.9865,
2.98751,
2.98849,
2.9895,
2.99049,
2.9915,
2.99249,
2.9935,
2.99449,
2.99549,
2.99649,
2.99749,
2.99849,
2.99949,
3.00049,
3.0015,
3.0025,
3.00349,
3.0045,
3.0055,
3.0065,
3.00749,
3.0085,
3.00949,
3.0105,
3.0115,
3.0125,
3.0135,
3.0145,
3.0155,
3.0165,
3.0175,
3.0185,
3.0195,
3.02049,
3.02151,
3.02251,
3.02352,
3.02453,
3.02553,
3.02653,
3.02753,
3.02855,
3.02959,
3.03058,
3.03157,
3.03255,
3.03354,
3.03454,
3.03554,
3.03654,
3.03753,
3.03852,
3.03953,
3.04052,
3.04151,
3.04248,
3.04351,
3.04449,
3.04549,
3.04649,
3.0475,
3.04852,
3.04956,
3.05052,
3.05158,
3.05257,
3.0536,
3.0546,
3.05559,
3.05659,
3.05761,
3.05861,
3.05961,
3.06063,
3.06165,
3.06266,
3.06366,
3.06465,
3.06564,
3.06685,
3.06771,
3.06866,
3.06967,
3.07067,
3.07166,
3.07262,
3.0737,
3.07459,
3.07558,
3.07658,
3.07757,
3.07855,
3.07954,
3.08053,
3.08154,
3.08255,
3.08353,
3.08452,
3.08551,
3.0865,
3.0875,
3.0885,
3.08949,
3.09049,
3.09149,
3.09249,
3.0935,
3.09449,
3.09549,
3.09649,
3.09749,
3.09849,
3.0995,
3.10049,
3.10149,
3.10249,
3.10354,
3.10454,
3.10555,
3.10654,
3.10754,
3.10854,
3.10951,
3.1105,
3.1115,
3.11251,
3.11351,
3.11452,
3.11552,
3.1165,
3.11749,
3.11849,
3.11949,
3.12049,
3.12149,
3.12249,
3.1235,
3.12449,
3.12549,
3.1265,
3.12751,
3.1285,
3.1295,
3.1305,
3.1315,
3.1325,
3.1335,
3.1345,
3.13551,
3.13651,
3.13751,
3.13851,
3.1395,
3.1405,
3.14151,
3.1425,
3.1435,
3.14452,
3.1455,
3.14649,
3.1475,
3.1485,
3.1495,
3.15049,
3.15151,
3.15249,
3.1535,
3.15449,
3.1555,
3.1565,
3.1575,
3.1585,
3.15949,
3.1605,
3.1615,
3.1625,
3.1635,
3.16451,
3.16552,
3.16651,
3.16751,
3.16852,
3.1695,
3.1705,
3.1715,
3.17249,
3.17349,
3.17449,
3.17549,
3.1765,
3.17751,
3.17849,
3.17949,
3.18049,
3.1815,
3.18249,
3.18349,
3.18449,
3.18549,
3.18649,
3.18749,
3.18849,
3.18949,
3.19049,
3.1915,
3.19249,
3.19349,
3.19449,
3.19549,
3.1965,
3.1975,
3.19849,
3.19949,
3.2005,
3.20149,
3.2025,
3.20349,
3.20449,
3.20551,
3.2065,
3.2075,
3.2085,
3.20951,
3.2105,
3.21149,
3.2125,
3.21351,
3.21451,
3.2155,
3.2165,
3.2175,
3.21849,
3.21961,
3.22049,
3.22149,
3.22249,
3.22349,
3.22449,
3.22549,
3.22649,
3.22749,
3.2285,
3.22949,
3.23049,
3.23149,
3.23249,
3.23348,
3.23451,
3.23549,
3.2365,
3.23751,
3.2385,
3.23951,
3.24051,
3.2415,
3.24251,
3.2435,
3.2445,
3.2455,
3.24649,
3.24749,
3.24849,
3.24949,
3.2505,
3.25149,
3.25251,
3.2535,
3.2545,
3.2555,
3.2565,
3.2575,
3.2585,
3.2595,
3.2605,
3.2615,
3.2625,
3.2635,
3.2645,
3.2655,
3.26651,
3.2675,
3.2685,
3.2695,
3.27049,
3.27149,
3.2725,
3.27351,
3.2745,
3.27551,
3.27677,
3.2775,
3.27847,
3.2795,
3.2805,
3.2815,
3.2825,
3.2835,
3.2845,
3.2855,
3.2865,
3.28749,
3.2885,
3.28949,
3.29049,
3.29147,
3.2925,
3.29349,
3.29451,
3.2955,
3.29651,
3.2975,
3.2985,
3.29963,
3.3005,
3.30149,
3.30249,
3.30349,
3.30451,
3.3055,
3.3065,
3.3075,
3.30849,
3.30949,
3.31049,
3.3115,
3.31249,
3.3135,
3.3145,
3.31549,
3.31676,
3.31755,
3.31883,
3.31972,
3.32109,
3.32212,
3.32251,
3.32382,
3.32468,
3.32577,
3.32651,
3.32752,
3.32857,
3.32955,
3.33067,
3.33228,
3.33316,
3.3341,
3.33488,
3.33567,
3.33651,
3.33751,
3.3385,
3.3395,
3.34052,
3.3415,
3.34249,
3.34349,
3.3445,
3.3455,
3.3465,
3.34751,
3.34849,
3.34951,
3.3505,
3.35151,
3.35251,
3.35352,
3.35453,
3.35552,
3.35658,
3.35768,
3.3586,
3.35956,
3.36053,
3.36151,
3.36253,
3.36352,
3.3645,
3.36549,
3.3665,
3.36749,
3.36851,
3.3695,
3.3705,
3.37149,
3.3725,
3.3735,
3.37449,
3.37549,
3.3765,
3.3775,
3.3785,
3.37951,
3.3805,
3.38151,
3.3825,
3.3835,
3.3845,
3.3855,
3.38649,
3.38749,
3.3885,
3.3895,
3.3905,
3.3915,
3.3925,
3.3935,
3.3945,
3.39549,
3.3965,
3.3975,
3.39849,
3.3995,
3.4005,
3.40149,
3.40249,
3.40349,
3.40449,
3.40549,
3.4065,
3.40749,
3.40849,
3.4095,
3.4105,
3.4115,
3.41251,
3.41363,
3.41476,
3.41588,
3.41682,
3.41789,
3.41886,
3.41979,
3.42068,
3.4215,
3.42249,
3.42349,
3.42449,
3.42549,
3.4265,
3.42749,
3.42849,
3.42949,
3.4305,
3.43149,
3.4325,
3.4335,
3.4345,
3.4355,
3.43649,
3.4375,
3.4385,
3.43949,
3.44049,
3.44149,
3.44249,
3.4435,
3.4445,
3.4455,
3.4465,
3.44749,
3.4485,
3.4495,
3.4505,
3.4515,
3.4525,
3.4535,
3.4545,
3.4555,
3.4565,
3.4575,
3.45851,
3.4595,
3.46049,
3.4615,
3.46249,
3.4635,
3.46449,
3.4655,
3.4665,
3.46749,
3.46849,
3.46949,
3.47049,
3.47149,
3.47249,
3.47349,
3.47449,
3.47549,
3.47649,
3.47749,
3.4785,
3.47951,
3.48049,
3.4815,
3.4825,
3.48349,
3.48449,
3.48549,
3.48649,
3.4875,
3.4885,
3.4895,
3.4905,
3.49151,
3.4925,
3.49352,
3.49461,
3.49579,
3.49696,
3.49812,
3.49922,
3.50014,
3.50121,
3.50213,
3.50303,
3.50382,
3.50462,
3.50549,
3.50649,
3.50749,
3.50849,
3.50949,
3.51049,
3.51149,
3.51249,
3.51349,
3.51449,
3.5155,
3.51677,
3.51756,
3.5188,
3.51949,
3.5205,
3.5215,
3.5225,
3.52349,
3.52449,
3.52549,
3.52674,
3.5275,
3.5285,
3.5295,
3.53049,
3.53149,
3.53249,
3.53349,
3.53449,
3.53549,
3.53649,
3.53748,
3.5385,
3.5395,
3.54049,
3.5415,
3.54249,
3.54349,
3.54449,
3.54549,
3.5465,
3.54749,
3.54849,
3.54949,
3.55049,
3.55149,
3.5525,
3.5535,
3.5545,
3.55549,
3.55649,
3.55749,
3.55849,
3.55949,
3.5605,
3.56151,
3.56251,
3.5635,
3.5645,
3.56549,
3.56649,
3.56749,
3.56849,
3.56949,
3.57049,
3.5715,
3.5725,
3.57349,
3.57449,
3.57549,
3.57649,
3.57749,
3.57849,
3.57949,
3.58049,
3.58149,
3.58249,
3.5835,
3.58449,
3.5855,
3.58649,
3.58749,
3.58849,
3.58949,
3.59049,
3.59149,
3.59249,
3.59349,
3.59449,
3.59549,
3.59649,
3.59749,
3.59849,
3.59949,
3.60049,
3.6015,
3.6025,
3.6035,
3.60449,
3.60549,
3.60649,
3.60749,
3.60849,
3.60949,
3.61049,
3.61149,
3.61249,
3.6135,
3.61449,
3.61551,
3.61651,
3.6175,
3.6185,
3.61949,
3.62049,
3.62149,
3.62249,
3.62349,
3.6245,
3.6255,
3.62649,
3.6275,
3.62849,
3.62949,
3.6305,
3.6315,
3.63249,
3.63349,
3.63449,
3.63549,
3.63649,
3.63749,
3.63849,
3.63949,
3.64049,
3.64149,
3.64249,
3.64349,
3.64449,
3.64549,
3.64649,
3.64749,
3.6485,
3.64949,
3.65049,
3.65149,
3.65249,
3.65349,
3.65449,
3.65569,
3.65657,
3.6575,
3.65851,
3.65951,
3.6605,
3.66151,
3.66251,
3.6635,
3.6645,
3.66551,
3.66649,
3.66749,
3.66849,
3.66949,
3.6705,
3.67149,
3.6725,
3.6735,
3.67449,
3.67549,
3.67649,
3.67749,
3.67849,
3.67949,
3.68051,
3.6815,
3.68249,
3.68349,
3.68449,
3.68549,
3.68649,
3.68749,
3.68849,
3.6895,
3.69049,
3.69149,
3.6925,
3.69349,
3.69449,
3.69549,
3.69649,
3.69749,
3.69849,
3.69949,
3.70049,
3.70149,
3.70249,
3.70349,
3.70449,
3.70549,
3.70649,
3.70749,
3.70849,
3.70949,
3.71049,
3.71149,
3.71249,
3.7135,
3.71449,
3.71549,
3.71649,
3.71749,
3.71849,
3.71949,
3.72049,
3.72149,
3.72249,
3.72349,
3.72449,
3.72549,
3.7265,
3.72749,
3.72849,
3.7295,
3.7305,
3.7315,
3.7325,
3.7335,
3.7345,
3.73549,
3.73649,
3.7375,
3.73849,
3.73949,
3.7405,
3.7415,
3.7425,
3.74349,
3.74449,
3.74549,
3.7465,
3.7475,
3.74849,
3.74949,
3.7505,
3.75149,
3.75249,
3.75349,
3.75449,
3.7555,
3.75649,
3.7575,
3.75849,
3.75949,
3.76049,
3.7615,
3.76251,
3.7635,
3.7645,
3.7655,
3.76649,
3.7675,
3.7685,
3.7695,
3.77049,
3.77149,
3.77249,
3.77349,
3.77449,
3.77549,
3.7765,
3.7775,
3.7785,
3.7795,
3.78049,
3.7815,
3.78249,
3.78349,
3.7845,
3.78555,
3.7865,
3.78749,
3.7885,
3.7895,
3.7905,
3.7915,
3.79276,
3.79357,
3.79449,
3.79547,
3.79647,
3.79748,
3.79847,
3.79948,
3.80047,
3.80147,
3.80248,
3.80347,
3.80447,
3.80548,
3.80647,
3.80747,
3.80848,
3.80951,
3.81049,
3.81149,
3.81249,
3.81349,
3.81447,
3.81547,
3.81648,
3.81748,
3.81847,
3.81947,
3.82047,
3.82147,
3.82247,
3.82347,
3.82447,
3.82547,
3.82647,
3.82747,
3.82847,
3.82948,
3.83048,
3.83147,
3.83247,
3.83347,
3.83447,
3.83547,
3.83647,
3.83747,
3.83847,
3.83947,
3.84047,
3.84147,
3.84248,
3.84347,
3.84447,
3.84547,
3.84647,
3.84747,
3.84849,
3.8495,
3.85077,
3.85154,
3.85251,
3.85351,
3.8545,
3.8555,
3.85649,
3.85749,
3.85849,
3.85949,
3.8605,
3.8615,
3.8625,
3.86349,
3.86449,
3.8655,
3.8665,
3.8675,
3.8685,
3.8695,
3.8705,
3.8715,
3.8725,
3.87352,
3.87451,
3.8755,
3.8765,
3.8775,
3.8785,
3.8795,
3.8805,
3.88151,
3.88251,
3.88351,
3.88451,
3.88551,
3.88649,
3.88749,
3.88848,
3.88949,
3.89049,
3.89148,
3.89248,
3.89349,
3.89449,
3.89549,
3.89648,
3.89749,
3.89848,
3.89948,
3.90049,
3.90149,
3.90249,
3.90348,
3.90449,
3.9055,
3.90649,
3.90748,
3.90849,
3.90948,
3.91049,
3.91149,
3.91249,
3.9135,
3.91449,
3.91549,
3.9165,
3.9175,
3.91849,
3.91949,
3.92049,
3.92149,
3.92249,
3.9235,
3.92449,
3.92549,
3.9265,
3.92749,
3.9285,
3.9295,
3.93049,
3.9315,
3.93249,
3.93348,
3.93448,
3.93547,
3.93647,
3.93747,
3.93849,
3.93949,
3.94049,
3.94149,
3.94249,
3.94349,
3.94449,
3.94549,
3.94649,
3.94774,
3.94849,
3.94949,
3.95049,
3.95153,
3.95277,
3.95374,
3.95483,
3.95585,
3.95708,
3.95807,
3.9593,
3.9603,
3.96148,
3.96224,
3.96303,
3.9638,
3.96456,
3.96549,
3.96649,
3.96749,
3.9685,
3.96949,
3.9705,
3.97152,
3.97245,
3.97349,
3.97449,
3.97576,
3.97677,
3.97803,
3.97903,
3.98027,
3.98127,
3.98148,
3.98272,
3.98372,
3.98496,
3.98576,
3.987,
3.9877,
3.98893,
3.98969,
3.99093,
3.99169,
3.99292,
3.99369,
3.99492,
3.99559,
3.99682,
3.99762,
3.99883,
3.99959,
4.00081,
4.0016,
4.00282,
4.0035,
4.00448,
4.00548,
4.00647,
4.00748,
4.00848,
4.00949,
4.01049,
4.01148,
4.0125,
4.01349,
4.01449,
4.01549,
4.01649,
4.01749,
4.01849,
4.01948,
4.02049,
4.02149,
4.02249,
4.02349,
4.02449,
4.02549,
4.02649,
4.02748,
4.02849,
4.02949,
4.03049,
4.03148,
4.0325,
4.03348,
4.03449,
4.03549,
4.03648,
4.03748,
4.03849,
4.03949,
4.04048,
4.04149,
4.04248,
4.04348,
4.04448,
4.04548,
4.04652,
4.0475,
4.0485,
4.0495,
4.0505,
4.0515,
4.0525,
4.0535,
4.05448,
4.05548,
4.05648,
4.05748,
4.05847,
4.05947,
4.06049,
4.06147,
4.06247,
4.0635,
4.06451,
4.0655,
4.06651,
4.06751,
4.0685,
4.06951,
4.07049,
4.07149,
4.07249,
4.07351,
4.0745,
4.0755,
4.0765,
4.0775,
4.07856,
4.07949,
4.08051,
4.08149,
4.08249,
4.08349,
4.08449,
4.08549,
4.08649,
4.08749,
4.08849,
4.08949,
4.09049,
4.0915,
4.0925,
4.0935,
4.09448,
4.09551,
4.09652,
4.0975,
4.0985,
4.09976,
4.10048,
4.10149,
4.10249,
4.10348,
4.10448,
4.1055,
4.10654,
4.10778,
4.10882,
4.11006,
4.1111,
4.11233,
4.11338,
4.11418,
4.11522,
4.11598,
4.11702,
4.1178,
4.11883,
4.11959,
4.12062,
4.1215,
4.12249,
4.12349,
4.12449,
4.12549,
4.12649,
4.1275,
4.1285,
4.12948,
4.13049,
4.13151,
4.1325,
4.1335,
4.1345,
4.1355,
4.13651,
4.13761,
4.13851,
4.13949,
4.1405,
4.1415,
4.14249,
4.14349,
4.14449,
4.14549,
4.14649,
4.1475,
4.14849,
4.1495,
4.15048,
4.15149,
4.15248,
4.1535,
4.1545,
4.1555,
4.1565,
4.15751,
4.1585,
4.1595,
4.16049,
4.16149,
4.16249,
4.1635,
4.1645,
4.16549,
4.16649,
4.16748,
4.16849,
4.1695,
4.17049,
4.17149,
4.17249,
4.1735,
4.17449,
4.17549,
4.17649,
4.17749,
4.17849,
4.17949,
4.1805,
4.18149,
4.18249,
4.18349,
4.18449,
4.18551,
4.1865,
4.1875,
4.1885,
4.1895,
4.1905,
4.1915,
4.1925,
4.1935,
4.1945,
4.19551,
4.1965,
4.19751,
4.19877,
4.19957,
4.20081,
4.2016,
4.20285,
4.20361,
4.20485,
4.20553,
4.20677,
4.20754,
4.20878,
4.20957,
4.2108,
4.21157,
4.2128,
4.2135,
4.21449,
4.21549,
4.21649,
4.21775,
4.21851,
4.21949,
4.2205,
4.2215,
4.22249,
4.22376,
4.22454,
4.2255,
4.22651,
4.22777,
4.22901,
4.23025,
4.23106,
4.2323,
4.23307,
4.23432,
4.23499,
4.23623,
4.23699,
4.23823,
4.23901,
4.24026,
4.24093,
4.24217,
4.24294,
4.24417,
4.24493,
4.24618,
4.24696,
4.24806,
4.24882,
4.24976,
4.25101,
4.25169,
4.25292,
4.25369,
4.25492,
4.25568,
4.25693,
4.25762,
4.25884,
4.25963,
4.26083,
4.2615,
4.26251,
4.26352,
4.26462,
4.26587,
4.26697,
4.26817,
4.26938,
4.27018,
4.27089,
4.27165,
4.27251,
4.27351,
4.2745,
4.2755,
4.27651,
4.27751,
4.27852,
4.27957,
4.28119,
4.28312,
4.28514,
4.28657,
4.28799,
4.28998,
4.2913,
4.29252,
4.29386,
4.29532,
4.2968,
4.29857,
4.30023,
4.30251,
4.30374,
4.30543,
4.30644,
4.30653,
4.30751,
4.30851,
4.30952,
4.31059,
4.31254,
4.31385,
4.31564,
4.31675,
4.31824,
4.31914,
4.32047,
4.32127,
4.32252,
4.3235,
4.32449,
4.32551,
4.32651,
4.32751,
4.32851,
4.32951,
4.3305,
4.3315,
4.3325,
4.33349,
4.3345,
4.33552,
4.33651,
4.3375,
4.3385,
4.3395,
4.34051,
4.34151,
4.34251,
4.34351,
4.34451,
4.34551,
4.34652,
4.34751,
4.3485,
4.3495,
4.3505,
4.35149,
4.35251,
4.3535,
4.3545,
4.3555,
4.3565,
4.3575,
4.3585,
4.3595,
4.36051,
4.36198,
4.36301,
4.36479,
4.36608,
4.3677,
4.36919,
4.37085,
4.37262,
4.3742,
4.37579,
4.37724,
4.3786,
4.37983,
4.38107,
4.38231,
4.38347,
4.38454,
4.38555,
4.38654,
4.38811,
4.38911,
4.39095,
4.39233,
4.39469,
4.39599,
4.39717,
4.3983,
4.39936,
4.40034,
4.40122,
4.40203,
4.4028,
4.40356,
4.40451,
4.4055,
4.40651,
4.40751,
4.40851,
4.40951,
4.41051,
4.41152,
4.41259,
4.41375,
4.415,
4.41627,
4.41752,
4.41859,
4.41956,
4.4205,
4.42151,
4.42252,
4.42355,
4.42471,
4.42587,
4.427,
4.42812,
4.42917,
4.43022,
4.43122,
4.43219,
4.43307,
4.43389,
4.43469,
4.43551,
4.43651,
4.4375,
4.43851,
4.43951,
4.44051,
4.4415,
4.44251,
4.44351,
4.44451,
4.44551,
4.44651,
4.44751,
4.44851,
4.44951,
4.45051,
4.45151,
4.45251,
4.4535,
4.45454,
4.45555,
4.45651,
4.45752,
4.45851,
4.45951,
4.46051,
4.46151,
4.4625,
4.4635,
4.4645,
4.4655,
4.4665,
4.4675,
4.4685,
4.4695,
4.4705,
4.4715,
4.4725,
4.4735,
4.4745,
4.4755,
4.4765,
4.4775,
4.4785,
4.4795,
4.4805,
4.4815,
4.4825,
4.48349,
4.48449,
4.48549,
4.48649,
4.48751,
4.4885,
4.48951,
4.4905,
4.49149,
4.49251,
4.49351,
4.49451,
4.49551,
4.49654,
4.49755,
4.49859,
4.49976,
4.50089,
4.50209,
4.50318,
4.50422,
4.50516,
4.50607,
4.50689,
4.50772,
4.5085,
4.50947,
4.5105,
4.5115,
4.51251,
4.51351,
4.5145,
4.51551,
4.5165,
4.5175,
4.5185,
4.5195,
4.5205,
4.5215,
4.5225,
4.5235,
4.5245,
4.5255,
4.52649,
4.52749,
4.5285,
4.52951,
4.53078,
4.53203,
4.53326,
4.53451,
4.53574,
4.53698,
4.53795,
4.53878,
4.53963,
4.5405,
4.5415,
4.5425,
4.5435,
4.5445,
4.54551,
4.5465,
4.5475,
4.5485,
4.54952,
4.5505,
4.5515,
4.55251,
4.55351,
4.55451,
4.55551,
4.5565,
4.5575,
4.5585,
4.55949,
4.5605,
4.56151,
4.5625,
4.5635,
4.5645,
4.56551,
4.5665,
4.5675,
4.5685,
4.5695,
4.5705,
4.57149,
4.57249,
4.57349,
4.57449,
4.57549,
4.5765,
4.57751,
4.5785,
4.5795,
4.58049,
4.58149,
4.5825,
4.5835,
4.5845,
4.5855,
4.5865,
4.58749,
4.58849,
4.58949,
4.59049,
4.5915,
4.5925,
4.59349,
4.59449,
4.59549,
4.5965,
4.5975,
4.5985,
4.59949,
4.60049,
4.60149,
4.6025,
4.6035,
4.6045,
4.60551,
4.60651,
4.60752,
4.60854,
4.60957,
4.61062,
4.61156,
4.61253,
4.61353,
4.61453,
4.61551,
4.6165,
4.6175,
4.6185,
4.6195,
4.6205,
4.6215,
4.6225,
4.6235,
4.6245,
4.62551,
4.62649,
4.6275,
4.6285,
4.62951,
4.63049,
4.63149,
4.63249,
4.63348,
4.63449,
4.63549,
4.63649,
4.63749,
4.63848,
4.63949,
4.6405,
4.64149,
4.64249,
4.64348,
4.64448,
4.64549,
4.64649,
4.64749,
4.64849,
4.64949,
4.65051,
4.65152,
4.6525,
4.65351,
4.6545,
4.6555,
4.6565,
4.6575,
4.6585,
4.6595,
4.66049,
4.6615,
4.6625,
4.6635,
4.6645,
4.6655,
4.6665,
4.6675,
4.6685,
4.6695,
4.67049,
4.67149,
4.67249,
4.6735,
4.67453,
4.6755,
4.6765,
4.6775,
4.6785,
4.6795,
4.6805,
4.6815,
4.6825,
4.68351,
4.6845,
4.68551,
4.6865,
4.6875,
4.6885,
4.6895,
4.6905,
4.6915,
4.69252,
4.6935,
4.6945,
4.6955,
4.6965,
4.6975,
4.6985,
4.6995,
4.7005,
4.7015,
4.7025,
4.7035,
4.7045,
4.7055,
4.7065,
4.7075,
4.70849,
4.70949,
4.71049,
4.71149,
4.7125,
4.7135,
4.7145,
4.71551,
4.71649,
4.71749,
4.71849,
4.71949,
4.72062,
4.72149,
4.72249,
4.72358,
4.72449,
4.72549,
4.72658,
4.72749,
4.72849,
4.7295,
4.7305,
4.7315,
4.73249,
4.7335,
4.73449,
4.73549,
4.7365,
4.73748,
4.73855,
4.73953,
4.74053,
4.74155,
4.74253,
4.74354,
4.74454,
4.74554,
4.74679,
4.74757,
4.74868,
4.74994,
4.75118,
4.75242,
4.75366,
4.7545,
4.7555,
4.7565,
4.75751,
4.7585,
4.7595,
4.7605,
4.7615,
4.7625,
4.7635,
4.7645,
4.7655,
4.7665,
4.76752,
4.7685,
4.76951,
4.77051,
4.77151,
4.77251,
4.77351,
4.7745,
4.7755,
4.77651,
4.77751,
4.7785,
4.7795,
4.7805,
4.7815,
4.7825,
4.7835,
4.7845,
4.7855,
4.7865,
4.7875,
4.7885,
4.7895,
4.7905,
4.7915,
4.7925,
4.7935,
4.7945,
4.7955,
4.7965,
4.7975,
4.7985,
4.7995,
4.8005,
4.80152,
4.80251,
4.8035,
4.8045,
4.8055,
4.8065,
4.8075,
4.8085,
4.8095,
4.8105,
4.8115,
4.8125,
4.8135,
4.8145,
4.8155,
4.8165,
4.8175,
4.8185,
4.81951,
4.82049,
4.8215,
4.8225,
4.8235,
4.8245,
4.8255,
4.8265,
4.8275,
4.8285,
4.8295,
4.8305,
4.83149,
4.8325,
4.8335,
4.8345,
4.8355,
4.8365,
4.8375,
4.8385,
4.8395,
4.8405,
4.84151,
4.8425,
4.8435,
4.8445,
4.8455,
4.8465,
4.8475,
4.8485,
4.8495,
4.8505,
4.8515,
4.8525,
4.8535,
4.8545,
4.8555,
4.8565,
4.8575,
4.8585,
4.8595,
4.8605,
4.8615,
4.8625,
4.8635,
4.8645,
4.8655,
4.8665,
4.8675,
4.8685,
4.8695,
4.8705,
4.8715,
4.8725,
4.8735,
4.8745,
4.8755,
4.8765,
4.8775,
4.8785,
4.8795,
4.88052,
4.88151,
4.8825,
4.88351,
4.8845,
4.8855,
4.8865,
4.8875,
4.88848,
4.8895,
4.8905,
4.8915,
4.8925,
4.8935,
4.8945,
4.8955,
4.89651,
4.89751,
4.89851,
4.89951,
4.90051,
4.9015,
4.90251,
4.90351,
4.90451,
4.90555,
4.90666,
4.90766,
4.9089,
4.90974,
4.91098,
4.91199,
4.91322,
4.91425,
4.91549,
4.9165,
4.9175,
4.91849,
4.91972,
4.92059,
4.92148,
4.92249,
4.92349,
4.92449,
4.92548,
4.92648,
4.92748,
4.92849,
4.92949,
4.93074,
4.93182,
4.93306,
4.93405,
4.93528,
4.93628,
4.93701,
4.93776,
4.93854,
4.93953,
4.94053,
4.94153,
4.94254,
4.94353,
4.94454,
4.94553,
4.94651,
4.9475,
4.9485,
4.9495,
4.9505,
4.9515,
4.9525,
4.9535,
4.9545,
4.9555,
4.9565,
4.9575,
4.9585,
4.9595,
4.9605,
4.96151,
4.96277,
4.96384,
4.96508,
4.96592,
4.96716,
4.96793,
4.96916,
4.96994,
4.97118,
4.97195,
4.97318,
4.97395,
4.97518,
4.97594,
4.97715,
4.97794,
4.97914,
4.97991,
4.98111,
4.98188,
4.98308,
4.98385,
4.98505,
4.98583,
4.98702,
4.98779,
4.989,
4.98977,
4.99097,
4.99174,
4.99295,
4.99376,
4.99496,
4.99576,
4.99697,
4.99775,
4.99896,
4.99973,
5.0005,
5.00165,
5.0025,
5.0035,
5.0045,
5.0055,
5.0065,
5.0075,
5.0085,
5.0095,
5.0105,
5.0115,
5.0125,
5.0135,
5.0145,
5.0155,
5.0165,
5.0175,
5.0185,
5.01951,
5.0205,
5.02152,
5.02251,
5.02353,
5.02452,
5.02551,
5.02653,
5.02751,
5.02851,
5.02951,
5.03051,
5.03151,
5.0325,
5.03352,
5.0345,
5.0355,
5.03651,
5.03752,
5.03852,
5.03952,
5.04051,
5.04151,
5.04251,
5.0435,
5.0445,
5.04552,
5.04649,
5.04751,
5.0485,
5.0495,
5.0505,
5.0515,
5.05249,
5.05349,
5.05449,
5.05549,
5.05647,
5.05749,
5.05849,
5.05949,
5.06049,
5.06149,
5.06249,
5.06349,
5.0645,
5.06549,
5.06649,
5.06749,
5.06849,
5.06949,
5.07075,
5.07153,
5.07298,
5.07374,
5.07497,
5.07574,
5.07698,
5.07774,
5.07898,
5.07973,
5.08098,
5.08175,
5.08285,
5.0836,
5.08484,
5.0856,
5.08649,
5.08773,
5.0885,
5.08949,
5.09049,
5.09149,
5.09249,
5.09348,
5.09449,
5.09549,
5.0965,
5.09749,
5.09849,
5.09949,
5.10051,
5.10151,
5.1025,
5.1035,
5.1045,
5.1055,
5.1065,
5.10776,
5.1085,
5.1095,
5.1105,
5.1115,
5.1125,
5.11351,
5.1145,
5.11549,
5.11649,
5.11749,
5.11849,
5.11949,
5.1205,
5.12152,
5.12251,
5.12351,
5.1245,
5.1255,
5.1265,
5.1275,
5.1285,
5.1295,
5.1305,
5.13149,
5.13247,
5.1335,
5.1345,
5.1355,
5.1365,
5.1375,
5.1385,
5.1395,
5.1405,
5.1415,
5.1425,
5.1435,
5.1445,
5.1455,
5.1465,
5.1475,
5.1485,
5.1495,
5.1505,
5.1515,
5.1525,
5.1535,
5.1545,
5.1555,
5.15651,
5.1575,
5.1585,
5.1595,
5.1605,
5.1615,
5.1625,
5.16351,
5.1645,
5.1655,
5.1665,
5.1675,
5.1685,
5.1695,
5.17049,
5.17149,
5.17249,
5.17349,
5.17449,
5.17549,
5.17649,
5.17749,
5.17849,
5.17949,
5.18049,
5.18149,
5.18249,
5.18349,
5.18449,
5.18549,
5.18649,
5.1875,
5.18849,
5.18949,
5.19049,
5.19149,
5.19249,
5.19351,
5.1945,
5.1955,
5.19649,
5.1975,
5.19849,
5.19949,
5.20049,
5.20149,
5.2025,
5.2035,
5.20449,
5.2055,
5.20652,
5.2075,
5.20851,
5.20951,
5.21051,
5.21149,
5.21249,
5.21351,
5.2145,
5.2155,
5.2165,
5.2175,
5.21851,
5.2195,
5.2205,
5.2215,
5.2225,
5.2235,
5.2245,
5.2255,
5.22678,
5.22756,
5.22881,
5.22958,
5.23081,
5.23157,
5.23281,
5.23357,
5.2348,
5.23556,
5.23679,
5.23755,
5.23878,
5.23954,
5.24078,
5.24155,
5.24278,
5.24356,
5.2448,
5.24556,
5.2468,
5.24757,
5.24881,
5.24961,
5.25085,
5.25163,
5.25286,
5.25363,
5.25486,
5.25563,
5.25687,
5.25766,
5.2589,
5.2595,
5.2605,
5.2615,
5.2625,
5.2635,
5.2645,
5.2655,
5.26651,
5.2675,
5.2685,
5.2695,
5.2705,
5.2715,
5.2725,
5.2735,
5.2745,
5.2755,
5.2765,
5.2775,
5.2785,
5.2795,
5.2805,
5.2815,
5.28251,
5.2835,
5.2845,
5.2855,
5.2865,
5.2875,
5.28851,
5.28951,
5.2905,
5.2915,
5.2925,
5.2935,
5.2945,
5.2955,
5.29652,
5.2975,
5.2985,
5.2995,
5.3005,
5.3015,
5.3025,
5.3035,
5.3045,
5.3055,
5.3065,
5.30749,
5.30849,
5.30951,
5.3105,
5.3115,
5.3125,
5.3135,
5.3145,
5.3155,
5.3165,
5.31753,
5.31879,
5.31955,
5.32079,
5.32156,
5.3228,
5.32357,
5.3248,
5.32557,
5.32681,
5.32757,
5.3288,
5.32958,
5.33083,
5.33159,
5.3325,
5.33351,
5.33476,
5.33553,
5.33677,
5.33756,
5.33882,
5.3396,
5.34092,
5.34187,
5.34349,
5.3447,
5.34609,
5.34726,
5.34894,
5.34993,
5.35131,
5.3522,
5.35348,
5.35429,
5.35553,
5.3565,
5.3575,
5.3585,
5.3595,
5.3605,
5.3615,
5.3625,
5.3635,
5.3645,
5.3655,
5.3665,
5.3675,
5.3685,
5.3695,
5.3705,
5.3715,
5.3725,
5.3735,
5.3745,
5.3755,
5.37652,
5.37777,
5.37856,
5.3798,
5.38058,
5.38165,
5.3825,
5.3835,
5.3845,
5.38551,
5.3865,
5.3875,
5.3885,
5.3895,
5.3905,
5.3915,
5.3925,
5.3935,
5.3945,
5.3955,
5.3965,
5.3975,
5.3985,
5.3995,
5.4005,
5.4015,
5.4025,
5.4035,
5.4045,
5.40551,
5.4065,
5.4075,
5.4085,
5.4095,
5.4105,
5.4115,
5.4125,
5.4135,
5.4145,
5.4155,
5.4165,
5.4175,
5.4185,
5.4195,
5.4205,
5.4215,
5.4225,
5.4235,
5.4245,
5.4255,
5.4265,
5.4275,
5.4285,
5.4295,
5.43051,
5.43151,
5.43251,
5.4335,
5.4345,
5.4355,
5.4365,
5.4375,
5.4385,
5.4395,
5.4405,
5.44151,
5.4425,
5.44351,
5.44451,
5.4455,
5.4465,
5.4475,
5.4485,
5.4495,
5.4505,
5.4515,
5.4525,
5.4535,
5.4545,
5.4555,
5.4565,
5.4575,
5.4585,
5.4595,
5.4605,
5.4615,
5.4625,
5.4635,
5.4645,
5.4655,
5.4665,
5.4675,
5.4685,
5.4695,
5.4705,
5.4715,
5.47251,
5.4735,
5.4745,
5.4755,
5.4765,
5.4775,
5.47851,
5.4795,
5.4805,
5.4815,
5.4825,
5.4835,
5.4845,
5.4855,
5.4865,
5.4875,
5.4885,
5.4895,
5.4905,
5.4915,
5.4925,
5.4935,
5.4945,
5.4955,
5.4965,
5.49761,
5.49849,
5.49949,
5.50049,
5.50149,
5.50249,
5.50349,
5.50449,
5.5055,
5.50651,
5.5075,
5.5085,
5.5095,
5.5105,
5.5115,
5.5125,
5.51351,
5.5145,
5.51551,
5.51651,
5.51749,
5.51851,
5.5195,
5.52052,
5.52153,
5.52261,
5.52367,
5.52477,
5.52574,
5.52679,
5.52779,
5.52878,
5.52977,
5.53068,
5.53161,
5.53249,
5.53349,
5.53449,
5.5355,
5.5365,
5.5375,
5.53876,
5.53956,
5.54083,
5.5417,
5.54324,
5.54433,
5.54633,
5.54767,
5.54985,
5.5511,
5.55296,
5.55398,
5.55555,
5.55651,
5.55751,
5.55885,
5.55969,
5.56084,
5.56163,
5.56283,
5.56361,
5.56483,
5.56559,
5.56679,
5.56754,
5.56875,
5.56953,
5.57074,
5.57151,
5.57249,
5.57349,
5.57449,
5.57549,
5.57651,
5.57752,
5.57851,
5.5795,
5.5805,
5.58151,
5.5825,
5.5835,
5.5845,
5.5855,
5.5865,
5.5875,
5.5885,
5.5895,
5.5905,
5.5915,
5.5925,
5.5935,
5.5945,
5.5955,
5.5965,
5.5975,
5.5985,
5.5995,
5.6005,
5.6015,
5.6025,
5.6035,
5.6045,
5.6055,
5.6065,
5.60751,
5.60851,
5.60952,
5.61052,
5.61151,
5.6125,
5.61351,
5.6145,
5.6155,
5.61651,
5.61751,
5.61852,
5.61951,
5.62051,
5.62151,
5.6225,
5.62349,
5.6245,
5.6255,
5.6265,
5.62749,
5.6285,
5.6295,
5.6305,
5.6315,
5.6325,
5.6335,
5.6345,
5.6355,
5.6365,
5.6375,
5.6385,
5.6395,
5.6405,
5.6415,
5.6425,
5.6435,
5.6445,
5.6455,
5.64652,
5.64751,
5.64851,
5.64951,
5.65051,
5.65151,
5.65252,
5.65351,
5.65451,
5.65551,
5.65651,
5.65752,
5.65852,
5.65951,
5.66051,
5.66151,
5.66251,
5.66351,
5.66451,
5.66552,
5.66651,
5.66751,
5.66851,
5.6695,
5.6705,
5.6715,
5.6725,
5.6735,
5.6745,
5.6755,
5.6765,
5.6775,
5.6785,
5.67952,
5.68055,
5.68154,
5.68251,
5.68351,
5.6845,
5.68551,
5.68651,
5.68751,
5.68851,
5.6895,
5.6905,
5.6915,
5.6925,
5.6935,
5.6945,
5.69551,
5.69652,
5.69752,
5.69851,
5.69951,
5.7005,
5.70151,
5.70251,
5.7035,
5.7045,
5.70551,
5.70651,
5.7075,
5.70851,
5.7095,
5.7105,
5.7115,
5.7125,
5.7135,
5.7145,
5.7155,
5.7165,
5.7175,
5.7185,
5.7195,
5.7205,
5.7215,
5.7225,
5.7235,
5.7245,
5.7255,
5.7265,
5.7275,
5.7285,
5.72951,
5.7305,
5.73149,
5.73249,
5.73349,
5.73449,
5.7355,
5.7365,
5.73751,
5.7385,
5.7395,
5.7405,
5.7415,
5.74249,
5.74349,
5.74449,
5.74551,
5.74651,
5.7475,
5.74851,
5.74949,
5.75049,
5.75148,
5.7525,
5.7535,
5.7545,
5.7555,
5.7565,
5.7575,
5.7585,
5.7595,
5.76051,
5.7615,
5.76251,
5.7635,
5.7645,
5.7655,
5.7665,
5.7675,
5.76851,
5.76949,
5.77049,
5.77149,
5.77249,
5.77349,
5.77449,
5.77549,
5.77649,
5.77749,
5.77849,
5.77949,
5.78049,
5.78149,
5.7825,
5.78349,
5.78449,
5.78549,
5.78649,
5.78749,
5.78849,
5.7895,
5.79049,
5.7915,
5.79249,
5.79349,
5.79451,
5.7955,
5.7965,
5.7975,
5.7985,
5.7995,
5.80049,
5.8015,
5.8025,
5.8035,
5.80449,
5.80551,
5.8065,
5.8075,
5.8085,
5.80949,
5.8105,
5.81149,
5.81249,
5.81349,
5.81449,
5.81549,
5.81649,
5.81749,
5.81849,
5.81949,
5.82049,
5.82151,
5.82251,
5.82351,
5.8245,
5.82549,
5.82649,
5.82749,
5.82849,
5.8295,
5.8305,
5.83148,
5.8325,
5.8335,
5.8345,
5.8355,
5.8365,
5.83751,
5.83854,
5.83952,
5.84053,
5.84152,
5.8425,
5.84377,
5.84453,
5.84565,
5.8465,
5.8475,
5.84849,
5.84949,
5.85049,
5.85149,
5.85249,
5.85349,
5.85449,
5.85549,
5.85649,
5.85749,
5.85849,
5.85949,
5.86051,
5.8615,
5.86251,
5.8635,
5.8645,
5.8655,
5.8665,
5.8675,
5.8685,
5.86951,
5.8705,
5.8715,
5.8725,
5.87355,
5.87449,
5.87549,
5.87651,
5.87756,
5.87855,
5.87952,
5.88055,
5.8815,
5.8825,
5.8835,
5.8845,
5.88549,
5.88649,
5.8875,
5.88849,
5.8895,
5.89049,
5.89149,
5.89249,
5.89349,
5.89449,
5.89549,
5.8965,
5.8975,
5.89849,
5.89949,
5.90049,
5.9015,
5.90249,
5.90349,
5.90449,
5.9055,
5.9065,
5.90749,
5.90849,
5.90949,
5.91049,
5.91149,
5.91249,
5.9135,
5.91449,
5.91549,
5.91649,
5.9175,
5.9185,
5.9195,
5.9205,
5.9215,
5.9225,
5.9235,
5.9245,
5.9255,
5.9265,
5.92749,
5.9285,
5.9295,
5.9305,
5.93149,
5.93249,
5.93351,
5.9345,
5.9355,
5.93649,
5.9375,
5.9385,
5.9395,
5.9405,
5.9415,
5.94249,
5.9435,
5.94449,
5.9455,
5.9465,
5.9475,
5.94849,
5.9495,
5.95049,
5.9515,
5.95249,
5.9535,
5.9545,
5.95549,
5.9565,
5.9575,
5.95849,
5.95949,
5.9605,
5.9615,
5.96249,
5.9635,
5.9645,
5.9655,
5.9665,
5.96749,
5.96849,
5.9695,
5.97049,
5.97149,
5.97249,
5.9735,
5.97449,
5.97549,
5.9765,
5.9775,
5.9785,
5.9795,
5.9805,
5.98149,
5.98249,
5.98349,
5.98449,
5.98549,
5.9865,
5.98749,
5.98849,
5.9895,
5.99049,
5.99149,
5.99249,
5.99349,
5.99449,
5.99549,
5.99649,
5.99749,
5.99849,
5.99949,
6.00049,
6.00149,
6.00249,
6.00349,
6.00449,
6.00549,
6.0065,
6.0075,
6.00849,
6.00949,
6.01049,
6.01149,
6.0125,
6.01351,
6.0145,
6.0155,
6.0165,
6.01749,
6.01849,
6.01949,
6.02049,
6.02149,
6.02249,
6.0235,
6.0245,
6.0255,
6.02649,
6.02749,
6.02849,
6.02949,
6.03051,
6.0315,
6.03249,
6.0335,
6.03456,
6.03549,
6.03649,
6.03749,
6.03849,
6.03953,
6.04049,
6.04149,
6.04249,
6.04349,
6.04449,
6.04549,
6.04649,
6.0475,
6.0485,
6.04949,
6.05049,
6.05149,
6.05249,
6.05349,
6.05449,
6.05549,
6.05651,
6.0575,
6.0585,
6.0595,
6.0605,
6.0615,
6.0625,
6.0635,
6.06449,
6.06549,
6.06649,
6.06749,
6.06849,
6.06949,
6.07049,
6.07149,
6.07249,
6.07349,
6.07449,
6.07549,
6.07649,
6.0775,
6.07849,
6.07949,
6.08049,
6.08149,
6.08249,
6.08349,
6.08449,
6.08549,
6.08649,
6.08749,
6.08851,
6.0895,
6.0905,
6.09151,
6.0925,
6.0935,
6.0945,
6.0955,
6.0965,
6.0975,
6.09849,
6.09949,
6.10049,
6.10149,
6.10249,
6.10349,
6.10449,
6.10549,
6.1065,
6.10749,
6.10849,
6.10949,
6.11049,
6.11149,
6.11249,
6.11349,
6.11449,
6.11549,
6.11649,
6.11749,
6.1185,
6.11949,
6.1205,
6.12151,
6.1225,
6.1235,
6.1245,
6.1255,
6.1265,
6.1275,
6.1285,
6.1295,
6.1305,
6.13149,
6.13249,
6.13349,
6.13449,
6.13549,
6.13649,
6.13749,
6.13849,
6.13949,
6.14049,
6.14149,
6.14249,
6.14349,
6.14449,
6.14549,
6.14649,
6.14749,
6.14854,
6.14954,
6.15083,
6.15184,
6.15253,
6.15379,
6.1545,
6.1555,
6.15651,
6.1575,
6.1585,
6.1595,
6.16051,
6.1615,
6.1625,
6.1635,
6.1645,
6.1655,
6.16649,
6.16749,
6.1685,
6.16961,
6.17051,
6.17154,
6.17253,
6.17353,
6.17453,
6.17551,
6.17651,
6.17751,
6.17851,
6.17952,
6.18051,
6.18151,
6.1825,
6.1835,
6.1845,
6.1855,
6.1865,
6.1875,
6.1885,
6.18951,
6.1905,
6.1915,
6.1925,
6.1935,
6.1945,
6.1955,
6.1965,
6.1975,
6.1985,
6.1995,
6.2005,
6.2015,
6.2025,
6.2035,
6.2045,
6.20552,
6.20651,
6.2075,
6.2085,
6.2095,
6.2105,
6.2115,
6.2125,
6.21351,
6.2145,
6.2155,
6.2165,
6.21751,
6.2185,
6.2195,
6.2205,
6.22151,
6.2225,
6.2235,
6.2245,
6.2255,
6.2265,
6.2275,
6.2285,
6.2295,
6.23051,
6.2315,
6.2325,
6.2335,
6.2345,
6.23551,
6.2365,
6.2375,
6.2385,
6.23955,
6.24085,
6.24212,
6.24336,
6.2446,
6.24584,
6.24708,
6.24832,
6.24943,
6.25071,
6.25206,
6.25354,
6.2551,
6.25646,
6.25773,
6.25893,
6.26014,
6.26136,
6.26257,
6.26379,
6.26499,
6.2662,
6.2674,
6.2686,
6.2698,
6.27101,
6.27209,
6.27332,
6.27415,
6.27498,
6.27574,
6.27652,
6.2775,
6.2785,
6.2795,
6.2805,
6.28151,
6.28253,
6.28356,
6.28465,
6.2858,
6.28707,
6.2885,
6.29003,
6.2914,
6.29266,
6.29384,
6.29497,
6.29599,
6.29701,
6.29798,
6.29888,
6.29973,
6.30059,
6.3015,
6.3025,
6.30351,
6.3045,
6.3055,
6.3065,
6.30751,
6.30852,
6.30964,
6.31091,
6.31208,
6.31331,
6.31443,
6.31548,
6.31638,
6.31723,
6.31802,
6.31885,
6.31964,
6.32049,
6.32149,
6.32249,
6.32351,
6.3245,
6.3255,
6.3265,
6.3275,
6.3285,
6.3295,
6.3305,
6.3315,
6.3325,
6.33351,
6.3345,
6.3355,
6.3365,
6.33751,
6.3385,
6.3395,
6.34051,
6.3415,
6.3425,
6.3435,
6.3445,
6.3455,
6.3465,
6.3475,
6.3485,
6.3495,
6.3505,
6.3515,
6.3525,
6.35351,
6.3545,
6.3555,
6.3565,
6.3575,
6.3585,
6.3595,
6.3605,
6.3615,
6.3625,
6.3635,
6.3645,
6.3655,
6.3665,
6.3675,
6.3685,
6.3695,
6.3705,
6.3715,
6.3725,
6.3735,
6.3745,
6.3755,
6.3765,
6.37751,
6.3785,
6.3795,
6.3805,
6.3815,
6.3825,
6.3835,
6.3845,
6.3855,
6.3865,
6.3875,
6.3885,
6.38951,
6.3905,
6.3915,
6.3925,
6.3935,
6.3945,
6.3955,
6.3965,
6.3975,
6.3985,
6.3995,
6.4005,
6.4015,
6.4025,
6.4035,
6.40451,
6.4055,
6.4065,
6.4075,
6.4085,
6.40952,
6.41051,
6.41148,
6.41251,
6.41351,
6.41451,
6.41551,
6.41651,
6.41751,
6.41851,
6.41951,
6.42051,
6.4215,
6.4225,
6.42351,
6.4245,
6.4255,
6.4265,
6.4275,
6.4285,
6.4295,
6.4305,
6.4315,
6.4325,
6.4335,
6.43449,
6.43549,
6.43649,
6.43748,
6.43849,
6.43975,
6.44055,
6.44162,
6.44285,
6.4435,
6.4445,
6.4455,
6.44654,
6.44749,
6.44849,
6.44949,
6.45049,
6.45148,
6.45249,
6.45349,
6.45449,
6.45549,
6.45674,
6.4575,
6.45849,
6.45949,
6.46049,
6.46148,
6.46248,
6.46348,
6.46451,
6.4655,
6.4665,
6.4675,
6.4685,
6.4695,
6.4705,
6.4715,
6.4725,
6.4735,
6.4745,
6.4755,
6.4765,
6.4775,
6.4785,
6.4795,
6.4805,
6.4815,
6.4825,
6.4835,
6.4845,
6.4855,
6.4865,
6.4875,
6.4885,
6.4895,
6.4905,
6.4915,
6.4925,
6.4935,
6.4945,
6.4955,
6.49652,
6.4975,
6.4985,
6.4995,
6.5005,
6.5015,
6.5025,
6.5035,
6.50451,
6.5055,
6.5065,
6.5075,
6.5085,
6.5095,
6.5105,
6.5115,
6.5125,
6.5135,
6.5145,
6.5155,
6.5165,
6.51751,
6.5185,
6.5195,
6.5205,
6.5215,
6.5225,
6.5235,
6.5245,
6.5255,
6.5265,
6.5275,
6.5285,
6.5295,
6.5305,
6.5315,
6.5325,
6.5335,
6.5345,
6.5355,
6.5365,
6.53749,
6.5385,
6.5395,
6.5405,
6.5415,
6.5425,
6.5435,
6.5445,
6.5455,
6.5465,
6.5475,
6.5485,
6.5495,
6.5505,
6.5515,
6.5525,
6.5535,
6.5545,
6.5555,
6.5565,
6.55752,
6.5585,
6.5595,
6.5605,
6.5615,
6.5625,
6.5635,
6.5645,
6.5655,
6.5665,
6.5675,
6.5685,
6.56951,
6.5705,
6.5715,
6.5725,
6.5735,
6.5745,
6.5755,
6.5765,
6.57751,
6.5785,
6.5795,
6.5805,
6.58151,
6.5825,
6.5835,
6.5845,
6.5855,
6.5865,
6.5875,
6.5885,
6.5895,
6.5905,
6.5915,
6.5925,
6.5935,
6.5945,
6.5955,
6.5965,
6.5975,
6.5985,
6.5995,
6.6005,
6.6015,
6.6025,
6.6035,
6.60451,
6.6055,
6.6065,
6.6075,
6.6085,
6.6095,
6.6105,
6.6115,
6.6125,
6.6135,
6.6145,
6.6155,
6.6165,
6.6175,
6.6185,
6.6195,
6.6205,
6.6215,
6.6225,
6.6235,
6.6245,
6.6255,
6.6265,
6.6275,
6.6285,
6.6295,
6.6305,
6.6315,
6.6325,
6.6335,
6.6345,
6.6355,
6.6365,
6.6375,
6.63851,
6.6395,
6.6405,
6.6415,
6.6425,
6.6435,
6.6445,
6.6455,
6.6465,
6.6475,
6.6485,
6.6495,
6.6505,
6.6515,
6.6525,
6.6535,
6.6545,
6.6555,
6.6565,
6.6575,
6.6585,
6.65951,
6.66051,
6.66151,
6.6625,
6.6635,
6.66451,
6.66553,
6.66652,
6.66751,
6.66851,
6.6695,
6.6705,
6.6715,
6.6725,
6.6735,
6.6745,
6.6755,
6.6765,
6.6775,
6.6785,
6.6795,
6.68051,
6.68163,
6.6825,
6.6835,
6.6845,
6.68549,
6.6865,
6.6875,
6.6885,
6.6895,
6.6905,
6.6915,
6.6925,
6.6935,
6.6945,
6.6955,
6.69651,
6.69751,
6.6985,
6.69951,
6.70051,
6.70151,
6.70251,
6.70351,
6.70452,
6.70551,
6.70651,
6.70751,
6.70851,
6.7095,
6.7105,
6.7115,
6.71251,
6.71352,
6.7145,
6.7155,
6.7165,
6.71751,
6.7185,
6.7195,
6.72051,
6.7215,
6.7225,
6.7235,
6.7245,
6.7255,
6.7265,
6.7275,
6.7285,
6.7295,
6.7305,
6.7315,
6.7325,
6.7335,
6.7345,
6.7355,
6.7365,
6.7375,
6.7385,
6.7395,
6.7405,
6.7415,
6.7425,
6.7435,
6.74449,
6.7455,
6.7465,
6.7475,
6.7485,
6.7495,
6.7505,
6.7515,
6.7525,
6.75352,
6.75451,
6.75551,
6.75651,
6.7575,
6.7585,
6.7595,
6.7605,
6.76151,
6.76252,
6.76351,
6.76451,
6.7655,
6.7665,
6.7675,
6.76851,
6.76951,
6.77051,
6.77151,
6.77251,
6.77351,
6.77451,
6.77551,
6.77651,
6.77751,
6.77851,
6.77951,
6.78051,
6.7815,
6.7825,
6.78351,
6.78451,
6.78551,
6.78651,
6.78751,
6.78851,
6.78951,
6.79051,
6.79151,
6.79251,
6.79351,
6.79451,
6.79551,
6.79651,
6.79751,
6.79851,
6.79951,
6.80051,
6.80151,
6.80251,
6.80351,
6.80452,
6.80551,
6.80651,
6.80751,
6.80851,
6.80951,
6.81051,
6.81151,
6.81251,
6.81351,
6.81451,
6.81551,
6.81651,
6.81751,
6.81851,
6.81951,
6.82051,
6.82151,
6.82251,
6.82351,
6.82451,
6.82551,
6.82651,
6.82751,
6.82851,
6.8295,
6.8305,
6.83154,
6.8328,
6.83382,
6.83451,
6.83575,
6.83675,
6.8379,
6.83872,
6.83972,
6.8405,
6.8415,
6.8425,
6.8435,
6.8445,
6.84549,
6.84651,
6.8475,
6.84852,
6.84951,
6.8505,
6.8515,
6.85251,
6.8535,
6.8545,
6.8555,
6.85662,
6.8575,
6.85849,
6.85949,
6.8605,
6.8615,
6.86284,
6.86419,
6.86515,
6.8662,
6.86747,
6.86821,
6.86945,
6.87025,
6.87148,
6.87223,
6.87249,
6.87373,
6.87451,
6.87571,
6.87649,
6.87749,
6.87871,
6.8795,
6.88049,
6.88149,
6.88249,
6.88349,
6.88449,
6.88549,
6.88648,
6.88749,
6.88849,
6.88948,
6.89049,
6.89149,
6.89249,
6.89348,
6.89449,
6.89549,
6.89648,
6.89748,
6.89848,
6.89948,
6.90048,
6.90148,
6.90248,
6.90348,
6.90448,
6.90549,
6.90649,
6.90748,
6.90849,
6.90948,
6.91048,
6.91149,
6.91248,
6.91348,
6.9145,
6.91549,
6.91649,
6.9175,
6.91849,
6.91949,
6.92051,
6.92148,
6.92247,
6.92347,
6.92447,
6.92548,
6.92647,
6.92749,
6.92848,
6.92948,
6.93047,
6.93147,
6.93247,
6.93347,
6.93447,
6.93547,
6.93647,
6.93747,
6.93847,
6.93947,
6.94047,
6.94147,
6.94247,
6.94347,
6.94453,
6.9455,
6.94653,
6.94753,
6.94854,
6.9495,
6.95053,
6.95153,
6.95253,
6.9535,
6.95476,
6.95549,
6.95649,
6.95749,
6.95848,
6.95948,
6.96048,
6.96149,
6.96248,
6.96349,
6.96448,
6.96549,
6.96649,
6.96748,
6.9685,
6.96962,
6.97086,
6.97163,
6.97287,
6.97363,
6.97487,
6.97563,
6.97688,
6.97765,
6.97849,
6.97949,
6.98049,
6.98149,
6.98249,
6.98348,
6.98449,
6.98549,
6.98649,
6.98749,
6.98848,
6.98949,
6.99058,
6.99149,
6.99249,
6.99349,
6.99449,
6.99549,
6.99649,
6.99751,
6.99851,
6.9995,
7.00049,
7.0015,
7.0025,
7.0035,
7.0045,
7.0055,
7.0065,
7.0075,
7.0085,
7.00951,
7.01051,
7.0115,
7.0125,
7.0135,
7.0145,
7.0155,
7.0165,
7.01751,
7.01851,
7.01951,
7.02051,
7.0215,
7.0225,
7.0235,
7.0245,
7.0255,
7.0265,
7.0275,
7.0285,
7.02949,
7.03049,
7.03149,
7.03251,
7.03352,
7.03451,
7.03551,
7.03651,
7.0375,
7.0385,
7.0395,
7.0405,
7.04149,
7.04251,
7.0435,
7.0445,
7.0455,
7.04651,
7.0475,
7.0485,
7.0495,
7.05051,
7.0515,
7.0525,
7.0535,
7.0545,
7.0555,
7.0565,
7.0575,
7.0585,
7.0595,
7.0605,
7.0615,
7.06251,
7.0635,
7.0645,
7.0655,
7.0665,
7.0675,
7.0685,
7.06951,
7.0705,
7.0715,
7.07251,
7.07355,
7.07451,
7.0755,
7.0765,
7.0775,
7.0785,
7.07951,
7.08052,
7.08151,
7.0825,
7.08351,
7.08451,
7.08553,
7.08652,
7.08751,
7.08851,
7.0895,
7.0905,
7.0915,
7.0925,
7.0935,
7.0945,
7.0955,
7.0965,
7.0975,
7.0985,
7.0995,
7.1005,
7.1015,
7.10251,
7.10349,
7.10475,
7.10553,
7.10651,
7.1075,
7.1085,
7.1095,
7.1105,
7.1115,
7.11251,
7.1135,
7.1145,
7.1155,
7.1165,
7.11751,
7.1185,
7.1195,
7.1205,
7.12151,
7.1225,
7.1235,
7.1245,
7.1255,
7.1265,
7.1275,
7.1285,
7.1295,
7.1305,
7.13149,
7.1325,
7.13351,
7.1345,
7.1355,
7.1365,
7.1375,
7.1385,
7.1395,
7.1405,
7.1415,
7.1425,
7.1435,
7.1445,
7.1455,
7.14651,
7.1475,
7.1485,
7.1495,
7.1505,
7.1515,
7.1525,
7.1535,
7.1545,
7.1555,
7.1565,
7.15751,
7.1585,
7.1595,
7.1605,
7.1615,
7.1625,
7.16351,
7.1645,
7.1655,
7.1665,
7.1675,
7.1685,
7.1695,
7.1705,
7.1715,
7.1725,
7.1735,
7.1745,
7.1755,
7.1765,
7.1775,
7.1785,
7.1795,
7.1805,
7.1815,
7.1825,
7.1835,
7.1845,
7.1855,
7.1865,
7.1875,
7.1885,
7.1895,
7.1905,
7.1915,
7.19249,
7.1935,
7.1945,
7.1955,
7.1965,
7.1975,
7.1985,
7.19952,
7.2005,
7.2015,
7.2025,
7.2035,
7.2045,
7.20555,
7.20683,
7.20764,
7.20888,
7.20967,
7.21091,
7.21167,
7.21276,
7.21357,
7.2145,
7.21578,
7.21663,
7.21812,
7.21912,
7.22086,
7.22192,
7.22336,
7.22431,
7.2257,
7.2265,
7.22749,
7.2285,
7.2295,
7.2305,
7.2315,
7.2325,
7.2335,
7.23451,
7.2355,
7.2365,
7.2375,
7.23854,
7.23981,
7.24061,
7.24172,
7.24253,
7.24377,
7.24454,
7.24582,
7.24671,
7.24826,
7.24925,
7.25068,
7.25151,
7.25251,
7.25352,
7.25452,
7.25554,
7.25653,
7.25752,
7.25851,
7.25951,
7.26051,
7.26151,
7.2625,
7.2635,
7.26451,
7.26551,
7.26652,
7.26752,
7.26852,
7.26959,
7.27109,
7.27218,
7.27375,
7.27457,
7.27592,
7.2765,
7.27752,
7.27854,
7.27966,
7.2816,
7.28304,
7.28455,
7.28586,
7.28693,
7.28809,
7.28921,
7.2903,
7.29128,
7.29209,
7.29293,
7.29364,
7.29451,
7.2955,
7.2965,
7.29751,
7.2985,
7.29952,
7.3005,
7.30151,
7.30251,
7.30354,
7.3047,
7.30592,
7.30706,
7.30816,
7.30925,
7.31025,
7.31119,
7.31209,
7.31292,
7.31372,
7.3145,
7.3155,
7.3165,
7.31751,
7.3185,
7.31974,
7.32055,
7.32183,
7.32261,
7.32417,
7.32515,
7.32671,
7.32774,
7.32921,
7.33014,
7.33151,
7.3328,
7.3335,
7.33481,
7.33557,
7.33681,
7.33765,
7.33872,
7.33951,
7.3405,
7.34151,
7.34251,
7.34351,
7.34452,
7.34558,
7.34742,
7.34841,
7.34998,
7.35087,
7.35206,
7.35287,
7.35408,
7.35484,
7.35604,
7.35682,
7.35803,
7.3588,
7.36,
7.36079,
7.3615,
7.36272,
7.36351,
7.36472,
7.36552,
7.3665,
7.3675,
7.36849,
7.3695,
7.3705,
7.3715,
7.3725,
7.3735,
7.3745,
7.3755,
7.3765,
7.37751,
7.3785,
7.37951,
7.3805,
7.3815,
7.38251,
7.38351,
7.38451,
7.38552,
7.38652,
7.38753,
7.38853,
7.38954,
7.39055,
7.39156,
7.39256,
7.39356,
7.39456,
7.39555,
7.39653,
7.39754,
7.39856,
7.39954,
7.40054,
7.40157,
7.40256,
7.40357,
7.40457,
7.40555,
7.40655,
7.40756,
7.40855,
7.40954,
7.41054,
7.41155,
7.41255,
7.41355,
7.41455,
7.41555,
7.41655,
7.41755,
7.41855,
7.41955,
7.42056,
7.42156,
7.42259,
7.42357,
7.42457,
7.42556,
7.42655,
7.42755,
7.42854,
7.42953,
7.43053,
7.43153,
7.43253,
7.43354,
7.43454,
7.43554,
7.43652,
7.43754,
7.43854,
7.43955,
7.44054,
7.44155,
7.44256,
7.44355,
7.44456,
7.44556,
7.44656,
7.44757,
7.44856,
7.44956,
7.45056,
7.45156,
7.45256,
7.45357,
7.45457,
7.45557,
7.45658,
7.45757,
7.45856,
7.45956,
7.46054,
7.46154,
7.46254,
7.46354,
7.46454,
7.46555,
7.46655,
7.46758,
7.46857,
7.46955,
7.47057,
7.47155,
7.47255,
7.47355,
7.47455,
7.47555,
7.47655,
7.47756,
7.47856,
7.47958,
7.48059,
7.48158,
7.48288,
7.48364,
7.48459,
7.48559,
7.48659,
7.48759,
7.48859,
7.48958,
7.49058,
7.49159,
7.49259,
7.49361,
7.49459,
7.49559,
7.49659,
7.49759,
7.4986,
7.4996,
7.50061,
7.50161,
7.5026,
7.50365,
7.5046,
7.50561,
7.50662,
7.5076,
7.5086,
7.5096,
7.5106,
7.51161,
7.51261,
7.51362,
7.51461,
7.51561,
7.51661,
7.51762,
7.51862,
7.51963,
7.52062,
7.52161,
7.52259,
7.52358,
7.52457,
7.52555,
7.52655,
7.52755,
7.52855,
7.52956,
7.53055,
7.53155,
7.53255,
7.53355,
7.53455,
7.53555,
7.53655,
7.53755,
7.53855,
7.53955,
7.54059,
7.54155,
7.54258,
7.54357,
7.54457,
7.54557,
7.54657,
7.54757,
7.54857,
7.54957,
7.55057,
7.55157,
7.55256,
7.55354,
7.55453,
7.55552,
7.55652,
7.55751,
7.55851,
7.55951,
7.56051,
7.56152,
7.56251,
7.56351,
7.56451,
7.56551,
7.56651,
7.56751,
7.56851,
7.56951,
7.57051,
7.57151,
7.5725,
7.57351,
7.5745,
7.5755,
7.5765,
7.57751,
7.57851,
7.5795,
7.58051,
7.58151,
7.58251,
7.58351,
7.58451,
7.58551,
7.58651,
7.5875,
7.5885,
7.58951,
7.5905,
7.5915,
7.59251,
7.59352,
7.5945,
7.5955,
7.5965,
7.5975,
7.5985,
7.5995,
7.60051,
7.6015,
7.6025,
7.6035,
7.6045,
7.6055,
7.6065,
7.6075,
7.6085,
7.6095,
7.6105,
7.6115,
7.6125,
7.6135,
7.6145,
7.6155,
7.6165,
7.6175,
7.6185,
7.6195,
7.6205,
7.6215,
7.6225,
7.6235,
7.6245,
7.6255,
7.6265,
7.6275,
7.6285,
7.6295,
7.6305,
7.6315,
7.6325,
7.6335,
7.6345,
7.6355,
7.6365,
7.6375,
7.6385,
7.6395,
7.6405,
7.6415,
7.6425,
7.6435,
7.6445,
7.6455,
7.6465,
7.6475,
7.6485,
7.6495,
7.6505,
7.6515,
7.65252,
7.65351,
7.65451,
7.6555,
7.65651,
7.65751,
7.65852,
7.65952,
7.66053,
7.66154,
7.66255,
7.66355,
7.66456,
7.66557,
7.66658,
7.66758,
7.66859,
7.66959,
7.67059,
7.67157,
7.67257,
7.67357,
7.67457,
7.67557,
7.67656,
7.67756,
7.67855,
7.67956,
7.68057,
7.68158,
7.68257,
7.68357,
7.68457,
7.68556,
7.68656,
7.68755,
7.68856,
7.68956,
7.69052,
7.69152,
7.69251,
7.69353,
7.69451,
7.69551,
7.69651,
7.6975,
7.6985,
7.6995,
7.70052,
7.70152,
7.7025,
7.7035,
7.7045,
7.7055,
7.7065,
7.7075,
7.7085,
7.7095,
7.7105,
7.7115,
7.7125,
7.71352,
7.7145,
7.7155,
7.7165,
7.7175,
7.71851,
7.7195,
7.72052,
7.72152,
7.72251,
7.72353,
7.7245,
7.7255,
7.7265,
7.7275,
7.7285,
7.7295,
7.7305,
7.7315,
7.7325,
7.7335,
7.7345,
7.73551,
7.73651,
7.7375,
7.73852,
7.7395,
7.7405,
7.7415,
7.74249,
7.74349,
7.74449,
7.7455,
7.7465,
7.7475,
7.74851,
7.74951,
7.75051,
7.75153,
7.75255,
7.75354,
7.75456,
7.75554,
7.75654,
7.75753,
7.75852,
7.75952,
7.76052,
7.76152,
7.76251,
7.76352,
7.76451,
7.76551,
7.7665,
7.7675,
7.7685,
7.7695,
7.7705,
7.7715,
7.7725,
7.7735,
7.7745,
7.7755,
7.77651,
7.7775,
7.7785,
7.7795,
7.7805,
7.7815,
7.7825,
7.7835,
7.7845,
7.7855,
7.7865,
7.7875,
7.7885,
7.7895,
7.7905,
7.7915,
7.7925,
7.7935,
7.7945,
7.7955,
7.79653,
7.79752,
7.79852,
7.79951,
7.80051,
7.80151,
7.80251,
7.80351,
7.80451,
7.80551,
7.80651,
7.80751,
7.80851,
7.80951,
7.81051,
7.81151,
7.81251,
7.81351,
7.8145,
7.8155,
7.8165,
7.8175,
7.8185,
7.81951,
7.8205,
7.8215,
7.8225,
7.8235,
7.8245,
7.8255,
7.8265,
7.8275,
7.8285,
7.8295,
7.8305,
7.8315,
7.8325,
7.8335,
7.8345,
7.8355,
7.8365,
7.8375,
7.8385,
7.8395,
7.84051,
7.8415,
7.8425,
7.8435,
7.8445,
7.8455,
7.8465,
7.8475,
7.8485,
7.8495,
7.8505,
7.8515,
7.8525,
7.8535,
7.8545,
7.8555,
7.8565,
7.8575,
7.8585,
7.8595,
7.86051,
7.8615,
7.8625,
7.8635,
7.8645,
7.8655,
7.8665,
7.8675,
7.8685,
7.8695,
7.8705,
7.8715,
7.87251,
7.8735,
7.8745,
7.87551,
7.8765,
7.8775,
7.87851,
7.87951,
7.88052,
7.88152,
7.8825,
7.8835,
7.8845,
7.8855,
7.8865,
7.8875,
7.8885,
7.8895,
7.8905,
7.8915,
7.8925,
7.8935,
7.8945,
7.8955,
7.8965,
7.8975,
7.8985,
7.8995,
7.9005,
7.9015,
7.9025,
7.9035,
7.90449,
7.90549,
7.90651,
7.90748,
7.90848,
7.90948,
7.91049,
7.91149,
7.91249,
7.9135,
7.91449,
7.91549,
7.91649,
7.91749,
7.9185,
7.91949,
7.92049,
7.92149,
7.92249,
7.9235,
7.9245,
7.92549,
7.92649,
7.92748,
7.92849,
7.9295,
7.9305,
7.93149,
7.93249,
7.93349,
7.93449,
7.93549,
7.93649,
7.93751,
7.93851,
7.93951,
7.94052,
7.94152,
7.94252,
7.94351,
7.94452,
7.94551,
7.94651,
7.94752,
7.94852,
7.94951,
7.95051,
7.95149,
7.95251,
7.95349,
7.95449,
7.95549,
7.95649,
7.9575,
7.95849,
7.95949,
7.9605,
7.9615,
7.96249,
7.9635,
7.96449,
7.96549,
7.96649,
7.96749,
7.96849,
7.96951,
7.97049,
7.97149,
7.9725,
7.97349,
7.97449,
7.97549,
7.97649,
7.97749,
7.97849,
7.97949,
7.98049,
7.98149,
7.98249,
7.98349,
7.98449,
7.98549,
7.98649,
7.98749,
7.98849,
7.98949,
7.99049,
7.99149,
7.9925,
7.99347,
7.99448,
7.99548,
7.99648,
7.99748,
7.99848,
7.99948,
8.00054,
8.00154,
8.00253,
8.00353,
8.00453,
8.00551,
8.00651,
8.0075,
8.0085,
8.0095,
8.0105,
8.0115,
8.0125,
8.01351,
8.0145,
8.0155,
8.0165,
8.0175,
8.01849,
8.01949,
8.02049,
8.02149,
8.02249,
8.02349,
8.02449,
8.02549,
8.02649,
8.02749,
8.0285,
8.02951,
8.03051,
8.03151,
8.03252,
8.03352,
8.03453,
8.03554,
8.03654,
8.03756,
8.03857,
8.03956,
8.04056,
8.04157,
8.04258,
8.04357,
8.04459,
8.04563,
8.04663,
8.0476,
8.04865,
8.04965,
8.05066,
8.05164,
8.05266,
8.05369,
8.05466,
8.05563,
8.05661,
8.05761,
8.05861,
8.05961,
8.06061,
8.06166,
8.06263,
8.06361,
8.06479,
8.06576,
8.06668,
8.06773,
8.06868,
8.06969,
8.07068,
8.07174,
8.07276,
8.07392,
8.07482,
8.07581,
8.0767,
8.07762,
8.07866,
8.07967,
8.08067,
8.08168,
8.08269,
8.08381,
8.08465,
8.08567,
8.08667,
8.08771,
8.08866,
8.08968,
8.09067,
8.09167,
8.09268,
8.09366,
8.09466,
8.09579,
8.09674,
8.09773,
8.09871,
8.09975,
8.10075,
8.10174,
8.10298,
8.10371,
8.10466,
8.10571,
8.10678,
8.10775,
8.10875,
8.10969,
8.11066,
8.11168,
8.11268,
8.11368,
8.11468,
8.11567,
8.11667,
8.11766,
8.11868,
8.1197,
8.12066,
8.12167,
8.12268,
8.12366,
8.12469,
8.1257,
8.12667,
8.12768,
8.12866,
8.12969,
8.13066,
8.13173,
8.1327,
8.1337,
8.13473,
8.13571,
8.13666,
8.13764,
8.13861,
8.1396,
8.1406,
8.14161,
8.14261,
8.1436,
8.1446,
8.14568,
8.14668,
8.14768,
8.14877,
8.1497,
8.15062,
8.1516,
8.15262,
8.15361,
8.1546,
8.1556,
8.15663,
8.15762,
8.15862,
8.15961,
8.16073,
8.1617,
8.16271,
8.16369,
8.16467,
8.16568,
8.16671,
8.16765,
8.16876,
8.16968,
8.17067,
8.17168,
8.17266,
8.17367,
8.17471,
8.17568,
8.1767,
8.17766,
8.17866,
8.17967,
8.18065,
8.18167,
8.18266,
8.18367,
8.18466,
8.18567,
8.18667,
8.18765,
8.18868,
8.18967,
8.19066,
8.19164,
8.19266,
8.19368,
8.19468,
8.19567,
8.19671,
8.19773,
8.19872,
8.19965,
8.20065,
8.20165,
8.20277,
8.20372,
8.20473,
8.20572,
8.20685,
8.20783,
8.20882,
8.20972,
8.21071,
8.21171,
8.2128,
8.21376,
8.21475,
8.21575,
8.21675,
8.21776,
8.21877,
8.21975,
8.22073,
8.22174,
8.22275,
8.22374,
8.22475,
8.22572,
8.2267,
8.2277,
8.22871,
8.22981,
8.23075,
8.23172,
8.23271,
8.23373,
8.23471,
8.23571,
8.23669,
8.2377,
8.23869,
8.23972,
8.24077,
8.24176,
8.24273,
8.24376,
8.24474,
8.24575,
8.24678,
8.24782,
8.24898,
8.24983,
8.25081,
8.25177,
8.25278,
8.25375,
8.25474,
8.25575,
8.25673,
8.25773,
8.25875,
8.25974,
8.26074,
8.26174,
8.26273,
8.26374,
8.26473,
8.26574,
8.26674,
8.26773,
8.26873,
8.26978,
8.27073,
8.27174,
8.27272,
8.27373,
8.27472,
8.27572,
8.27672,
8.27773,
8.27873,
8.27972,
8.28077,
8.28182,
8.28274,
8.28373,
8.28471,
8.28573,
8.28673,
8.28772,
8.28872,
8.28972,
8.29074,
8.29173,
8.29277,
8.29375,
8.29473,
8.29574,
8.29673,
8.29773,
8.29872,
8.29974,
8.30081,
8.30173,
8.30272,
8.30372,
8.30472,
8.30573,
8.30673,
8.30772,
8.30872,
8.30973,
8.31073,
8.31173,
8.31275,
8.31373,
8.31472,
8.31572,
8.31674,
8.31773,
8.31871,
8.3197,
8.3207,
8.32171,
8.3227,
8.32369,
8.3247,
8.32571,
8.32673,
8.3277,
8.32873,
8.32973,
8.33084,
8.33175,
8.33271,
8.33372,
8.3347,
8.3357,
8.3367,
8.3377,
8.33873,
8.33972,
8.34072,
8.34189,
8.34278,
8.34373,
8.34472,
8.34568,
8.34666,
8.34778,
8.34879,
8.34971,
8.35072,
8.35176,
8.35274,
8.35373,
8.35472,
8.35573,
8.35673,
8.35772,
8.35869,
8.35966,
8.36068,
8.36172,
8.36266,
8.36366,
8.36466,
8.36566,
8.36666,
8.36766,
8.36866,
8.36972,
8.37076,
8.37169,
8.37262,
8.37369,
8.3747,
8.37561,
8.37661,
8.37762,
8.37861,
8.3797,
8.38066,
8.38164,
8.38261,
8.38362,
8.38463,
8.38563,
8.38661,
8.3876,
8.38862,
8.38974,
8.39068,
8.39175,
8.39267,
8.39369,
8.39474,
8.39574,
8.39672,
8.39771,
8.39873,
8.39971,
8.40072,
8.40174,
8.40271,
8.40373,
8.40472,
8.40572,
8.40673,
8.40782,
8.40875,
8.40974,
8.41073,
8.41174,
8.41281,
8.4138,
8.41487,
8.41585,
8.41682,
8.41783,
8.41884,
8.41978,
8.42077,
8.42178,
8.42277,
8.42378,
8.42477,
8.42579,
8.42678,
8.42776,
8.42876,
8.42975,
8.43074,
8.43174,
8.43271,
8.43367,
8.43466,
8.43566,
8.43665,
8.43772,
8.43865,
8.43966,
8.44065,
8.44163,
8.4426,
8.4436,
8.44462,
8.44561,
8.4466,
8.44768,
8.44867,
8.44967,
8.45066,
8.45166,
8.45266,
8.45366,
8.45478,
8.45568,
8.45668,
8.45766,
8.45865,
8.45965,
8.46065,
8.46168,
8.46267,
8.46365,
8.46465,
8.46565,
8.46664,
8.46766,
8.46866,
8.46966,
8.47065,
8.47165,
8.47265,
8.47372,
8.47472,
8.47571,
8.47661,
8.47761,
8.47868,
8.47967,
8.48065,
8.48166,
8.48266,
8.48366,
8.48465,
8.48566,
8.48668,
8.48764,
8.48866,
8.48965,
8.49066,
8.49165,
8.49265,
8.49379,
8.49483,
8.4958,
8.49662,
8.4976,
8.49874,
8.49959,
8.50059,
8.50159,
8.50259,
8.50359,
8.50458,
8.50574,
8.50665,
8.50764,
8.50864,
8.50964,
8.51064,
8.51164,
8.51266,
8.51384,
8.51472,
8.5157,
8.5167,
8.51763,
8.51865,
8.51972,
8.52071,
8.52177,
8.52269,
8.52368,
8.52468,
8.52569,
8.52668,
8.52768,
8.52865,
8.52965,
8.53064,
8.53164,
8.53265,
8.53363,
8.53463,
8.53564,
8.53665,
8.53765,
8.53861,
8.53957,
8.54055,
8.54156,
8.54255,
8.54355,
8.54459,
8.54558,
8.54656,
8.54758,
8.54857,
8.54957,
8.55054,
8.55155,
8.55254,
8.55354,
8.55453,
8.55553,
8.55653,
8.55753,
8.55856,
8.55953,
8.56052,
8.56153,
8.56258,
8.56358,
8.56454,
8.56554,
8.56653,
8.56753,
8.56853,
8.56952,
8.5705,
8.5715,
8.57251,
8.5735,
8.57449,
8.57549,
8.57655,
8.57754,
8.57854,
8.57952,
8.58052,
8.58152,
8.58251,
8.58352,
8.58452,
8.58552,
8.58651,
8.58751,
8.58851,
8.58953,
8.59052,
8.5915,
8.5925,
8.5935,
8.5945,
8.5955,
8.5965,
8.5975,
8.5985,
8.5995,
8.6005,
8.60149,
8.6025,
8.6035,
8.60449,
8.6055,
8.6065,
8.60749,
8.6085,
8.6095,
8.61049,
8.61149,
8.61249,
8.61351,
8.61451,
8.61549,
8.61651,
8.6175,
8.61849,
8.6195,
8.6205,
8.6215,
8.6225,
8.6235,
8.62451,
8.62551,
8.62652,
8.62752,
8.62853,
8.62955,
8.63055,
8.63155,
8.63256,
8.63361,
8.63457,
8.63555,
8.63656,
8.63755,
8.63854,
8.63954,
8.64054,
8.64154,
8.64253,
8.64353,
8.64452,
8.64552,
8.64652,
8.64752,
8.64853,
8.64951,
8.65051,
8.65151,
8.6525,
8.6535,
8.6545,
8.65549,
8.65649,
8.6575,
8.6585,
8.6595,
8.66049,
8.66149,
8.66249,
8.66349,
8.66449,
8.66549,
8.66649,
8.6675,
8.66849,
8.6695,
8.6705,
8.67149,
8.67249,
8.6735,
8.67449,
8.67548,
8.67648,
8.67749,
8.67848,
8.67947,
8.6805,
8.68149,
8.68251,
8.6835,
8.6845,
8.6855,
8.6865,
8.6875,
8.6885,
8.6895,
8.69049,
8.69149,
8.6925,
8.69349,
8.69449,
8.69549,
8.69651,
8.6975,
8.69849,
8.69949,
8.7005,
8.70149,
8.70249,
8.7035,
8.7045,
8.7055,
8.70651,
8.70749,
8.70849,
8.7095,
8.71049,
8.7115,
8.7125,
8.71351,
8.7145,
8.7155,
8.7165,
8.71749,
8.7185,
8.71963,
8.7205,
8.7215,
8.72249,
8.7235,
8.7245,
8.7255,
8.72649,
8.72749,
8.72849,
8.7295,
8.7305,
8.73151,
8.7325,
8.7335,
8.73453,
8.73551,
8.7365,
8.73751,
8.7385,
8.73949,
8.74051,
8.7415,
8.74249,
8.7435,
8.7445,
8.74551,
8.74652,
8.74753,
8.74852,
8.74953,
8.75052,
8.75152,
8.75253,
8.75356,
8.75456,
8.75556,
8.75659,
8.75757,
8.75856,
8.75961,
8.76058,
8.76157,
8.76257,
8.76359,
8.76457,
8.76556,
8.76659,
8.76756,
8.76857,
8.76957,
8.77054,
8.77154,
8.77255,
8.77353,
8.77455,
8.77558,
8.77654,
8.77757,
8.77858,
8.77957,
8.78059,
8.78159,
8.78258,
8.78358,
8.78457,
8.78559,
8.78657,
8.78757,
8.78859,
8.78958,
8.79062,
8.79163,
8.79262,
8.79364,
8.7946,
8.79574,
8.79666,
8.79769,
8.79862,
8.79968,
8.80066,
8.8019,
8.80269,
8.80372,
8.80468,
8.80581,
8.80672,
8.80775,
8.8089,
8.80982,
8.8107,
8.8117,
8.8127,
8.81371,
8.81483,
8.81583,
8.81668,
8.81785,
8.81877,
8.81978,
8.82075,
8.82182,
8.82284,
8.82378,
8.82472,
8.82573,
8.82683,
8.82769,
8.82869,
8.82975,
8.83071,
8.83178,
8.8327,
8.83376,
8.83466,
8.83576,
8.83667,
8.83776,
8.83879,
8.83974,
8.84075,
8.84169,
8.8427,
8.84379,
8.84469,
8.84575,
8.84674,
8.84763,
8.84873,
8.84963,
8.85063,
8.85175,
8.85269,
8.8537,
8.85466,
8.85563,
8.85667,
8.85767,
8.85869,
8.85974,
8.86065,
8.8617,
8.86265,
8.86363,
8.86464,
8.8658,
8.86691,
8.86775,
8.8688,
8.86979,
8.87073,
8.87165,
8.87264,
8.87366,
8.87467,
8.87569,
8.87672,
8.87772,
8.87871,
8.87973,
8.88072,
8.88179,
8.88278,
8.88377,
8.88481,
8.88574,
8.88672,
8.88772,
8.88872,
8.88973,
8.89072,
8.89171,
8.89272,
8.89373,
8.89472,
8.89572,
8.89672,
8.89773,
8.89873,
8.89981,
8.90076,
8.90175,
8.90271,
8.90375,
8.90469,
8.90574,
8.90666,
8.90769,
8.90866,
8.90967,
8.9107,
8.91169,
8.91264,
8.91368,
8.91466,
8.91563,
8.91669,
8.91764,
8.91864,
8.91965,
8.92069,
8.92166,
8.92264,
8.92364,
8.92465,
8.92564,
8.92667,
8.9277,
8.9287,
8.9297,
8.93069,
8.93167,
8.93268,
8.93369,
8.93467,
8.93565,
8.93665,
8.93763,
8.93864,
8.93964,
8.94062,
8.94164,
8.94264,
8.94364,
8.94462,
8.94563,
8.94663,
8.94762,
8.94862,
8.94963,
8.95062,
8.95162,
8.95265,
8.95363,
8.95463,
8.95563,
8.95663,
8.95763,
8.95863,
8.95962,
8.96065,
8.96165,
8.96264,
8.96362,
8.9646,
8.96562,
8.9666,
8.96759,
8.96859,
8.96958,
8.97059,
8.9716,
8.9726,
8.97358,
8.97459,
8.97558,
8.9766,
8.97759,
8.97858,
8.97957,
8.98058,
8.98158,
8.98257,
8.98356,
8.98457,
8.98557,
8.98661,
8.98761,
8.98858,
8.98958,
8.9906,
8.99159,
8.99258,
8.99363,
8.9946,
8.99558,
8.99658,
8.99758,
8.99857,
8.99956,
9.00057,
9.00156,
9.00256,
9.00354,
9.00456,
9.00557,
9.00656,
9.00754,
9.00854,
9.00952,
9.0105,
9.01151,
9.0125,
9.0135,
9.0145,
9.0155,
9.01649,
9.0175,
9.0185,
9.01949,
9.02053,
9.02152,
9.02251,
9.02351,
9.02454,
9.02553,
9.02652,
9.02752,
9.02851,
9.02951,
9.03051,
9.0315,
9.0325,
9.0335,
9.0345,
9.03549,
9.0365,
9.0375,
9.0385,
9.0395,
9.04049,
9.0415,
9.04249,
9.0435,
9.04449,
9.0455,
9.04651,
9.0475,
9.04848,
9.04948,
9.05048,
9.05148,
9.05248,
9.05348,
9.05448,
9.05549,
9.05649,
9.05749,
9.05848,
9.05948,
9.06048,
9.06148,
9.06247,
9.06348,
9.06448,
9.06548,
9.06648,
9.06753,
9.06848,
9.06948,
9.07048,
9.07148,
9.07248,
9.07348,
9.07448,
9.07548,
9.07648,
9.07748,
9.07848,
9.07948,
9.08048,
9.08147,
9.08248,
9.08348,
9.08448,
9.08548,
9.08648,
9.08748,
9.08851,
9.0895,
9.0905,
9.09149,
9.09249,
9.09349,
9.09449,
9.09549,
9.09649,
9.09749,
9.09849,
9.09949,
9.10049,
9.10149,
9.10248,
9.10349,
9.10449,
9.10549,
9.10649,
9.10749,
9.10849,
9.10949,
9.11048,
9.11148,
9.11248,
9.11349,
9.11449,
9.1155,
9.11648,
9.11749,
9.11848,
9.11949,
9.1205,
9.12149,
9.12248,
9.12348,
9.12449,
9.12548,
9.12649,
9.12749,
9.1285,
9.1295,
9.13049,
9.13148,
9.13249,
9.13349,
9.13449,
9.13549,
9.13649,
9.13749,
9.13849,
9.13949,
9.14049,
9.14149,
9.14248,
9.14348,
9.14449,
9.14549,
9.14649,
9.14748,
9.14849,
9.14949,
9.1505,
9.15149,
9.1525,
9.15349,
9.1545,
9.15548,
9.15649,
9.15749,
9.15849,
9.15949,
9.16049,
9.16149,
9.16248,
9.16349,
9.16449,
9.16549,
9.16649,
9.16749,
9.16848,
9.1695,
9.1705,
9.17149,
9.17249,
9.17349,
9.17449,
9.17548,
9.17649,
9.17748,
9.17849,
9.17949,
9.18049,
9.18149,
9.18249,
9.18349,
9.18449,
9.18549,
9.18649,
9.18749,
9.18849,
9.18949,
9.1905,
9.19152,
9.1925,
9.19349,
9.1945,
9.19549,
9.19654,
9.19749,
9.19849,
9.19949,
9.20049,
9.20149,
9.20249,
9.20349,
9.20449,
9.20553,
9.20651,
9.20749,
9.2085,
9.20948,
9.21049,
9.21149,
9.21251,
9.21351,
9.21449,
9.21549,
9.21649,
9.21749,
9.21849,
9.21949,
9.22049,
9.22149,
9.22249,
9.22348,
9.22449,
9.22549,
9.22649,
9.22749,
9.22848,
9.22949,
9.23049,
9.23149,
9.2325,
9.23351,
9.23449,
9.2355,
9.2365,
9.23749,
9.23849,
9.23949,
9.24049,
9.24149,
9.24249,
9.24348,
9.24449,
9.24549,
9.2465,
9.24749,
9.24849,
9.24949,
9.25049,
9.25149,
9.2525,
9.2535,
9.2545,
9.2555,
9.2565,
9.25751,
9.2585,
9.2595,
9.2605,
9.2615,
9.2625,
9.2635,
9.2645,
9.26552,
9.26651,
9.26751,
9.2685,
9.26951,
9.27051,
9.27151,
9.27251,
9.27351,
9.2745,
9.27546,
9.27651,
9.27751,
9.27851,
9.27951,
9.28051,
9.28151,
9.28251,
9.28351,
9.28451,
9.28551,
9.28651,
9.28751,
9.2885,
9.28951,
9.29051,
9.2915,
9.2925,
9.29351,
9.2945,
9.2955,
9.2965,
9.29752,
9.29851,
9.29951,
9.30051,
9.30151,
9.30251,
9.30351,
9.30451,
9.3055,
9.30652,
9.30751,
9.30851,
9.30951,
9.31051,
9.31151,
9.31251,
9.31352,
9.31452,
9.31551,
9.31651,
9.31751,
9.3185,
9.3195,
9.32051,
9.3215,
9.3225,
9.3235,
9.3245,
9.3255,
9.3265,
9.3275,
9.3285,
9.3295,
9.3305,
9.3315,
9.3325,
9.33351,
9.3345,
9.3355,
9.3365,
9.3375,
9.3385,
9.3395,
9.3405,
9.34151,
9.3425,
9.3435,
9.3445,
9.34551,
9.3465,
9.3475,
9.3485,
9.3495,
9.3505,
9.3515,
9.3525,
9.3535,
9.3545,
9.3555,
9.35651,
9.3575,
9.3585,
9.3595,
9.3605,
9.3615,
9.3625,
9.3635,
9.3645,
9.3655,
9.3665,
9.3675,
9.3685,
9.3695,
9.3705,
9.3715,
9.3725,
9.3735,
9.3745,
9.3755,
9.3765,
9.3775,
9.3785,
9.3795,
9.3805,
9.3815,
9.3825,
9.3835,
9.3845,
9.3855,
9.3865,
9.3875,
9.3885,
9.3895,
9.3905,
9.3915,
9.3925,
9.3935,
9.3945,
9.3955,
9.3965,
9.3975,
9.3985,
9.39949,
9.4005,
9.4015,
9.4025,
9.4035,
9.4045,
9.4055,
9.4065,
9.4075,
9.4085,
9.4095,
9.4105,
9.4115,
9.4125,
9.4135,
9.4145,
9.4155,
9.4165,
9.4175,
9.4185,
9.4195,
9.4205,
9.4215,
9.4225,
9.4235,
9.4245,
9.4255,
9.4265,
9.42751,
9.4285,
9.42951,
9.43051,
9.4315,
9.4325,
9.4335,
9.4345,
9.4355,
9.4365,
9.43751,
9.4385,
9.4395,
9.4405,
9.44151,
9.4425,
9.4435,
9.4445,
9.4455,
9.44651,
9.44751,
9.44852,
9.44953,
9.45053,
9.45154,
9.45253,
9.45356,
9.45456,
9.45556,
9.45656,
9.45759,
9.45867,
9.45969,
9.46065,
9.46162,
9.46263,
9.46364,
9.46466,
9.46568,
9.46668,
9.46768,
9.46869,
9.46974,
9.47072,
9.47172,
9.47285,
9.47385,
9.4748,
9.47577,
9.47676,
9.47781,
9.47879,
9.47981,
9.4808,
9.48177,
9.48276,
9.48376,
9.48473,
9.48575,
9.48675,
9.48775,
9.48878,
9.48975,
9.49073,
9.49175,
9.49273,
9.49373,
9.49473,
9.49575,
9.49673,
9.49774,
9.49873,
9.49974,
9.5008,
9.50175,
9.50271,
9.5037,
9.50471,
9.50574,
9.50671,
9.50777,
9.50873,
9.50975,
9.51073,
9.51175,
9.51275,
9.51376,
9.51473,
9.51573,
9.51675,
9.51774,
9.51875,
9.51974,
9.52076,
9.52168,
9.52273,
9.52372,
9.52472,
9.52582,
9.52674,
9.52773,
9.52873,
9.52974,
9.53075,
9.53174,
9.53273,
9.53373,
9.53473,
9.53573,
9.53673,
9.53773,
9.53874,
9.53973,
9.54074,
9.54173,
9.54272,
9.54371,
9.54475,
9.54572,
9.54674,
9.54772,
9.54871,
9.54971,
9.55071,
9.55172,
9.5527,
9.55374,
9.55482,
9.55573,
9.55676,
9.55776,
9.55874,
9.55974,
9.56074,
9.56175,
9.56275,
9.56373,
9.5647,
9.56573,
9.56681,
9.56775,
9.56876,
9.56978,
9.57078,
9.57178,
9.57313,
9.57374,
9.57473,
9.57571,
9.57667,
9.57776,
9.57875,
9.57972,
9.58073,
9.58176,
9.58273,
9.58373,
9.58485,
9.58569,
9.58668,
9.5877,
9.5887,
9.58966,
9.59069,
9.59165,
9.59267,
9.59365,
9.59465,
9.59565,
9.59668,
9.59768,
9.59868,
9.59969,
9.60066,
9.60168,
9.6027,
9.60376,
9.60468,
9.6057,
9.60683,
9.60776,
9.60875,
9.6098,
9.61075,
9.6117,
9.61268,
9.61372,
9.61468,
9.61569,
9.61669,
9.6177,
9.61868,
9.61968,
9.62068,
9.62171,
9.62269,
9.62365,
9.62462,
9.62561,
9.6266,
9.62775,
9.6287,
9.62969,
9.6307,
9.63171,
9.63269,
9.63366,
9.63459,
9.63559,
9.63658,
9.63758,
9.63858,
9.63958,
9.64062,
9.64161,
9.64273,
9.64371,
9.64475,
9.64571,
9.64675,
9.64771,
9.64868,
9.64969,
9.65066,
9.65165,
9.65265,
9.65368,
9.65468,
9.65568,
9.65668,
9.65768,
9.65867,
9.65968,
9.66099,
9.66172,
9.66272,
9.66371,
9.66465,
9.66564,
9.66664,
9.66761,
9.66861,
9.66961,
9.67061,
9.67161,
9.67263,
9.67361,
9.67461,
9.67561,
9.67662,
9.67762,
9.67861,
9.67963,
9.68079,
9.68177,
9.68268,
9.68365,
9.68461,
9.68561,
9.68661,
9.6876,
9.6886,
9.68961,
9.6906,
9.6916,
9.6926,
9.6936,
9.69458,
9.69558,
9.6967,
9.69766,
9.69866,
9.69966,
9.70066,
9.70166,
9.70265,
9.70367,
9.70468,
9.70573,
9.7067,
9.70776,
9.70875,
9.7098,
9.71076,
9.71173,
9.71273,
9.71372,
9.71472,
9.71573,
9.71668,
9.71767,
9.71872,
9.71977,
9.7207,
9.72169,
9.72269,
9.72369,
9.72469,
9.7257,
9.72673,
9.72765,
9.7288,
9.72974,
9.73071,
9.73168,
9.7327,
9.7337,
9.73468,
9.73567,
9.73667,
9.73768,
9.73867,
9.73967,
9.74066,
9.74175,
9.74277,
9.74375,
9.74479,
9.74577,
9.74671,
9.74782,
9.74864,
9.7496,
9.75071,
9.75165,
9.75265,
9.75366,
9.75466,
9.75566,
9.75666,
9.75763,
9.75862,
9.7596,
9.76059,
9.76162,
9.7626,
9.76359,
9.76458,
9.76568,
9.76661,
9.76761,
9.76858,
9.76963,
9.77061,
9.77167,
9.77265,
9.77365,
9.77464,
9.77564,
9.77663,
9.77764,
9.77864,
9.77964,
9.78063,
9.78165,
9.78264,
9.78364,
9.78464,
9.7856,
9.7867,
9.78768,
9.78867,
9.7896,
9.79058,
9.79164,
9.79274,
9.79372,
9.79471,
9.7957,
9.79672,
9.79768,
9.79865,
9.79963,
9.80064,
9.80177,
9.80274,
9.80371,
9.8048,
9.80577,
9.80676,
9.80768,
9.80875,
9.80974,
9.81073,
9.81171,
9.81266,
9.81367,
9.81468,
9.81566,
9.8167,
9.81771,
9.81867,
9.81966,
9.82068,
9.82168,
9.82267,
9.82368,
9.82472,
9.82573,
9.82667,
9.82764,
9.82865,
9.82973,
9.83069,
9.8317,
9.83269,
9.83369,
9.8347,
9.83568,
9.8367,
9.83771,
9.83868,
9.83969,
9.84067,
9.84167,
9.84268,
9.84367,
9.84468,
9.84569,
9.84664,
9.84763,
9.84866,
9.84966,
9.85065,
9.85162,
9.85262,
9.85365,
9.85463,
9.85565,
9.85661,
9.85762,
9.85862,
9.85962,
9.86062,
9.86161,
9.86263,
9.86364,
9.86474,
9.86564,
9.86667,
9.86763,
9.86864,
9.86964,
9.87061,
9.87164,
9.87261,
9.87361,
9.87461,
9.87563,
9.87664,
9.87764,
9.87861,
9.87962,
9.88062,
9.88163,
9.88262,
9.88366,
9.88463,
9.88565,
9.8866,
9.88762,
9.88866,
9.88964,
9.89062,
9.8916,
9.89263,
9.89361,
9.89503,
9.89561,
9.89666,
9.89766,
9.89862,
9.89962,
9.90063,
9.90163,
9.90262,
9.90362,
9.90462,
9.90561,
9.90664,
9.9076,
9.90859,
9.90959,
9.91059,
9.91158,
9.91258,
9.91359,
9.9146,
9.9156,
9.91659,
9.91759,
9.91857,
9.91957,
9.92058,
9.92158,
9.9226,
9.92358,
9.92457,
9.92556,
9.92656,
9.92756,
9.92856,
9.92957,
9.93056,
9.93155,
9.93255,
9.93355,
9.93455,
9.93555,
9.93654,
9.93757,
9.93856,
9.93955,
9.94054,
9.94154,
9.94253,
9.94353,
9.94453,
9.94553,
9.94655,
9.94754,
9.94854,
9.94953,
9.95052,
9.95152,
9.95252,
9.95352,
9.95452,
9.95552,
9.95651,
9.95752,
9.95852,
9.95951,
9.9605,
9.9615,
9.9625,
9.9635,
9.96449,
9.96549,
9.96649,
9.96749,
9.96849,
9.96949,
9.97049,
9.97149,
9.97249,
9.9735,
9.9745,
9.97549,
9.97649,
9.9775,
9.97849,
9.9795,
9.9805,
9.98149,
9.98249,
9.98349,
9.9845,
9.98551,
9.9865,
9.9875,
9.9885,
9.9895,
9.9905,
9.9915,
9.99249,
9.9935,
9.9945,
9.99549,
9.99649,
9.99749,
9.99849,
9.99949,
10.0005,
10.0015,
10.0025,
10.0035,
10.0045,
10.0055,
10.0065,
10.0075,
10.0085,
10.0095,
10.0105,
10.0115,
10.0125,
10.0135,
10.0145,
10.0155,
10.0165,
10.0175,
10.0185,
10.0195,
10.0205,
10.0215,
10.0225,
10.0235,
10.0245,
10.0255,
10.0265,
10.0275,
10.0285,
10.0295,
10.0305,
10.0315,
10.0325,
10.0335,
10.0345,
10.0355,
10.0365,
10.0375,
10.0385,
10.0395,
10.0405,
10.0415,
10.0425,
10.0435,
10.0445,
10.0455,
10.0465,
10.0475,
10.0485,
10.0495,
10.0505,
10.0515,
10.0525,
10.0535,
10.0545,
10.0555,
10.0565,
10.0575,
10.0585,
10.0595,
10.0605,
10.0615,
10.0625,
10.0635,
10.0645,
10.0655,
10.0665,
10.0675,
10.0685,
10.0695,
10.0705,
10.0715,
10.0725,
10.0735,
10.0745,
10.0755,
10.0765,
10.0775,
10.0785,
10.0795,
10.0805,
10.0815,
10.0825,
10.0835,
10.0845,
10.0855,
10.0865,
10.0875,
10.0885,
10.0895,
10.0905,
10.0915,
10.0925,
10.0935,
10.0945,
10.0955,
10.0965,
10.0975,
10.0985,
10.0995,
10.1005,
10.1015,
10.1025,
10.1035,
10.1045,
10.1055,
10.1065,
10.1075,
10.1085,
10.1095,
10.1105,
10.1115,
10.1125,
10.1135,
10.1145,
10.1155,
10.1165,
10.1175,
10.1185,
10.1195,
10.1205,
10.1215,
10.1225,
10.1235,
10.1245,
10.1255,
10.1265,
10.1275,
10.1285,
10.1295,
10.1305,
10.1315,
10.1325,
10.1335,
10.1345,
10.1355,
10.1365,
10.1375,
10.1385,
10.1395,
10.1405,
10.1415,
10.1425,
10.1435,
10.1445,
10.1455,
10.1465,
10.1475,
10.1485,
10.1495,
10.1505,
10.1515,
10.1525,
10.1535,
10.1545,
10.1555,
10.1565,
10.1575,
10.1585,
10.1595,
10.1605,
10.1615,
10.1625,
10.1635,
10.1645,
10.1655,
10.1665,
10.1675,
10.1685,
10.1695,
10.1705,
10.1715,
10.1725,
10.1735,
10.1745,
10.1755,
10.1765,
10.1775,
10.1785,
10.1795,
10.1805,
10.1815,
10.1825,
10.1835,
10.1845,
10.1855,
10.1865,
10.1875,
10.1885,
10.1895,
10.1905,
10.1915,
10.1925,
10.1935,
10.1945,
10.1955,
10.1965,
10.1975,
10.1985,
10.1995,
10.2005,
10.2015,
10.2025,
10.2035,
10.2045,
10.2055,
10.2065,
10.2075,
10.2085,
10.2095,
10.2105,
10.2115,
10.2125,
10.2135,
10.2145,
10.2155,
10.2165,
10.2175,
10.2185,
10.2195,
10.2205,
10.2215,
10.2225,
10.2235,
10.2245,
10.2255,
10.2265,
10.2275,
10.2285,
10.2295,
10.2305,
10.2315,
10.2325,
10.2335,
10.2345,
10.2355,
10.2365,
10.2375,
10.2385,
10.2395,
10.2405,
10.2415,
10.2425,
10.2435,
10.2445,
10.2455,
10.2465,
10.2475,
10.2485,
10.2495,
10.2505,
10.2515,
10.2525,
10.2535,
10.2545,
10.2555,
10.2565,
10.2575,
10.2585,
10.2595,
10.2605,
10.2615,
10.2625,
10.2635,
10.2645,
10.2655,
10.2665,
10.2675,
10.2685,
10.2695,
10.2705,
10.2715,
10.2725,
10.2735,
10.2745,
10.2755,
10.2765,
10.2775,
10.2785,
10.2795,
10.2805,
10.2815,
10.2825,
10.2835,
10.2845,
10.2855,
10.2865,
10.2875,
10.2885,
10.2895,
10.2905,
10.2915,
10.2925,
10.2935,
10.2945,
10.2955,
10.2965,
10.2975,
10.2985,
10.2995,
10.3005,
10.3015,
10.3025,
10.3035,
10.3045,
10.3055,
10.3065,
10.3075,
10.3085,
10.3095,
10.3105,
10.3115,
10.3125,
10.3135,
10.3145,
10.3155,
10.3165,
10.3175,
10.3185,
10.3195,
10.3205,
10.3215,
10.3225,
10.3235,
10.3245,
10.3255,
10.3265,
10.3275,
10.3285,
10.3295,
10.3305,
10.3315,
10.3325,
10.3335,
10.3345,
10.3355,
10.3365,
10.3375,
10.3385,
10.3395,
10.3405,
10.3415,
10.3425,
10.3435,
10.3445,
10.3455,
10.3465,
10.3475,
10.3485,
10.3495,
10.3505,
10.3515,
10.3525,
10.3535,
10.3545,
10.3555,
10.3565,
10.3575,
10.3585,
10.3595,
10.3605,
10.3615,
10.3625,
10.3635,
10.3645,
10.3655,
10.3665,
10.3675,
10.3685,
10.3695,
10.3705,
10.3715,
10.3725,
10.3735,
10.3745,
10.3755,
10.3765,
10.3775,
10.3785,
10.3795,
10.3805,
10.3815,
10.3826,
10.3836,
10.3846,
10.3856,
10.3866,
10.3876,
10.3886,
10.3897,
10.3907,
10.3917,
10.3927,
10.3937,
10.3947,
10.3957,
10.3967,
10.3978,
10.3987,
10.3997,
10.4008,
10.4017,
10.4027,
10.4037,
10.4047,
10.4057,
10.4067,
10.4077,
10.4087,
10.4097,
10.4107,
10.4117,
10.4127,
10.4137,
10.4147,
10.4157,
10.4167,
10.4177,
10.4187,
10.4197,
10.4207,
10.4217,
10.4227,
10.4237,
10.4247,
10.4257,
10.4267,
10.4277,
10.4287,
10.4298,
10.4308,
10.4317,
10.4327,
10.4337,
10.4347,
10.4357,
10.4367,
10.4377,
10.4387,
10.4397,
10.4407,
10.4417,
10.4427,
10.4437,
10.4447,
10.4457,
10.4467,
10.4477,
10.4487,
10.4497,
10.4507,
10.4517,
10.4527,
10.4537,
10.4547,
10.4557,
10.4567,
10.4577,
10.4587,
10.4597,
10.4607,
10.4617,
10.4627,
10.4637,
10.4647,
10.4657,
10.4667,
10.4678,
10.4687,
10.4697,
10.4707,
10.4717,
10.4727,
10.4737,
10.4746,
10.4757,
10.4767,
10.4777,
10.4787,
10.4797,
10.4807,
10.4817,
10.4827,
10.4837,
10.4847,
10.4857,
10.4867,
10.4877,
10.4887,
10.4897,
10.4907,
10.4917,
10.4927,
10.4937,
10.4947,
10.4957,
10.4967,
10.4977,
10.4987,
10.4997,
10.5007,
10.5017,
10.5027,
10.5037,
10.5047,
10.5057,
10.5067,
10.5077,
10.5087,
10.5097,
10.5107,
10.5118,
10.5127,
10.5137,
10.5147,
10.5157,
10.5167,
10.5177,
10.5187,
10.5197,
10.5207,
10.5217,
10.5227,
10.5237,
10.5246,
10.5256,
10.5266,
10.5276,
10.5286,
10.5296,
10.5306,
10.5316,
10.5326,
10.5335,
10.5345,
10.5355,
10.5365,
10.5375,
10.5385,
10.5395,
10.5405,
10.5415,
10.5425,
10.5436,
10.5446,
10.5456,
10.5466,
10.5476,
10.5486,
10.5496,
10.5506,
10.5516,
10.5526,
10.5536,
10.5546,
10.5556,
10.5566,
10.5576,
10.5586,
10.5595,
10.5605,
10.5615,
10.5625,
10.5635,
10.5645,
10.5655,
10.5665,
10.5675,
10.5685,
10.5695,
10.5705,
10.5715,
10.5725,
10.5735,
10.5746,
10.5755,
10.5765,
10.5775,
10.5785,
10.5795,
10.5805,
10.5815,
10.5825,
10.5835,
10.5845,
10.5855,
10.5865,
10.5875,
10.5885,
10.5895,
10.5905,
10.5915,
10.5925,
10.5935,
10.5945,
10.5955,
10.5966,
10.5976,
10.5986,
10.5996,
10.6006,
10.6016,
10.6026,
10.6036,
10.6046,
10.6056,
10.6066,
10.6076,
10.6085,
10.6096,
10.6105,
10.6115,
10.6125,
10.6135,
10.6145,
10.6155,
10.6165,
10.6175,
10.6185,
10.6195,
10.6205,
10.6215,
10.6225,
10.6235,
10.6245,
10.6255,
10.6265,
10.6275,
10.6285,
10.6295,
10.6305,
10.6316,
10.6326,
10.6336,
10.6346,
10.6356,
10.6366,
10.6375,
10.6385,
10.6395,
10.6405,
10.6415,
10.6425,
10.6435,
10.6445,
10.6455,
10.6465,
10.6475,
10.6485,
10.6495,
10.6505,
10.6515,
10.6525,
10.6535,
10.6545,
10.6555,
10.6565,
10.6575,
10.6585,
10.6595,
10.6605,
10.6615,
10.6625,
10.6635,
10.6645,
10.6655,
10.6665,
10.6675,
10.6685,
10.6695,
10.6705,
10.6715,
10.6725,
10.6735,
10.6745,
10.6755,
10.6765,
10.6775,
10.6785,
10.6795,
10.6805,
10.6815,
10.6825,
10.6835,
10.6845,
10.6855,
10.6865,
10.6875,
10.6885,
10.6895,
10.6905,
10.6915,
10.6925,
10.6935,
10.6945,
10.6955,
10.6965,
10.6975,
10.6985,
10.6995,
10.7005,
10.7015,
10.7025,
10.7035,
10.7045,
10.7055,
10.7065,
10.7075,
10.7085,
10.7095,
10.7105,
10.7115,
10.7125,
10.7136,
10.7146,
10.7156,
10.7166,
10.7176,
10.7186,
10.7196,
10.7206,
10.7216,
10.7226,
10.7236,
10.7246,
10.7256,
10.7266,
10.7276,
10.7286,
10.7296,
10.7306,
10.7316,
10.7326,
10.7336,
10.7346,
10.7356,
10.7366,
10.7375,
10.7385,
10.7395,
10.7406,
10.7416,
10.7426,
10.7436,
10.7446,
10.7456,
10.7466,
10.7476,
10.7485,
10.7495,
10.7505,
10.7515,
10.7525,
10.7535,
10.7545,
10.7555,
10.7565,
10.7575,
10.7585,
10.7595,
10.7605,
10.7615,
10.7626,
10.7636,
10.7646,
10.7656,
10.7666,
10.7676,
10.7686,
10.7697,
10.7707,
10.7717,
10.7727,
10.7736,
10.7746,
10.7756,
10.7766,
10.7775,
10.7785,
10.7795,
10.7805,
10.7815,
10.7825,
10.7835,
10.7845,
10.7855,
10.7865,
10.7875,
10.7885,
10.7895,
10.7905,
10.7916,
10.7925,
10.7936,
10.7946,
10.7956,
10.7966,
10.7976,
10.7986,
10.7996,
10.8006,
10.8016,
10.8026,
10.8036,
10.8045,
10.8056,
10.8065,
10.8076,
10.8086,
10.8096,
10.8106,
10.8116,
10.8126,
10.8136,
10.8146,
10.8156,
10.8166,
10.8176,
10.8186,
10.8196,
10.8205,
10.8216,
10.8226,
10.8235,
10.8245,
10.8256,
10.8265,
10.8275,
10.8285,
10.8295,
10.8305,
10.8315,
10.8325,
10.8335,
10.8345,
10.8355,
10.8365,
10.8375,
10.8385,
10.8395,
10.8405,
10.8415,
10.8425,
10.8435,
10.8445,
10.8455,
10.8465,
10.8475,
10.8485,
10.8495,
10.8505,
10.8515,
10.8525,
10.8535,
10.8545,
10.8555,
10.8565,
10.8575,
10.8585,
10.8595,
10.8605,
10.8615,
10.8625,
10.8635,
10.8645,
10.8655,
10.8665,
10.8675,
10.8685,
10.8695,
10.8705,
10.8715,
10.8725,
10.8735,
10.8745,
10.8755,
10.8765,
10.8775,
10.8785,
10.8795,
10.8805,
10.8815,
10.8825,
10.8835,
10.8845,
10.8855,
10.8865,
10.8875,
10.8885,
10.8895,
10.8905,
10.8915,
10.8925,
10.8935,
10.8945,
10.8955,
10.8965,
10.8975,
10.8985,
10.8995,
10.9005,
10.9015,
10.9025,
10.9035,
10.9045,
10.9056,
10.9066,
10.9075,
10.9085,
10.9095,
10.9105,
10.9115,
10.9125,
10.9135,
10.9145,
10.9155,
10.9165,
10.9175,
10.9185,
10.9195,
10.9206,
10.9215,
10.9225,
10.9235,
10.9245,
10.9256,
10.9265,
10.9276,
10.9285,
10.9295,
10.9305,
10.9315,
10.9325,
10.9335,
10.9345,
10.9355,
10.9365,
10.9376,
10.9386,
10.9396,
10.9406,
10.9416,
10.9426,
10.9436,
10.9446,
10.9456,
10.9466,
10.9476,
10.9486,
10.9496,
10.9505,
10.9515,
10.9525,
10.9536,
10.9546,
10.9556,
10.9566,
10.9576,
10.9586,
10.9596,
10.9606,
10.9616,
10.9626,
10.9636,
10.9646,
10.9656,
10.9666,
10.9675,
10.9685,
10.9695,
10.9705,
10.9715,
10.9725,
10.9735,
10.9745,
10.9755,
10.9765,
10.9775,
10.9785,
10.9795,
10.9805,
10.9815,
10.9825,
10.9835,
10.9845,
10.9855,
10.9865,
10.9875,
10.9885,
10.9895,
10.9905,
10.9915,
10.9925,
10.9935,
10.9945,
10.9955,
10.9965,
10.9975,
10.9985,
10.9995,
11.0005,
11.0015,
11.0025,
11.0035,
11.0045,
11.0055,
11.0065,
11.0075,
11.0085,
11.0095,
11.0105,
11.0115,
11.0125,
11.0135,
11.0145,
11.0155,
11.0165,
11.0175,
11.0185,
11.0195,
11.0205,
11.0215,
11.0225,
11.0235,
11.0245,
11.0255,
11.0265,
11.0275,
11.0285,
11.0295,
11.0305,
11.0315,
11.0325,
11.0335,
11.0345,
11.0355,
11.0365,
11.0375,
11.0385,
11.0395,
11.0405,
11.0415,
11.0425,
11.0435,
11.0445,
11.0455,
11.0465,
11.0475,
11.0485,
11.0495,
11.0505,
11.0515,
11.0525,
11.0535,
11.0545,
11.0555,
11.0565,
11.0575,
11.0585,
11.0595,
11.0605,
11.0615,
11.0625,
11.0635,
11.0645,
11.0655,
11.0665,
11.0675,
11.0685,
11.0695,
11.0705,
11.0715,
11.0725,
11.0735,
11.0745,
11.0755,
11.0765,
11.0775,
11.0785,
11.0795,
11.0805,
11.0815,
11.0825,
11.0835,
11.0845,
11.0855,
11.0865,
11.0875,
11.0885,
11.0895,
11.0905,
11.0915,
11.0925,
11.0935,
11.0945,
11.0955,
11.0965,
11.0975,
11.0985,
11.0995,
11.1005,
11.1015,
11.1025,
11.1035,
11.1045,
11.1055,
11.1065,
11.1075,
11.1085,
11.1095,
11.1105,
11.1115,
11.1125,
11.1135,
11.1145,
11.1155,
11.1165,
11.1175,
11.1185,
11.1195,
11.1205,
11.1215,
11.1225,
11.1235,
11.1245,
11.1255,
11.1265,
11.1275,
11.1285,
11.1295,
11.1305,
11.1315,
11.1325,
11.1335,
11.1345,
11.1355,
11.1365,
11.1375,
11.1385,
11.1395,
11.1405,
11.1415,
11.1425,
11.1435,
11.1445,
11.1455,
11.1465,
11.1475,
11.1485,
11.1495,
11.1505,
11.1515,
11.1525,
11.1536,
11.1545,
11.1555,
11.1565,
11.1575,
11.1585,
11.1595,
11.1605,
11.1615,
11.1625,
11.1635,
11.1645,
11.1655,
11.1665,
11.1675,
11.1685,
11.1695,
11.1705,
11.1715,
11.1725,
11.1735,
11.1745,
11.1755,
11.1765,
11.1775,
11.1785,
11.1795,
11.1805,
11.1815,
11.1825,
11.1835,
11.1845,
11.1855,
11.1865,
11.1875,
11.1885,
11.1895,
11.1905,
11.1915,
11.1925,
11.1935,
11.1945,
11.1955,
11.1965,
11.1975,
11.1985,
11.1995,
11.2005,
11.2015,
11.2025,
11.2035,
11.2045,
11.2055,
11.2065,
11.2075,
11.2085,
11.2095,
11.2105,
11.2115,
11.2125,
11.2135,
11.2145,
11.2155,
11.2165,
11.2175,
11.2185,
11.2195,
11.2205,
11.2215,
11.2225,
11.2235,
11.2245,
11.2255,
11.2265,
11.2275,
11.2285,
11.2295,
11.2305,
11.2315,
11.2325,
11.2335,
11.2345,
11.2355,
11.2365,
11.2375,
11.2385,
11.2395,
11.2405,
11.2415,
11.2425,
11.2435,
11.2445,
11.2455,
11.2465,
11.2475,
11.2485,
11.2495,
11.2505,
11.2515,
11.2525,
11.2535,
11.2545,
11.2555,
11.2565,
11.2575,
11.2585,
11.2595,
11.2605,
11.2615,
11.2625,
11.2635,
11.2645,
11.2655,
11.2665,
11.2675,
11.2685,
11.2695,
11.2705,
11.2715,
11.2725,
11.2735,
11.2745,
11.2755,
11.2765,
11.2775,
11.2785,
11.2795,
11.2805,
11.2815,
11.2825,
11.2835,
11.2845,
11.2855,
11.2865,
11.2875,
11.2885,
11.2895,
11.2905,
11.2915,
11.2925,
11.2935,
11.2945,
11.2955,
11.2965,
11.2975,
11.2985,
11.2995,
11.3005,
11.3015,
11.3025,
11.3035,
11.3045,
11.3055,
11.3065,
11.3075,
11.3085,
11.3095,
11.3105,
11.3115,
11.3125,
11.3135,
11.3145,
11.3155,
11.3165,
11.3175,
11.3185,
11.3195,
11.3205,
11.3215,
11.3227,
11.3235,
11.3245,
11.3255,
11.3265,
11.3275,
11.3285,
11.3295,
11.3305,
11.3315,
11.3325,
11.3335,
11.3345,
11.3355,
11.3365,
11.3375,
11.3385,
11.3395,
11.3405,
11.3415,
11.3425,
11.3435,
11.3445,
11.3455,
11.3465,
11.3475,
11.3485,
11.3496,
11.3505,
11.3516,
11.3525,
11.3535,
11.3545,
11.3555,
11.3565,
11.3575,
11.3585,
11.3595,
11.3605,
11.3615,
11.3625,
11.3635,
11.3645,
11.3655,
11.3665,
11.3675,
11.3685,
11.3695,
11.3705,
11.3715,
11.3725,
11.3735,
11.3745,
11.3755,
11.3765,
11.3775,
11.3785,
11.3795,
11.3806,
11.3815,
11.3825,
11.3835,
11.3845,
11.3855,
11.3865,
11.3875,
11.3885,
11.3895,
11.3905,
11.3915,
11.3925,
11.3935,
11.3945,
11.3955,
11.3965,
11.3975,
11.3985,
11.3995,
11.4005,
11.4015,
11.4025,
11.4035,
11.4045,
11.4055,
11.4065,
11.4075,
11.4085,
11.4095,
11.4105,
11.4115,
11.4125,
11.4135,
11.4145,
11.4155,
11.4165,
11.4175,
11.4185,
11.4195,
11.4205,
11.4215,
11.4225,
11.4235,
11.4246,
11.4256,
11.4266,
11.4275,
11.4286,
11.4295,
11.4306,
11.4316,
11.4326,
11.4336,
11.4345,
11.4355,
11.4365,
11.4376,
11.4385,
11.4395,
11.4405,
11.4415,
11.4425,
11.4435,
11.4445,
11.4455,
11.4465,
11.4475,
11.4485,
11.4495,
11.4505,
11.4515,
11.4525,
11.4535,
11.4545,
11.4555,
11.4565,
11.4575,
11.4585,
11.4595,
11.4605,
11.4615,
11.4625,
11.4635,
11.4645,
11.4655,
11.4665,
11.4675,
11.4685,
11.4696,
11.4705,
11.4715,
11.4726,
11.4736,
11.4746,
11.4756,
11.4765,
11.4775,
11.4785,
11.48,
11.4806,
11.4816,
11.4826,
11.4836,
11.4846,
11.4856,
11.4866,
11.4876,
11.4885,
11.4895,
11.4905,
11.4915,
11.4925,
11.4935,
11.4945,
11.4955,
11.4966,
11.4975,
11.4985,
11.4995,
11.5005,
11.5015,
11.5025,
11.5035,
11.5045,
11.5055,
11.5065,
11.5075,
11.5085,
11.5095,
11.5105,
11.5115,
11.5126,
11.5136,
11.5146,
11.5156,
11.5166,
11.5176,
11.5186,
11.5196,
11.5206,
11.5216,
11.5227,
11.5236,
11.5246,
11.5256,
11.5266,
11.5276,
11.5286,
11.5295,
11.5305,
11.5315,
11.5325,
11.5335,
11.5345,
11.5356,
11.5365,
11.5376,
11.5385,
11.5395,
11.5405,
11.5415,
11.5425,
11.5436,
11.5445,
11.5455,
11.5465,
11.5475,
11.5485,
11.5495,
11.5505,
11.5515,
11.5525,
11.5535,
11.5545,
11.5555,
11.5565,
11.5575,
11.5585,
11.5595,
11.5605,
11.5615,
11.5625,
11.5635,
11.5645,
11.5655,
11.5665,
11.5675,
11.5685,
11.5695,
11.5705,
11.5715,
11.5725,
11.5735,
11.5745,
11.5755,
11.5765,
11.5775,
11.5785,
11.5795,
11.5805,
11.5815,
11.5825,
11.5835,
11.5845,
11.5855,
11.5865,
11.5875,
11.5885,
11.5895,
11.5905,
11.5915,
11.5925,
11.5935,
11.5945,
11.5955,
11.5965,
11.5975,
11.5985,
11.5995,
11.6005,
11.6015,
11.6025,
11.6035,
11.6045,
11.6055,
11.6065,
11.6075,
11.6085,
11.6095,
11.6105,
11.6115,
11.6125,
11.6135,
11.6145,
11.6155,
11.6165,
11.6175,
11.6185,
11.6195,
11.6205,
11.6215,
11.6225,
11.6235,
11.6245,
11.6255,
11.6265,
11.6275,
11.6285,
11.6295,
11.6305,
11.6315,
11.6325,
11.6335,
11.6345,
11.6355,
11.6365,
11.6375,
11.6385,
11.6395,
11.6405,
11.6415,
11.6425,
11.6435,
11.6445,
11.6455,
11.6465,
11.6475,
11.6485,
11.6495,
11.6505,
11.6515,
11.6525,
11.6535,
11.6545,
11.6555,
11.6565,
11.6575,
11.6585,
11.6595,
11.6605,
11.6615,
11.6625,
11.6635,
11.6645,
11.6655,
11.6665,
11.6675,
11.6685,
11.6695,
11.6705,
11.6715,
11.6725,
11.6735,
11.6745,
11.6755,
11.6765,
11.6775,
11.6785,
11.6795,
11.6805,
11.6815,
11.6825,
11.6835,
11.6845,
11.6855,
11.6865,
11.6875,
11.6885,
11.6895,
11.6905,
11.6915,
11.6925,
11.6935,
11.6945,
11.6955,
11.6965,
11.6975,
11.6985,
11.6995,
11.7005,
11.7015,
11.7025,
11.7035,
11.7045,
11.7055,
11.7065,
11.7075,
11.7085,
11.7095,
11.7105,
11.7115,
11.7125,
11.7135,
11.7145,
11.7155,
11.7165,
11.7175,
11.7185,
11.7195,
11.7205,
11.7215,
11.7225,
11.7235,
11.7245,
11.7255,
11.7265,
11.7275,
11.7285,
11.7295,
11.7305,
11.7315,
11.7325,
11.7335,
11.7345,
11.7355,
11.7365,
11.7375,
11.7385,
11.7395,
11.7405,
11.7415,
11.7425,
11.7435,
11.7445,
11.7455,
11.7465,
11.7475,
11.7485,
11.7495,
11.7505,
11.7515,
11.7525,
11.7535,
11.7545,
11.7555,
11.7565,
11.7575,
11.7585,
11.7595,
11.7605,
11.7615,
11.7625,
11.7635,
11.7645,
11.7655,
11.7665,
11.7675,
11.7685,
11.7696,
11.7706,
11.7715,
11.7726,
11.7736,
11.7745,
11.7755,
11.7766,
11.7776,
11.7785,
11.7795,
11.7805,
11.7815,
11.7825,
11.7835,
11.7845,
11.7855,
11.7865,
11.7875,
11.7885,
11.7895,
11.7905,
11.7915,
11.7925,
11.7935,
11.7945,
11.7955,
11.7965,
11.7975,
11.7985,
11.7995,
11.8005,
11.8015,
11.8025,
11.8035,
11.8045,
11.8055,
11.8065,
11.8075,
11.8085,
11.8095,
11.8105,
11.8115,
11.8125,
11.8135,
11.8145,
11.8155,
11.8165,
11.8175,
11.8185,
11.8196,
11.8205,
11.8216,
11.8225,
11.8235,
11.8245,
11.8255,
11.8265,
11.8275,
11.8285,
11.8295,
11.8305,
11.8315,
11.8325,
11.8335,
11.8345,
11.8355,
11.8365,
11.8375,
11.8385,
11.8395,
11.8405,
11.8415,
11.8425,
11.8435,
11.8445,
11.8455,
11.8465,
11.8475,
11.8485,
11.8495,
11.8505,
11.8515,
11.8525,
11.8535,
11.8545,
11.8555,
11.8565,
11.8575,
11.8585,
11.8595,
11.8605,
11.8615,
11.8625,
11.8635,
11.8645,
11.8655,
11.8665,
11.8675,
11.8685,
11.8695,
11.8705,
11.8715,
11.8725,
11.8735,
11.8745,
11.8755,
11.8765,
11.8775,
11.8785,
11.8795,
11.8805,
11.8815,
11.8825,
11.8835,
11.8845,
11.8855,
11.8865,
11.8875,
11.8885,
11.8895,
11.8905,
11.8915,
11.8925,
11.8935,
11.8945,
11.8955,
11.8965,
11.8975,
11.8985,
11.8995,
11.9005,
11.9015,
11.9025,
11.9035,
11.9045,
11.9055,
11.9065,
11.9075,
11.9085,
11.9095,
11.9105,
11.9115,
11.9125,
11.9135,
11.9145,
11.9155,
11.9165,
11.9175,
11.9185,
11.9195,
11.9205,
11.9215,
11.9225,
11.9235,
11.9245,
11.9255,
11.9265,
11.9275,
11.9285,
11.9295,
11.9305,
11.9315,
11.9325,
11.9335,
11.9345,
11.9355,
11.9365,
11.9375,
11.9385,
11.9395,
11.9405,
11.9415,
11.9425,
11.9435,
11.9445,
11.9455,
11.9465,
11.9475,
11.9485,
11.9495,
11.9505,
11.9515,
11.9525,
11.9535,
11.9545,
11.9555,
11.9565,
11.9575,
11.9585,
11.9595,
11.9605,
11.9615,
11.9625,
11.9635,
11.9645,
11.9655,
11.9665,
11.9675,
11.9685,
11.9695,
11.9705,
11.9715,
11.9725,
11.9735,
11.9745,
11.9755,
11.9765,
11.9775,
11.9786,
11.9795,
11.9805,
11.9815,
11.9825,
11.9835,
11.9845,
11.9855,
11.9865,
11.9875,
11.9885,
11.9895,
11.9905,
11.9915,
11.9925,
11.9935,
11.9945,
11.9955,
11.9965,
11.9975,
11.9985,
11.9995,
12.0005,
12.0015,
12.0025,
12.0035,
12.0045,
12.0055,
12.0065,
12.0075,
12.0085,
12.0095,
12.0105,
12.0115,
12.0125,
12.0135,
12.0145,
12.0155,
12.0165,
12.0175,
12.0185,
12.0195,
12.0205,
12.0215,
12.0225,
12.0235,
12.0245,
12.0255,
12.0265,
12.0275,
12.0285,
12.0295,
12.0305,
12.0315,
12.0325,
12.0335,
12.0345,
12.0355,
12.0365,
12.0375,
12.0385,
12.0395,
12.0405,
12.0415,
12.0425,
12.0435,
12.0445,
12.0455,
12.0465,
12.0475,
12.0485,
12.0495,
12.0505,
12.0515,
12.0525,
12.0535,
12.0545,
12.0555,
12.0565,
12.0575,
12.0585,
12.0595,
12.0605,
12.0615,
12.0625,
12.0635,
12.0645,
12.0655,
12.0665,
12.0675,
12.0685,
12.0695,
12.0705,
12.0715,
12.0725,
12.0735,
12.0745,
12.0755,
12.0765,
12.0775,
12.0785,
12.0795,
12.0805,
12.0815,
12.0825,
12.0835,
12.0845,
12.0855,
12.0865,
12.0875,
12.0885,
12.0895,
12.0905,
12.0915,
12.0925,
12.0935,
12.0945,
12.0955,
12.0966,
12.0975,
12.0985,
12.0995,
12.1005,
12.1015,
12.1025,
12.1035,
12.1045,
12.1055,
12.1065,
12.1075,
12.1085,
12.1095,
12.1105,
12.1115,
12.1125,
12.1135,
12.1145,
12.1155,
12.1165,
12.1175,
12.1185,
12.1195,
12.1205,
12.1215,
12.1225,
12.1235,
12.1245,
12.1255,
12.1265,
12.1275,
12.1285,
12.1295,
12.1305,
12.1315,
12.1325,
12.1335,
12.1345,
12.1355,
12.1365,
12.1375,
12.1385,
12.1395,
12.1405,
12.1415,
12.1425,
12.1435,
12.1445,
12.1455,
12.1466,
12.1475,
12.1485,
12.1495,
12.1505,
12.1515,
12.1525,
12.1535,
12.1545,
12.1555,
12.1565,
12.1575,
12.1585,
12.1595,
12.1605,
12.1615,
12.1625,
12.1635,
12.1645,
12.1655,
12.1665,
12.1675,
12.1685,
12.1695,
12.1705,
12.1715,
12.1725,
12.1735,
12.1745,
12.1755,
12.1765,
12.1775,
12.1785,
12.1795,
12.1805,
12.1815,
12.1825,
12.1835,
12.1845,
12.1855,
12.1865,
12.1875,
12.1885,
12.1895,
12.1905,
12.1915,
12.1925,
12.1935,
12.1945,
12.1955,
12.1966,
12.1975,
12.1985,
12.1995,
12.2005,
12.2015,
12.2025,
12.2035,
12.2045,
12.2055,
12.2065,
12.2075,
12.2085,
12.2095,
12.2105,
12.2115,
12.2125,
12.2135,
12.2145,
12.2155,
12.2165,
12.2175,
12.2185,
12.2195,
12.2205,
12.2215,
12.2225,
12.2235,
12.2245,
12.2255,
12.2265,
12.2275,
12.2285,
12.2295,
12.2305,
12.2315,
12.2325,
12.2335,
12.2345,
12.2355,
12.2365,
12.2375,
12.2385,
12.2395,
12.2405,
12.2415,
12.2425,
12.2435,
12.2445,
12.2455,
12.2465,
12.2475,
12.2485,
12.2495,
12.2505,
12.2516,
12.2525,
12.2535,
12.2545,
12.2555,
12.2565,
12.2575,
12.2585,
12.2595,
12.2605,
12.2615,
12.2625,
12.2635,
12.2645,
12.2655,
12.2665,
12.2675,
12.2685,
12.2695,
12.2705,
12.2715,
12.2726,
12.2735,
12.2746,
12.2756,
12.2766,
12.2775,
12.2786,
12.2795,
12.2805,
12.2815,
12.2825,
12.2835,
12.2845,
12.2855,
12.2865,
12.2875,
12.2885,
12.2895,
12.2905,
12.2915,
12.2925,
12.2935,
12.2945,
12.2955,
12.2967,
12.2975,
12.2985,
12.2995,
12.3005,
12.3015,
12.3025,
12.3035,
12.3045,
12.3055,
12.3065,
12.3075,
12.3085,
12.3095,
12.3105,
12.3115,
12.3125,
12.3135,
12.3145,
12.3155,
12.3166,
12.3175,
12.3186,
12.3196,
12.3208,
12.3216,
12.3225,
12.3235,
12.3246,
12.3255,
12.3265,
12.3275,
12.3285,
12.3295,
12.3305,
12.3315,
12.3325,
12.3335,
12.3345,
12.3355,
12.3365,
12.3375,
12.3385,
12.3395,
12.3405,
12.3415,
12.3425,
12.3435,
12.3445,
12.3455,
12.3466,
12.3476,
12.3486,
12.3496,
12.3506,
12.3516,
12.3526,
12.3536,
12.3546,
12.3556,
12.3566,
12.3576,
12.3586,
12.3596,
12.3606,
12.3616,
12.3626,
12.3636,
12.3646,
12.3656,
12.3666,
12.3676,
12.3685,
12.3695,
12.3705,
12.3715,
12.3725,
12.3735,
12.3745,
12.3755,
12.3765,
12.3775,
12.3785,
12.3795,
12.3805,
12.3815,
12.3825,
12.3835,
12.3845,
12.3855,
12.3865,
12.3875,
12.3885,
12.3895,
12.3905,
12.3915,
12.3925,
12.3935,
12.3945,
12.3955,
12.3965,
12.3975,
12.3985,
12.3995,
12.4005,
12.4015,
12.4025,
12.4035,
12.4045,
12.4055,
12.4065,
12.4075,
12.4085,
12.4095,
12.4105,
12.4115,
12.4125,
12.4135,
12.4145,
12.4155,
12.4165,
12.4175,
12.4185,
12.4195,
12.4205,
12.4215,
12.4225,
12.4235,
12.4245,
12.4255,
12.4265,
12.4275,
12.4285,
12.4295,
12.4305,
12.4315,
12.4325,
12.4335,
12.4345,
12.4355,
12.4365,
12.4375,
12.4385,
12.4395,
12.4405,
12.4415,
12.4425,
12.4435,
12.4445,
12.4455,
12.4465,
12.4475,
12.4485,
12.4495,
12.4505,
12.4515,
12.4525,
12.4535,
12.4545,
12.4555,
12.4565,
12.4575,
12.4585,
12.4595,
12.4605,
12.4615,
12.4625,
12.4635,
12.4645,
12.4655,
12.4665,
12.4675,
12.4685,
12.4695,
12.4705,
12.4715,
12.4725,
12.4735,
12.4745,
12.4755,
12.4765,
12.4775,
12.4785,
12.4796,
12.4806,
12.4815,
12.4826,
12.4836,
12.4845,
12.4855,
12.4865,
12.4875,
12.4886,
12.4896,
12.4906,
12.4916,
12.4926,
12.4936,
12.4946,
12.4955,
12.4965,
12.4975,
12.4985,
12.4995,
12.5005,
12.5015,
12.5025,
12.5035,
12.5045,
12.5055,
12.5065,
12.5075,
12.5085,
12.5095,
12.5105,
12.5115,
12.5125,
12.5136,
12.5146,
12.5156,
12.5166,
12.5176,
12.5186,
12.5196,
12.5205,
12.5215,
12.5225,
12.5235,
12.5245,
12.5255,
12.5265,
12.5275,
12.5285,
12.5295,
12.5305,
12.5315,
12.5325,
12.5335,
12.5345,
12.5355,
12.5365,
12.5375,
12.5385,
12.5395,
12.5406,
12.5416,
12.5425,
12.5435,
12.5445,
12.5455,
12.5465,
12.5475,
12.5485,
12.5495,
12.5505,
12.5515,
12.5525,
12.5535,
12.5545,
12.5555,
12.5565,
12.5575,
12.5585,
12.5595,
12.5605,
12.5615,
12.5625,
12.5635,
12.5645,
12.5655,
12.5665,
12.5675,
12.5685,
12.5695,
12.5705,
12.5715,
12.5725,
12.5736,
12.5745,
12.5755,
12.5765,
12.5775,
12.5785,
12.5796,
12.5806,
12.5816,
12.5826,
12.5835,
12.5845,
12.5855,
12.5865,
12.5875,
12.5885,
12.5895,
12.5905,
12.5915,
12.5925,
12.5935,
12.5945,
12.5955,
12.5965,
12.5975,
12.5985,
12.5995,
12.6005,
12.6015,
12.6025,
12.6035,
12.6045,
12.6055,
12.6065,
12.6076,
12.6085,
12.6095,
12.6105,
12.6115,
12.6125,
12.6135,
12.6145,
12.6155,
12.6165,
12.6175,
12.6186,
12.6195,
12.6205,
12.6215,
12.6226,
12.6235,
12.6245,
12.6255,
12.6265,
12.6275,
12.6285,
12.6295,
12.6305,
12.6315,
12.6325,
12.6335,
12.6345,
12.6355,
12.6365,
12.6375,
12.6385,
12.6395,
12.6405,
12.6415,
12.6425,
12.6435,
12.6445,
12.6455,
12.6465,
12.6475,
12.6485,
12.6495,
12.6505,
12.6515,
12.6525,
12.6535,
12.6545,
12.6555,
12.6565,
12.6576,
12.6585,
12.6595,
12.6605,
12.6615,
12.6625,
12.6635,
12.6645,
12.6655,
12.6665,
12.6675,
12.6685,
12.6695,
12.6705,
12.6715,
12.6725,
12.6735,
12.6745,
12.6755,
12.6765,
12.6775,
12.6785,
12.6795,
12.6805,
12.6815,
12.6825,
12.6835,
12.6845,
12.6855,
12.6865,
12.6875,
12.6885,
12.6895,
12.6905,
12.6915,
12.6925,
12.6935,
12.6945,
12.6955,
12.6965,
12.6975,
12.6985,
12.6995,
12.7005,
12.7015,
12.7025,
12.7035,
12.7045,
12.7055,
12.7065,
12.7075,
12.7085,
12.7095,
12.7105,
12.7115,
12.7125,
12.7135,
12.7145,
12.7155,
12.7165,
12.7175,
12.7185,
12.7195,
12.7205,
12.7215,
12.7225,
12.7235,
12.7245,
12.7255,
12.7265,
12.7275,
12.7285,
12.7295,
12.7305,
12.7315,
12.7325,
12.7335,
12.7345,
12.7355,
12.7365,
12.7375,
12.7385,
12.7395,
12.7405,
12.7415,
12.7425,
12.7435,
12.7445,
12.7455,
12.7465,
12.7475,
12.7485,
12.7495,
12.7505,
12.7515,
12.7525,
12.7535,
12.7545,
12.7555,
12.7565,
12.7575,
12.7585,
12.7595,
12.7605,
12.7615,
12.7625,
12.7635,
12.7645,
12.7655,
12.7665,
12.7675,
12.7685,
12.7695,
12.7705,
12.7715,
12.7725,
12.7735,
12.7745,
12.7755,
12.7765,
12.7775,
12.7785,
12.7795,
12.7805,
12.7815,
12.7825,
12.7835,
12.7845,
12.7855,
12.7865,
12.7875,
12.7885,
12.7895,
12.7905,
12.7915,
12.7925,
12.7935,
12.7945,
12.7955,
12.7965,
12.7975,
12.7985,
12.7995,
12.8005,
12.8015,
12.8025,
12.8035,
12.8045,
12.8055,
12.8065,
12.8075,
12.8085,
12.8095,
12.8105,
12.8115,
12.8125,
12.8135,
12.8145,
12.8155,
12.8165,
12.8175,
12.8185,
12.8195,
12.8205,
12.8215,
12.8225,
12.8235,
12.8245,
12.8255,
12.8265,
12.8275,
12.8285,
12.8295,
12.8305,
12.8315,
12.8325,
12.8335,
12.8345,
12.8355,
12.8365,
12.8375,
12.8385,
12.8395,
12.8405,
12.8415,
12.8425,
12.8435,
12.8445,
12.8455,
12.8465,
12.8475,
12.8485,
12.8495,
12.8505,
12.8515,
12.8525,
12.8535,
12.8545,
12.8555,
12.8565,
12.8575,
12.8585,
12.8595,
12.8605,
12.8615,
12.8625,
12.8635,
12.8645,
12.8655,
12.8665,
12.8675,
12.8685,
12.8695,
12.8705,
12.8715,
12.8725,
12.8735,
12.8745,
12.8755,
12.8765,
12.8775,
12.8785,
12.8795,
12.8805,
12.8815,
12.8825,
12.8835,
12.8845,
12.8855,
12.8865,
12.8875,
12.8885,
12.8895,
12.8905,
12.8915,
12.8925,
12.8935,
12.8945,
12.8955,
12.8965,
12.8975,
12.8985,
12.8995,
12.9005,
12.9015,
12.9025,
12.9035,
12.9045,
12.9055,
12.9065,
12.9075,
12.9085,
12.9095,
12.9105,
12.9115,
12.9125,
12.9135,
12.9145,
12.9155,
12.9165,
12.9175,
12.9185,
12.9195,
12.9205,
12.9215,
12.9225,
12.9235,
12.9245,
12.9255,
12.9265,
12.9275,
12.9285,
12.9295,
12.9305,
12.9315,
12.9325,
12.9335,
12.9345,
12.9355,
12.9365,
12.9375,
12.9385,
12.9395,
12.9405,
12.9415,
12.9425,
12.9435,
12.9445,
12.9455,
12.9465,
12.9475,
12.9485,
12.9495,
12.9505,
12.9515,
12.9525,
12.9535,
12.9545,
12.9555,
12.9565,
12.9575,
12.9585,
12.9595,
12.9606,
12.9615,
12.9625,
12.9635,
12.9645,
12.9655,
12.9665,
12.9675,
12.9685,
12.9695,
12.9705,
12.9715,
12.9725,
12.9735,
12.9745,
12.9755,
12.9765,
12.9775,
12.9785,
12.9795,
12.9805,
12.9815,
12.9825,
12.9835,
12.9845,
12.9855,
12.9865,
12.9875,
12.9885,
12.9895,
12.9905,
12.9915,
12.9925,
12.9935,
12.9945,
12.9955,
12.9965,
12.9975,
12.9985,
12.9995,
13.0005,
13.0015,
13.0025,
13.0035,
13.0045,
13.0055,
13.0065,
13.0075,
13.0085,
13.0095,
13.0105,
13.0115,
13.0125,
13.0135,
13.0145,
13.0155,
13.0165,
13.0175,
13.0185,
13.0195,
13.0205,
13.0215,
13.0225,
13.0235,
13.0245,
13.0255,
13.0265,
13.0275,
13.0285,
13.0295,
13.0305,
13.0315,
13.0325,
13.0335,
13.0345,
13.0355,
13.0365,
13.0375,
13.0385,
13.0395,
13.0405,
13.0415,
13.0425,
13.0435,
13.0445,
13.0455,
13.0465,
13.0475,
13.0485,
13.0495,
13.0505,
13.0515,
13.0525,
13.0535,
13.0545,
13.0555,
13.0565,
13.0575,
13.0585,
13.0595,
13.0605,
13.0615,
13.0625,
13.0635,
13.0645,
13.0655,
13.0665,
13.0675,
13.0685,
13.0695,
13.0705,
13.0715,
13.0725,
13.0735,
13.0745,
13.0755,
13.0765,
13.0775,
13.0785,
13.0795,
13.0805,
13.0815,
13.0825,
13.0835,
13.0845,
13.0855,
13.0865,
13.0875,
13.0885,
13.0895,
13.0905,
13.0915,
13.0925,
13.0935,
13.0945,
13.0955,
13.0965,
13.0975,
13.0985,
13.0995,
13.1005,
13.1015,
13.1025,
13.1035,
13.1045,
13.1055,
13.1065,
13.1075,
13.1085,
13.1095,
13.1105,
13.1115,
13.1125,
13.1135,
13.1145,
13.1155,
13.1165,
13.1175,
13.1185,
13.1195,
13.1205,
13.1215,
13.1225,
13.1235,
13.1245,
13.1255,
13.1265,
13.1275,
13.1285,
13.1295,
13.1305,
13.1315,
13.1325,
13.1335,
13.1345,
13.1355,
13.1365,
13.1375,
13.1385,
13.1395,
13.1405,
13.1415,
13.1425,
13.1435,
13.1445,
13.1455,
13.1465,
13.1475,
13.1485,
13.1495,
13.1505,
13.1515,
13.1525,
13.1535,
13.1545,
13.1555,
13.1565,
13.1575,
13.1585,
13.1595,
13.1605,
13.1615,
13.1625,
13.1635,
13.1645,
13.1655,
13.1665,
13.1675,
13.1685,
13.1695,
13.1705,
13.1715,
13.1725,
13.1735,
13.1745,
13.1755,
13.1765,
13.1775,
13.1785,
13.1795,
13.1805,
13.1815,
13.1825,
13.1836,
13.1845,
13.1856,
13.1865,
13.1875,
13.1885,
13.1895,
13.1905,
13.1915,
13.1925,
13.1935,
13.1945,
13.1955,
13.1965,
13.1975,
13.1985,
13.1995,
13.2005,
13.2015,
13.2025,
13.2035,
13.2045,
13.2055,
13.2065,
13.2075,
13.2085,
13.2095,
13.2105,
13.2115,
13.2125,
13.2135,
13.2145,
13.2155,
13.2165,
13.2175,
13.2185,
13.2195,
13.2205,
13.2215,
13.2225,
13.2235,
13.2245,
13.2255,
13.2265,
13.2275,
13.2285,
13.2295,
13.2305,
13.2315,
13.2325,
13.2335,
13.2345,
13.2355,
13.2365,
13.2375,
13.2385,
13.2395,
13.2405,
13.2415,
13.2425,
13.2435,
13.2445,
13.2455,
13.2465,
13.2476,
13.2486,
13.2495,
13.2505,
13.2515,
13.2525,
13.2535,
13.2545,
13.2555,
13.2565,
13.2575,
13.2585,
13.2595,
13.2605,
13.2615,
13.2625,
13.2635,
13.2645,
13.2655,
13.2665,
13.2675,
13.2685,
13.2695,
13.2706,
13.2716,
13.2726,
13.2735,
13.2745,
13.2755,
13.2766,
13.2775,
13.2785,
13.2795,
13.2806,
13.2816,
13.2825,
13.2835,
13.2845,
13.2855,
13.2865,
13.2875,
13.2886,
13.2895,
13.2905,
13.2915,
13.2925,
13.2935,
13.2945,
13.2955,
13.2965,
13.2975,
13.2985,
13.2995,
13.3005,
13.3015,
13.3025,
13.3035,
13.3045,
13.3055,
13.3065,
13.3075,
13.3085,
13.3095,
13.3105,
13.3115,
13.3125,
13.3135,
13.3145,
13.3155,
13.3165,
13.3175,
13.3185,
13.3195,
13.3205,
13.3215,
13.3225,
13.3235,
13.3245,
13.3255,
13.3265,
13.3275,
13.3285,
13.3295,
13.3306,
13.3316,
13.3326,
13.3336,
13.3346,
13.3356,
13.3366,
13.3376,
13.3386,
13.3396,
13.3406,
13.3416,
13.3426,
13.3436,
13.3446,
13.3455,
13.3466,
13.3475,
13.3485,
13.3495,
13.3505,
13.3515,
13.3525,
13.3535,
13.3545,
13.3555,
13.3565,
13.3575,
13.3585,
13.3595,
13.3605,
13.3615,
13.3625,
13.3635,
13.3645,
13.3655,
13.3665,
13.3675,
13.3685,
13.3695,
13.3705,
13.3715,
13.3725,
13.3735,
13.3745,
13.3755,
13.3765,
13.3775,
13.3785,
13.3795,
13.3805,
13.3815,
13.3825,
13.3835,
13.3845,
13.3855,
13.3865,
13.3875,
13.3885,
13.3895,
13.3905,
13.3915,
13.3925,
13.3935,
13.3945,
13.3955,
13.3965,
13.3975,
13.3985,
13.3995,
13.4005,
13.4015,
13.4025,
13.4035,
13.4045,
13.4055,
13.4065,
13.4075,
13.4085,
13.4095,
13.4105,
13.4115,
13.4125,
13.4135,
13.4145,
13.4155,
13.4165,
13.4175,
13.4185,
13.4195,
13.4205,
13.4215,
13.4225,
13.4235,
13.4245,
13.4255,
13.4265,
13.4276,
13.4286,
13.4296,
13.4306,
13.4316,
13.4326,
13.4336,
13.4346,
13.4355,
13.4366,
13.4375,
13.4385,
13.4395,
13.4405,
13.4415,
13.4425,
13.4435,
13.4445,
13.4455,
13.4465,
13.4476,
13.4486,
13.4496,
13.4506,
13.4516,
13.4526,
13.4536,
13.4545,
13.4555,
13.4565,
13.4575,
13.4585,
13.4595,
13.4605,
13.4616,
13.4626,
13.4636,
13.4646,
13.4656,
13.4666,
13.4676,
13.4686,
13.4696,
13.4706,
13.4716,
13.4726,
13.4735,
13.4745,
13.4755,
13.4765,
13.4775,
13.4785,
13.4795,
13.4805,
13.4815,
13.4825,
13.4835,
13.4845,
13.4855,
13.4865,
13.4875,
13.4885,
13.4895,
13.4905,
13.4915,
13.4925,
13.4935,
13.4945,
13.4955,
13.4965,
13.4975,
13.4985,
13.4995,
13.5005,
13.5015,
13.5025,
13.5035,
13.5045,
13.5055,
13.5065,
13.5075,
13.5085,
13.5095,
13.5105,
13.5115,
13.5125,
13.5135,
13.5145,
13.5155,
13.5165,
13.5175,
13.5185,
13.5195,
13.5205,
13.5215,
13.5225,
13.5235,
13.5245,
13.5255,
13.5265,
13.5275,
13.5285,
13.5295,
13.5305,
13.5315,
13.5325,
13.5335,
13.5345,
13.5355,
13.5365,
13.5375,
13.5385,
13.5395,
13.5405,
13.5415,
13.5425,
13.5435,
13.5445,
13.5455,
13.5465,
13.5475,
13.5485,
13.5495,
13.5505,
13.5515,
13.5525,
13.5535,
13.5545,
13.5555,
13.5565,
13.5575,
13.5585,
13.5595,
13.5605,
13.5615,
13.5625,
13.5635,
13.5645,
13.5655,
13.5665,
13.5675,
13.5685,
13.5695,
13.5705,
13.5715,
13.5725,
13.5735,
13.5745,
13.5755,
13.5765,
13.5775,
13.5785,
13.5795,
13.5805,
13.5815,
13.5825,
13.5835,
13.5845,
13.5855,
13.5865,
13.5875,
13.5885,
13.5895,
13.5905,
13.5915,
13.5925,
13.5935,
13.5945,
13.5955,
13.5965,
13.5975,
13.5985,
13.5995,
13.6005,
13.6015,
13.6025,
13.6035,
13.6045,
13.6055,
13.6065,
13.6075,
13.6085,
13.6095,
13.6105,
13.6115,
13.6125,
13.6135,
13.6145,
13.6155,
13.6165,
13.6175,
13.6185,
13.6195,
13.6205,
13.6215,
13.6225,
13.6235,
13.6245,
13.6255,
13.6265,
13.6275,
13.6285,
13.6295,
13.6305,
13.6315,
13.6325,
13.6335,
13.6345,
13.6355,
13.6365,
13.6375,
13.6385,
13.6395,
13.6405,
13.6415,
13.6425,
13.6435,
13.6445,
13.6456,
13.6465,
13.6476,
13.6485,
13.6495,
13.6505,
13.6515,
13.6525,
13.6535,
13.6545,
13.6555,
13.6565,
13.6575,
13.6585,
13.6595,
13.6605,
13.6615,
13.6625,
13.6635,
13.6645,
13.6655,
13.6665,
13.6675,
13.6685,
13.6695,
13.6705,
13.6715,
13.6725,
13.6735,
13.6745,
13.6755,
13.6765,
13.6775,
13.6785,
13.6795,
13.6805,
13.6815,
13.6825,
13.6835,
13.6845,
13.6855,
13.6865,
13.6875,
13.6885,
13.6895,
13.6905,
13.6915,
13.6925,
13.6935,
13.6945,
13.6955,
13.6965,
13.6975,
13.6985,
13.6995,
13.7005,
13.7015,
13.7025,
13.7035,
13.7045,
13.7055,
13.7065,
13.7075,
13.7085,
13.7095,
13.7105,
13.7115,
13.7125,
13.7135,
13.7145,
13.7155,
13.7165,
13.7175,
13.7185,
13.7195,
13.7205,
13.7215,
13.7225,
13.7235,
13.7245,
13.7255,
13.7265,
13.7275,
13.7285,
13.7295,
13.7305,
13.7315,
13.7325,
13.7335,
13.7345,
13.7355,
13.7365,
13.7375,
13.7385,
13.7395,
13.7405,
13.7415,
13.7425,
13.7435,
13.7445,
13.7455,
13.7465,
13.7475,
13.7485,
13.7495,
13.7505,
13.7515,
13.7525,
13.7535,
13.7545,
13.7555,
13.7565,
13.7575,
13.7585,
13.7595,
13.7605,
13.7615,
13.7625,
13.7635,
13.7645,
13.7655,
13.7665,
13.7675,
13.7685,
13.7695,
13.7705,
13.7715,
13.7725,
13.7735,
13.7745,
13.7755,
13.7765,
13.7775,
13.7785,
13.7795,
13.7805,
13.7815,
13.7825,
13.7835,
13.7845,
13.7855,
13.7865,
13.7875,
13.7885,
13.7895,
13.7905,
13.7915,
13.7925,
13.7935,
13.7945,
13.7955,
13.7965,
13.7975,
13.7985,
13.7995,
13.8005,
13.8015,
13.8025,
13.8035,
13.8045,
13.8055,
13.8065,
13.8075,
13.8085,
13.8095,
13.8105,
13.8115,
13.8125,
13.8135,
13.8145,
13.8155,
13.8165,
13.8175,
13.8185,
13.8195,
13.8205,
13.8215,
13.8225,
13.8235,
13.8245,
13.8255,
13.8265,
13.8275,
13.8285,
13.8295,
13.8305,
13.8315,
13.8325,
13.8335,
13.8345,
13.8355,
13.8365,
13.8375,
13.8385,
13.8395,
13.8405,
13.8415,
13.8425,
13.8435,
13.8445,
13.8455,
13.8465,
13.8475,
13.8485,
13.8495,
13.8505,
13.8515,
13.8525,
13.8535,
13.8545,
13.8555,
13.8565,
13.8575,
13.8585,
13.8595,
13.8605,
13.8615,
13.8625,
13.8635,
13.8645,
13.8655,
13.8665,
13.8675,
13.8685,
13.8695,
13.8705,
13.8715,
13.8725,
13.8735,
13.8745,
13.8755,
13.8765,
13.8775,
13.8785,
13.8795,
13.8805,
13.8815,
13.8825,
13.8835,
13.8845,
13.8855,
13.8865,
13.8875,
13.8885,
13.8895,
13.8905,
13.8915,
13.8925,
13.8935,
13.8945,
13.8955,
13.8965,
13.8975,
13.8985,
13.8995,
13.9005,
13.9015,
13.9025,
13.9035,
13.9045,
13.9055,
13.9065,
13.9075,
13.9085,
13.9095,
13.9105,
13.9115,
13.9125,
13.9135,
13.9145,
13.9155,
13.9165,
13.9175,
13.9185,
13.9195,
13.9205,
13.9215,
13.9225,
13.9235,
13.9245,
13.9255,
13.9265,
13.9275,
13.9285,
13.9295,
13.9305,
13.9315,
13.9325,
13.9335,
13.9345,
13.9355,
13.9365,
13.9375,
13.9385,
13.9395,
13.9405,
13.9415,
13.9425,
13.9435,
13.9445,
13.9455,
13.9465,
13.9475,
13.9485,
13.9495,
13.9506,
13.9515,
13.9525,
13.9535,
13.9545,
13.9555,
13.9565,
13.9575,
13.9585,
13.9595,
13.9605,
13.9615,
13.9625,
13.9635,
13.9645,
13.9655,
13.9665,
13.9675,
13.9685,
13.9695,
13.9705,
13.9715,
13.9725,
13.9735,
13.9745,
13.9755,
13.9765,
13.9775,
13.9785,
13.9795,
13.9805,
13.9815,
13.9825,
13.9835,
13.9845,
13.9855,
13.9865,
13.9875,
13.9885,
13.9895,
13.9905,
13.9915,
13.9925,
13.9935,
13.9945,
13.9955,
13.9965,
13.9975,
13.9985,
13.9995,
14.0005,
14.0015,
14.0025,
14.0035,
14.0045,
14.0055,
14.0065,
14.0075,
14.0085,
14.0095,
14.0105,
14.0115,
14.0125,
14.0135,
14.0145,
14.0155,
14.0165,
14.0175,
14.0185,
14.0195,
14.0205,
14.0215,
14.0225,
14.0235,
14.0245,
14.0255,
14.0265,
14.0275,
14.0285,
14.0295,
14.0305,
14.0315,
14.0325,
14.0335,
14.0345,
14.0355,
14.0365,
14.0375,
14.0385,
14.0395,
14.0405,
14.0415,
14.0425,
14.0435,
14.0445,
14.0455,
14.0465,
14.0475,
14.0485,
14.0495,
14.0505,
14.0515,
14.0525,
14.0535,
14.0545,
14.0555,
14.0565,
14.0575,
14.0585,
14.0595,
14.0605,
14.0615,
14.0625,
14.0635,
14.0645,
14.0655,
14.0665,
14.0675,
14.0685,
14.0695,
14.0705,
14.0715,
14.0725,
14.0735,
14.0745,
14.0755,
14.0765,
14.0775,
14.0785,
14.0795,
14.0805,
14.0815,
14.0825,
14.0835,
14.0845,
14.0855,
14.0865,
14.0875,
14.0885,
14.0895,
14.0905,
14.0915,
14.0925,
14.0935,
14.0945,
14.0955,
14.0965,
14.0975,
14.0985,
14.0995,
14.1005,
14.1015,
14.1025,
14.1035,
14.1045,
14.1055,
14.1065,
14.1075,
14.1085,
14.1095,
14.1105,
14.1115,
14.1125,
14.1135,
14.1145,
14.1155,
14.1165,
14.1175,
14.1185,
14.1195,
14.1205,
14.1215,
14.1225,
14.1235,
14.1245,
14.1255,
14.1265,
14.1275,
14.1286,
14.1296,
14.1306,
14.1316,
14.1326,
14.1336,
14.1346,
14.1356,
14.1365,
14.1375,
14.1385,
14.1395,
14.1405,
14.1415,
14.1426,
14.1436,
14.1445,
14.1455,
14.1465,
14.1475,
14.1485,
14.1495,
14.1505,
14.1515,
14.1525,
14.1535,
14.1545,
14.1555,
14.1565,
14.1575,
14.1585,
14.1595,
14.1605,
14.1615,
14.1625,
14.1635,
14.1645,
14.1655,
14.1666,
14.1676,
14.1686,
14.1696,
14.1706,
14.1716,
14.1725,
14.1736,
14.1745,
14.1755,
14.1765,
14.1775,
14.1785,
14.1795,
14.1805,
14.1815,
14.1825,
14.1835,
14.1845,
14.1855,
14.1865,
14.1875,
14.1885,
14.1895,
14.1905,
14.1915,
14.1925,
14.1935,
14.1945,
14.1955,
14.1965,
14.1975,
14.1985,
14.1995,
14.2005,
14.2015,
14.2025,
14.2035,
14.2045,
14.2056,
14.2066,
14.2076,
14.2086,
14.2096,
14.2105,
14.2116,
14.2126,
14.2136,
14.2146,
14.2156,
14.2166,
14.2176,
14.2186,
14.2195,
14.2205,
14.2215,
14.2225,
14.2235,
14.2245,
14.2255,
14.2265,
14.2275,
14.2285,
14.2295,
14.2305,
14.2315,
14.2325,
14.2335,
14.2345,
14.2355,
14.2365,
14.2375,
14.2385,
14.2395,
14.2405,
14.2415,
14.2425,
14.2435,
14.2445,
14.2455,
14.2465,
14.2475,
14.2485,
14.2495,
14.2505,
14.2515,
14.2525,
14.2535,
14.2545,
14.2555,
14.2565,
14.2575,
14.2585,
14.2595,
14.2605,
14.2615,
14.2625,
14.2635,
14.2645,
14.2655,
14.2665,
14.2675,
14.2685,
14.2695,
14.2705,
14.2715,
14.2725,
14.2735,
14.2745,
14.2755,
14.2765,
14.2775,
14.2785,
14.2795,
14.2805,
14.2815,
14.2826,
14.2835,
14.2845,
14.2855,
14.2865,
14.2875,
14.2885,
14.2895,
14.2905,
14.2915,
14.2925,
14.2935,
14.2945,
14.2955,
14.2965,
14.2975,
14.2985,
14.2995,
14.3005,
14.3015,
14.3025,
14.3035,
14.3045,
14.3055,
14.3065,
14.3075,
14.3085,
14.3095,
14.3105,
14.3115,
14.3125,
14.3135,
14.3145,
14.3155,
14.3165,
14.3175,
14.3185,
14.3195,
14.3205,
14.3215,
14.3226,
14.3236,
14.3246,
14.3255,
14.3265,
14.3275,
14.3285,
14.3295,
14.3305,
14.3315,
14.3325,
14.3336,
14.3345,
14.3355,
14.3366,
14.3376,
14.3386,
14.3396,
14.3405,
14.3416,
14.3426,
14.3436,
14.3445,
14.3455,
14.3465,
14.3476,
14.3486,
14.3496,
14.3506,
14.3516,
14.3525,
14.3535,
14.3545,
14.3555,
14.3565,
14.3575,
14.3585,
14.3595,
14.3605,
14.3615,
14.3625,
14.3635,
14.3645,
14.3655,
14.3665,
14.3675,
14.3685,
14.3695,
14.3705,
14.3715,
14.3725,
14.3735,
14.3745,
14.3755,
14.3765,
14.3775,
14.3785,
14.3795,
14.3805,
14.3815,
14.3825,
14.3835,
14.3845,
14.3855,
14.3865,
14.3875,
14.3885,
14.3895,
14.3905,
14.3915,
14.3925,
14.3935,
14.3945,
14.3955,
14.3965,
14.3975,
14.3985,
14.3995,
14.4005,
14.4015,
14.4025,
14.4035,
14.4045,
14.4055,
14.4065,
14.4075,
14.4085,
14.4095,
14.4105,
14.4115,
14.4125,
14.4135,
14.4145,
14.4155,
14.4165,
14.4175,
14.4185,
14.4195,
14.4205,
14.4215,
14.4225,
14.4235,
14.4245,
14.4255,
14.4265,
14.4275,
14.4285,
14.4295,
14.4305,
14.4315,
14.4325,
14.4335,
14.4345,
14.4355,
14.4365,
14.4375,
14.4385,
14.4395,
14.4405,
14.4415,
14.4425,
14.4435,
14.4445,
14.4455,
14.4465,
14.4475,
14.4485,
14.4495,
14.4505,
14.4515,
14.4525,
14.4535,
14.4545,
14.4555,
14.4565,
14.4575,
14.4585,
14.4595,
14.4605,
14.4615,
14.4625,
14.4635,
14.4645,
14.4656,
14.4665,
14.4676,
14.4686,
14.4695,
14.4705,
14.4715,
14.4726,
14.4736,
14.4746,
14.4755,
14.4766,
14.4776,
14.4785,
14.4795,
14.4805,
14.4816,
14.4826,
14.4836,
14.4845,
14.4855,
14.4865,
14.4875,
14.4885,
14.4895,
14.4905,
14.4915,
14.4925,
14.4935,
14.4945,
14.4955,
14.4965,
14.4975,
14.4985,
14.4995,
14.5005,
14.5015,
14.5025,
14.5035,
14.5045,
14.5056,
14.5066,
14.5075,
14.5085,
14.5095,
14.5105,
14.5115,
14.5125,
14.5135,
14.5145,
14.5155,
14.5165,
14.5175,
14.5185,
14.5195,
14.5205,
14.5215,
14.5225,
14.5235,
14.5245,
14.5255,
14.5265,
14.5275,
14.5285,
14.5295,
14.5305,
14.5315,
14.5325,
14.5335,
14.5345,
14.5355,
14.5365,
14.5375,
14.5385,
14.5395,
14.5405,
14.5415,
14.5425,
14.5435,
14.5445,
14.5455,
14.5465,
14.5475,
14.5485,
14.5495,
14.5505,
14.5515,
14.5525,
14.5535,
14.5545,
14.5555,
14.5565,
14.5575,
14.5585,
14.5595,
14.5605,
14.5615,
14.5625,
14.5635,
14.5645,
14.5655,
14.5665,
14.5675,
14.5685,
14.5695,
14.5705,
14.5715,
14.5725,
14.5735,
14.5745,
14.5755,
14.5765,
14.5775,
14.5785,
14.5795,
14.5805,
14.5815,
14.5825,
14.5835,
14.5845,
14.5855,
14.5865,
14.5875,
14.5885,
14.5895,
14.5905,
14.5915,
14.5925,
14.5935,
14.5945,
14.5955,
14.5965,
14.5975,
14.5985,
14.5995,
14.6005,
14.6015,
14.6025,
14.6035,
14.6045,
14.6055,
14.6065,
14.6075,
14.6085,
14.6095,
14.6105,
14.6115,
14.6125,
14.6135,
14.6145,
14.6155,
14.6165,
14.6175,
14.6185,
14.6195,
14.6205,
14.6215,
14.6225,
14.6235,
14.6245,
14.6255,
14.6265,
14.6275,
14.6285,
14.6295,
14.6305,
14.6315,
14.6325,
14.6335,
14.6345,
14.6355,
14.6365,
14.6375,
14.6385,
14.6395,
14.6405,
14.6415,
14.6425,
14.6435,
14.6445,
14.6455,
14.6465,
14.6475,
14.6485,
14.6495,
14.6505,
14.6515,
14.6525,
14.6535,
14.6545,
14.6555,
14.6565,
14.6574,
14.6585,
14.6595,
14.6605,
14.6615,
14.6625,
14.6635,
14.6645,
14.6655,
14.6665,
14.6675,
14.6685,
14.6695,
14.6705,
14.6715,
14.6725,
14.6735,
14.6745,
14.6755,
14.6765,
14.6775,
14.6785,
14.6795,
14.6805,
14.6815,
14.6825,
14.6835,
14.6845,
14.6855,
14.6865,
14.6875,
14.6885,
14.6895,
14.6905,
14.6915,
14.6925,
14.6935,
14.6945,
14.6955,
14.6965,
14.6975,
14.6985,
14.6995,
14.7005,
14.7015,
14.7025,
14.7035,
14.7045,
14.7055,
14.7065,
14.7075,
14.7085,
14.7095,
14.7105,
14.7115,
14.7125,
14.7135,
14.7145,
14.7155,
14.7165,
14.7175,
14.7185,
14.7195,
14.7205,
14.7215,
14.7225,
14.7235,
14.7245,
14.7255,
14.7265,
14.7275,
14.7285,
14.7295,
14.7305,
14.7315,
14.7325,
14.7336,
14.7345,
14.7355,
14.7365,
14.7375,
14.7385,
14.7395,
14.7405,
14.7415,
14.7425,
14.7435,
14.7445,
14.7455,
14.7465,
14.7475,
14.7485,
14.7495,
14.7505,
14.7515,
14.7525,
14.7535,
14.7545,
14.7555,
14.7565,
14.7575,
14.7585,
14.7595,
14.7605,
14.7615,
14.7625,
14.7635,
14.7645,
14.7655,
14.7665,
14.7675,
14.7685,
14.7695,
14.7705,
14.7715,
14.7725,
14.7735,
14.7745,
14.7755,
14.7765,
14.7775,
14.7785,
14.7795,
14.7805,
14.7815,
14.7825,
14.7835,
14.7845,
14.7855,
14.7865,
14.7875,
14.7885,
14.7895,
14.7905,
14.7915,
14.7925,
14.7935,
14.7945,
14.7955,
14.7965,
14.7975,
14.7985,
14.7995,
14.8005,
14.8015,
14.8025,
14.8035,
14.8045,
14.8055,
14.8065,
14.8075,
14.8085,
14.8095,
14.8105,
14.8115,
14.8125,
14.8135,
14.8145,
14.8155,
14.8165,
14.8175,
14.8185,
14.8195,
14.8205,
14.8215,
14.8225,
14.8235,
14.8245,
14.8255,
14.8265,
14.8275,
14.8285,
14.8295,
14.8305,
14.8315,
14.8325,
14.8335,
14.8345,
14.8355,
14.8365,
14.8375,
14.8385,
14.8395,
14.8405,
14.8415,
14.8425,
14.8435,
14.8445,
14.8455,
14.8465,
14.8475,
14.8485,
14.8495,
14.8505,
14.8515,
14.8525,
14.8535,
14.8545,
14.8555,
14.8565,
14.8575,
14.8585,
14.8595,
14.8605,
14.8615,
14.8625,
14.8635,
14.8645,
14.8655,
14.8665,
14.8675,
14.8685,
14.8695,
14.8705,
14.8715,
14.8725,
14.8735,
14.8745,
14.8755,
14.8765,
14.8775,
14.8785,
14.8795,
14.8805,
14.8815,
14.8825,
14.8835,
14.8845,
14.8855,
14.8865,
14.8875,
14.8885,
14.8895,
14.8905,
14.8915,
14.8925,
14.8935,
14.8945,
14.8955,
14.8965,
14.8975,
14.8985,
14.8995,
14.9005,
14.9015,
14.9025,
14.9035,
14.9045,
14.9055,
14.9065,
14.9075,
14.9085,
14.9095,
14.9105,
14.9115,
14.9125,
14.9135,
14.9145,
14.9155,
14.9165,
14.9175,
14.9185,
14.9195,
14.9205,
14.9215,
14.9225,
14.9235,
14.9245,
14.9255,
14.9265,
14.9275,
14.9285,
14.9295,
14.9305,
14.9315,
14.9325,
14.9335,
14.9345,
14.9355,
14.9365,
14.9375,
14.9385,
14.9395,
14.9405,
14.9415,
14.9425,
14.9435,
14.9445,
14.9455,
14.9465,
14.9475,
14.9485,
14.9495,
14.9505,
14.9515,
14.9525,
14.9535,
14.9545,
14.9555,
14.9565,
14.9575,
14.9585,
14.9595,
14.9605,
14.9615,
14.9625,
14.9635,
14.9645,
14.9655,
14.9665,
14.9675,
14.9685,
14.9695,
14.9705,
14.9715,
14.9725,
14.9735,
14.9745,
14.9755,
14.9765,
14.9775,
14.9785,
14.9795,
14.9805,
14.9815,
14.9825,
14.9835,
14.9845,
14.9855,
14.9865,
14.9875,
14.9885,
14.9895,
14.9905,
14.9915,
14.9925,
14.9935,
14.9945,
14.9955,
14.9965,
14.9975,
14.9985,
14.9995,
15.0005,
15.0015,
15.0025,
15.0035,
15.0045,
15.0055,
15.0065,
15.0075,
15.0085,
15.0095,
15.0105,
15.0115,
15.0125,
15.0135,
15.0145,
15.0155,
15.0165,
15.0175,
15.0185,
15.0195,
15.0205,
15.0215,
15.0225,
15.0235,
15.0245,
15.0255,
15.0265,
15.0275,
15.0285,
15.0295,
15.0305,
15.0315,
15.0325,
15.0335,
15.0345,
15.0355,
15.0365,
15.0375,
15.0385,
15.0395,
15.0405,
15.0415,
15.0425,
15.0435,
15.0445,
15.0455,
15.0465,
15.0475,
15.0485,
15.0495,
15.0505,
15.0515,
15.0525,
15.0535,
15.0545,
15.0555,
15.0565,
15.0575,
15.0585,
15.0595,
15.0605,
15.0615,
15.0625,
15.0635,
15.0646,
15.0656,
15.0666,
15.0676,
15.0686,
15.0696,
15.0706,
15.0715,
15.0725,
15.0736,
15.0745,
15.0755,
15.0765,
15.0775,
15.0785,
15.0795,
15.0805,
15.0815,
15.0825,
15.0835,
15.0845,
15.0855,
15.0865,
15.0875,
15.0885,
15.0895,
15.0905,
15.0915,
15.0925,
15.0935,
15.0945,
15.0955,
15.0965,
15.0975,
15.0985,
15.0995,
15.1005,
15.1015,
15.1025,
15.1035,
15.1045,
15.1055,
15.1065,
15.1075,
15.1085,
15.1095,
15.1105,
15.1115,
15.1125,
15.1135,
15.1145,
15.1155,
15.1165,
15.1175,
15.1185,
15.1195,
15.1205,
15.1216,
15.1226,
15.1235,
15.1246,
15.1256,
15.1266,
15.1276,
15.1286,
15.1296,
15.1306,
15.1316,
15.1326,
15.1336,
15.1346,
15.1356,
15.1366,
15.1376,
15.1385,
15.1396,
15.1405,
15.1415,
15.1425,
15.1435,
15.1445,
15.1455,
15.1465,
15.1475,
15.1485,
15.1495,
15.1505,
15.1515,
15.1526,
15.1536,
15.1546,
15.1556,
15.1566,
15.1576,
15.1586,
15.1596,
15.1605,
15.1615,
15.1625,
15.1635,
15.1645,
15.1656,
15.1665,
15.1675,
15.1685,
15.1695,
15.1705,
15.1715,
15.1725,
15.1735,
15.1746,
15.1756,
15.1766,
15.1776,
15.1786,
15.1796,
15.1806,
15.1816,
15.1826,
15.1836,
15.1846,
15.1856,
15.1865,
15.1875,
15.1885,
15.1895,
15.1905,
15.1915,
15.1925,
15.1935,
15.1945,
15.1955,
15.1965,
15.1975,
15.1985,
15.1995,
15.2005,
15.2016,
15.2026,
15.2035,
15.2046,
15.2056,
15.2066,
15.2076,
15.2086,
15.2096,
15.2106,
15.2116,
15.2126,
15.2136,
15.2146,
15.2155,
15.2165,
15.2175,
15.2185,
15.2195,
15.2205,
15.2215,
15.2225,
15.2235,
15.2246,
15.2256,
15.2266,
15.2275,
15.2286,
15.2296,
15.2306,
15.2316,
15.2326,
15.2336,
15.2345,
15.2356,
15.2365,
15.2375,
15.2385,
15.2395,
15.2405,
15.2415,
15.2425,
15.2435,
15.2445,
15.2455,
15.2465,
15.2475,
15.2485,
15.2495,
15.2505,
15.2515,
15.2525,
15.2535,
15.2545,
15.2555,
15.2565,
15.2575,
15.2585,
15.2595,
15.2605,
15.2615,
15.2625,
15.2635,
15.2645,
15.2655,
15.2665,
15.2675,
15.2685,
15.2695,
15.2705,
15.2715,
15.2726,
15.2736,
15.2746,
15.2756,
15.2765,
15.2776,
15.2786,
15.2796,
15.2806,
15.2816,
15.2826,
15.2836,
15.2845,
15.2855,
15.2865,
15.2875,
15.2885,
15.2895,
15.2905,
15.2915,
15.2925,
15.2935,
15.2945,
15.2955,
15.2965,
15.2975,
15.2985,
15.2995,
15.3005,
15.3015,
15.3025,
15.3035,
15.3045,
15.3056,
15.3066,
15.3076,
15.3086,
15.3096,
15.3106,
15.3116,
15.3126,
15.3136,
15.3145,
15.3155,
15.3165,
15.3175,
15.3185,
15.3195,
15.3205,
15.3215,
15.3225,
15.3235,
15.3245,
15.3255,
15.3265,
15.3276,
15.3286,
15.3296,
15.3305,
15.3315,
15.3325,
15.3335,
15.3345,
15.3355,
15.3365,
15.3375,
15.3385,
15.3395,
15.3405,
15.3415,
15.3425,
15.3435,
15.3445,
15.3455,
15.3465,
15.3475,
15.3485,
15.3495,
15.3505,
15.3515,
15.3525,
15.3535,
15.3545,
15.3555,
15.3565,
15.3575,
15.3585,
15.3595,
15.361,
15.3615,
15.3625,
15.3635,
15.3645,
15.3655,
15.3665,
15.3676,
15.3685,
15.3695,
15.3705,
15.3715,
15.3725,
15.3736,
15.3745,
15.3755,
15.3765,
15.3775,
15.3785,
15.3795,
15.3805,
15.3816,
15.3825,
15.3835,
15.3845,
15.3855,
15.3865,
15.3876,
15.3885,
15.3896,
15.3905,
15.3915,
15.3925,
15.3935,
15.3945,
15.3955,
15.3965,
15.3975,
15.3985,
15.3995,
15.4005,
15.4015,
15.4025,
15.4035,
15.4045,
15.4055,
15.4065,
15.4075,
15.4085,
15.4095,
15.4105,
15.4115,
15.4125,
15.4135,
15.4145,
15.4155,
15.4165,
15.4175,
15.4185,
15.4195,
15.4205,
15.4215,
15.4225,
15.4235,
15.4245,
15.4255,
15.4265,
15.4275,
15.4285,
15.4295,
15.4305,
15.4315,
15.4325,
15.4335,
15.4345,
15.4355,
15.4365,
15.4375,
15.4385,
15.4395,
15.4405,
15.4415,
15.4425,
15.4435,
15.4445,
15.4455,
15.4465,
15.4475,
15.4485,
15.4495,
15.4505,
15.4515,
15.4525,
15.4535,
15.4545,
15.4555,
15.4565,
15.4575,
15.4585,
15.4595,
15.4605,
15.4615,
15.4625,
15.4635,
15.4645,
15.4655,
15.4665,
15.4675,
15.4685,
15.4695,
15.4705,
15.4715,
15.4725,
15.4735,
15.4745,
15.4755,
15.4765,
15.4775,
15.4785,
15.4795,
15.4805,
15.4815,
15.4825,
15.4835,
15.4845,
15.4855,
15.4865,
15.4875,
15.4885,
15.4895,
15.4905,
15.4916,
15.4925,
15.4935,
15.4945,
15.4955,
15.4965,
15.4975,
15.4985,
15.4995,
15.5005,
15.5015,
15.5025,
15.5035,
15.5045,
15.5055,
15.5065,
15.5075,
15.5085,
15.5095,
15.5105,
15.5115,
15.5125,
15.5135,
15.5145,
15.5155,
15.5165,
15.5175,
15.5185,
15.5195,
15.5205,
15.5215,
15.5225,
15.5235,
15.5245,
15.5255,
15.5265,
15.5275,
15.5285,
15.5295,
15.5305,
15.5315,
15.5325,
15.5335,
15.5345,
15.5355,
15.5365,
15.5375,
15.5385,
15.5395,
15.5405,
15.5415,
15.5425,
15.5435,
15.5445,
15.5455,
15.5465,
15.5475,
15.5485,
15.5495,
15.5505,
15.5515,
15.5525,
15.5535,
15.5545,
15.5555,
15.5565,
15.5575,
15.5585,
15.5595,
15.5605,
15.5615,
15.5625,
15.5635,
15.5645,
15.5655,
15.5665,
15.5675,
15.5685,
15.5695,
15.5705,
15.5715,
15.5725,
15.5735,
15.5745,
15.5755,
15.5765,
15.5775,
15.5785,
15.5795,
15.5805,
15.5815,
15.5825,
15.5835,
15.5845,
15.5855,
15.5865,
15.5875,
15.5885,
15.5895,
15.5905,
15.5915,
15.5925,
15.5935,
15.5945,
15.5955,
15.5965,
15.5975,
15.5985,
15.5995,
15.6005,
15.6015,
15.6025,
15.6035,
15.6045,
15.6055,
15.6065,
15.6075,
15.6085,
15.6095,
15.6105,
15.6115,
15.6125,
15.6135,
15.6145,
15.6155,
15.6165,
15.6175,
15.6185,
15.6195,
15.6205,
15.6215,
15.6225,
15.6235,
15.6245,
15.6255,
15.6265,
15.6275,
15.6285,
15.6295,
15.6305,
15.6315,
15.6325,
15.6335,
15.6345,
15.6355,
15.6365,
15.6375,
15.6385,
15.6395,
15.6405,
15.6415,
15.6425,
15.6435,
15.6445,
15.6455,
15.6465,
15.6475,
15.6485,
15.6495,
15.6505,
15.6515,
15.6525,
15.6535,
15.6545,
15.6555,
15.6565,
15.6575,
15.6585,
15.6595,
15.6605,
15.6615,
15.6625,
15.6635,
15.6645,
15.6655,
15.6665,
15.6675,
15.6685,
15.6695,
15.6705,
15.6715,
15.6725,
15.6735,
15.6745,
15.6755,
15.6765,
15.6775,
15.6785,
15.6795,
15.6805,
15.6815,
15.6825,
15.6835,
15.6845,
15.6855,
15.6865,
15.6875,
15.6885,
15.6895,
15.6905,
15.6915,
15.6925,
15.6935,
15.6945,
15.6955,
15.6965,
15.6975,
15.6985,
15.6995,
15.7005,
15.7015,
15.7025,
15.7035,
15.7045,
15.7055,
15.7065,
15.7075,
15.7085,
15.7095,
15.7105,
15.7115,
15.7125,
15.7135,
15.7145,
15.7155,
15.7165,
15.7175,
15.7185,
15.7195,
15.7205,
15.7215,
15.7225,
15.7235,
15.7245,
15.7255,
15.7265,
15.7275,
15.7285,
15.7295,
15.7305,
15.7315,
15.7325,
15.7335,
15.7345,
15.7355,
15.7365,
15.7375,
15.7385,
15.7395,
15.7405,
15.7415,
15.7425,
15.7435,
15.7445,
15.7455,
15.7465,
15.7475,
15.7485,
15.7495,
15.7505,
15.7515,
15.7525,
15.7535,
15.7545,
15.7555,
15.7565,
15.7575,
15.7585,
15.7595,
15.7605,
15.7615,
15.7625,
15.7635,
15.7645,
15.7655,
15.7665,
15.7675,
15.7685,
15.7695,
15.7705,
15.7715,
15.7725,
15.7735,
15.7745,
15.7755,
15.7765,
15.7775,
15.7785,
15.7795,
15.7805,
15.7815,
15.7825,
15.7835,
15.7845,
15.7855,
15.7865,
15.7875,
15.7885,
15.7895,
15.7905,
15.7915,
15.7925,
15.7935,
15.7945,
15.7955,
15.7965,
15.7975,
15.7985,
15.7995,
15.8005,
15.8015,
15.8025,
15.8035,
15.8045,
15.8055,
15.8065,
15.8075,
15.8085,
15.8095,
15.8105,
15.8115,
15.8125,
15.8135,
15.8145,
15.8155,
15.8165,
15.8175,
15.8185,
15.8195,
15.8205,
15.8215,
15.8225,
15.8235,
15.8245,
15.8255,
15.8265,
15.8275,
15.8285,
15.8295,
15.8305,
15.8315,
15.8325,
15.8335,
15.8345,
15.8355,
15.8365,
15.8375,
15.8385,
15.8395,
15.8405,
15.8415,
15.8425,
15.8435,
15.8445,
15.8455,
15.8465,
15.8475,
15.8485,
15.8495,
15.8505,
15.8515,
15.8525,
15.8535,
15.8545,
15.8555,
15.8565,
15.8575,
15.8585,
15.8595,
15.8605,
15.8615,
15.8625,
15.8635,
15.8645,
15.8655,
15.8665,
15.8675,
15.8685,
15.8695,
15.8705,
15.8715,
15.8725,
15.8735,
15.8745,
15.8755,
15.8765,
15.8775,
15.8785,
15.8795,
15.8805,
15.8815,
15.8825,
15.8835,
15.8845,
15.8855,
15.8865,
15.8875,
15.8885,
15.8895,
15.8905,
15.8915,
15.8925,
15.8935,
15.8945,
15.8955,
15.8965,
15.8975,
15.8985,
15.8995,
15.9005,
15.9015,
15.9025,
15.9035,
15.9045,
15.9055,
15.9065,
15.9075,
15.9085,
15.9095,
15.9105,
15.9115,
15.9125,
15.9135,
15.9145,
15.9155,
15.9165,
15.9175,
15.9185,
15.9195,
15.9205,
15.9215,
15.9225,
15.9235,
15.9245,
15.9255,
15.9265,
15.9275,
15.9285,
15.9295,
15.9305,
15.9315,
15.9325,
15.9335,
15.9345,
15.9355,
15.9365,
15.9375,
15.9385,
15.9395,
15.9405,
15.9415,
15.9425,
15.9435,
15.9445,
15.9455,
15.9465,
15.9475,
15.9485,
15.9495,
15.9505,
15.9515,
15.9525,
15.9535,
15.9545,
15.9555,
15.9565,
15.9575,
15.9585,
15.9595,
15.9605,
15.9615,
15.9625,
15.9635,
15.9645,
15.9655,
15.9665,
15.9675,
15.9685,
15.9695,
15.9705,
15.9715,
15.9725,
15.9735,
15.9745,
15.9755,
15.9765,
15.9775,
15.9785,
15.9795,
15.9805,
15.9815,
15.9825,
15.9835,
15.9845,
15.9855,
15.9865,
15.9875,
15.9885,
15.9895,
15.9905,
15.9915,
15.9925,
15.9935,
15.9945,
15.9955,
15.9965,
15.9975,
15.9985,
15.9995,
16.0006,
16.0015,
16.0026,
16.0036,
16.0046,
16.0056,
16.0066,
16.0076,
16.0086,
16.0096,
16.0105,
16.0116,
16.0126,
16.0136,
16.0146,
16.0156,
16.0166,
16.0176,
16.0185,
16.0195,
16.0205,
16.0216,
16.0225,
16.0235,
16.0245,
16.0255,
16.0265,
16.0275,
16.0286,
16.0295,
16.0305,
16.0315,
16.0326,
16.0335,
16.0345,
16.0355,
16.0365,
16.0375,
16.0385,
16.0395,
16.0405,
16.0415,
16.0425,
16.0435,
16.0445,
16.0455,
16.0465,
16.0475,
16.0485,
16.0495,
16.0505,
16.0515,
16.0525,
16.0535,
16.0545,
16.0555,
16.0565,
16.0576,
16.0586,
16.0596,
16.0606,
16.0616,
16.0626,
16.0636,
16.0646,
16.0656,
16.0666,
16.0676,
16.0686,
16.0696,
16.0705,
16.0715,
16.0726,
16.0735,
16.0745,
16.0755,
16.0765,
16.0775,
16.0785,
16.0795,
16.0805,
16.0815,
16.0825,
16.0835,
16.0845,
16.0855,
16.0865,
16.0875,
16.0886,
16.0896,
16.0906,
16.0916,
16.0925,
16.0935,
16.0945,
16.0955,
16.0965,
16.0976,
16.0986,
16.0995,
16.1005,
16.1015,
16.1025,
16.1035,
16.1045,
16.1055,
16.1065,
16.1075,
16.1085,
16.1095,
16.1105,
16.1115,
16.1125,
16.1135,
16.1145,
16.1155,
16.1165,
16.1175,
16.1185,
16.1195,
16.1205,
16.1215,
16.1225,
16.1235,
16.1245,
16.1255,
16.1265,
16.1275,
16.1285,
16.1295,
16.1305,
16.1315,
16.1325,
16.1335,
16.1345,
16.1355,
16.1365,
16.1375,
16.1385,
16.1395,
16.1405,
16.1415,
16.1425,
16.1435,
16.1445,
16.1455,
16.1465,
16.1475,
16.1485,
16.1495,
16.1506,
16.1515,
16.1525,
16.1535,
16.1545,
16.1555,
16.1565,
16.1575,
16.1586,
16.1596,
16.1606,
16.1616,
16.1628,
16.1636,
16.1648,
16.1656,
16.1666,
16.1676,
16.1686,
16.1696,
16.1706,
16.1716,
16.1726,
16.1736,
16.1745,
16.1755,
16.1765,
16.1775,
16.1785,
16.1796,
16.1806,
16.1816,
16.1828,
16.1836,
16.1846,
16.1855,
16.1865,
16.1875,
16.1885,
16.1895,
16.1905,
16.1915,
16.1926,
16.1936,
16.1946,
16.1956,
16.1966,
16.1975,
16.1985,
16.1995,
16.2005,
16.2015,
16.2025,
16.2035,
16.2045,
16.2055,
16.2065,
16.2075,
16.2085,
16.2095,
16.2105,
16.2115,
16.2125,
16.2135,
16.2145,
16.2155,
16.2165,
16.2175,
16.2186,
16.2196,
16.2206,
16.2216,
16.2225,
16.2236,
16.2245,
16.2256,
16.2265,
16.2275,
16.2286,
16.2296,
16.2306,
16.2315,
16.2325,
16.2335,
16.2345,
16.2355,
16.2365,
16.2375,
16.2385,
16.2395,
16.2405,
16.2415,
16.2425,
16.2435,
16.2445,
16.2455,
16.2465,
16.2475,
16.2485,
16.2495,
16.2505,
16.2515,
16.2525,
16.2535,
16.2545,
16.2555,
16.2565,
16.2575,
16.2585,
16.2595,
16.2605,
16.2615,
16.2625,
16.2635,
16.2645,
16.2655,
16.2665,
16.2675,
16.2685,
16.2695,
16.2705,
16.2715,
16.2725,
16.2735,
16.2745,
16.2755,
16.2765,
16.2775,
16.2785,
16.2795,
16.2805,
16.2815,
16.2825,
16.2835,
16.2845,
16.2855,
16.2865,
16.2875,
16.2885,
16.2896,
16.2906,
16.2916,
16.2926,
16.2936,
16.2946,
16.2956,
16.2966,
16.2976,
16.2985,
16.2995,
16.3005,
16.3015,
16.3025,
16.3035,
16.3045,
16.3055,
16.3065,
16.3075,
16.3085,
16.3095,
16.3105,
16.3115,
16.3125,
16.3135,
16.3145,
16.3155,
16.3166,
16.3176,
16.3186,
16.3196,
16.3206,
16.3216,
16.3226,
16.3236,
16.3246,
16.3255,
16.3265,
16.3275,
16.3285,
16.3295,
16.3305,
16.3315,
16.3325,
16.3336,
16.3346,
16.3356,
16.3366,
16.3376,
16.3386,
16.3396,
16.3406,
16.3416,
16.3426,
16.3436,
16.3446,
16.3455,
16.3465,
16.3475,
16.3485,
16.3496,
16.3505,
16.3516,
16.3525,
16.3535,
16.3545,
16.3555,
16.3565,
16.3575,
16.3585,
16.3595,
16.3605,
16.3615,
16.3626,
16.3635,
16.3646,
16.3656,
16.3665,
16.3675,
16.3685,
16.3695,
16.3705,
16.3715,
16.3725,
16.3735,
16.3745,
16.3755,
16.3765,
16.3775,
16.3785,
16.3795,
16.3805,
16.3815,
16.3825,
16.3835,
16.3845,
16.3855,
16.3865,
16.3875,
16.3885,
16.3895,
16.3905,
16.3915,
16.3925,
16.3935,
16.3945,
16.3955,
16.3965,
16.3975,
16.3985,
16.3995,
16.4005,
16.4015,
16.4025,
16.4035,
16.4045,
16.4055,
16.4065,
16.4075,
16.4085,
16.4095,
16.4105,
16.4115,
16.4125,
16.4135,
16.4145,
16.4155,
16.4165,
16.4175,
16.4185,
16.4195,
16.4205,
16.4215,
16.4225,
16.4235,
16.4245,
16.4255,
16.4265,
16.4275,
16.4285,
16.4295,
16.4305,
16.4315,
16.4325,
16.4335,
16.4345,
16.4355,
16.4365,
16.4375,
16.4385,
16.4395,
16.4405,
16.4415,
16.4425,
16.4435,
16.4445,
16.4455,
16.4465,
16.4475,
16.4485,
16.4495,
16.4505,
16.4515,
16.4525,
16.4535,
16.4545,
16.4555,
16.4565,
16.4575,
16.4585,
16.4595,
16.4605,
16.4615,
16.4625,
16.4635,
16.4645,
16.4655,
16.4665,
16.4675,
16.4685,
16.4695,
16.4705,
16.4715,
16.4725,
16.4735,
16.4745,
16.4755,
16.4765,
16.4775,
16.4785,
16.4795,
16.4805,
16.4815,
16.4825,
16.4835,
16.4845,
16.4855,
16.4865,
16.4875,
16.4885,
16.4895,
16.4905,
16.4916,
16.4925,
16.4935,
16.4945,
16.4955,
16.4965,
16.4975,
16.4985,
16.4995,
16.5005,
16.5015,
16.5025,
16.5035,
16.5045,
16.5055,
16.5065,
16.5075,
16.5085,
16.5095,
16.5105,
16.5115,
16.5125,
16.5135,
16.5145,
16.5155,
16.5165,
16.5175,
16.5185,
16.5195,
16.5205,
16.5215,
16.5225,
16.5235,
16.5245,
16.5255,
16.5265,
16.5275,
16.5285,
16.5295,
16.5305,
16.5315,
16.5325,
16.5335,
16.5345,
16.5355,
16.5365,
16.5375,
16.5385,
16.5395,
16.5405,
16.5415,
16.5425,
16.5435,
16.5445,
16.5455,
16.5465,
16.5475,
16.5485,
16.5495,
16.5505,
16.5515,
16.5525,
16.5535,
16.5545,
16.5555,
16.5565,
16.5575,
16.5585,
16.5595,
16.5605,
16.5615,
16.5626,
16.5635,
16.5645,
16.5655,
16.5665,
16.5675,
16.5685,
16.5695,
16.5705,
16.5715,
16.5725,
16.5735,
16.5745,
16.5755,
16.5766,
16.5775,
16.5785,
16.5795,
16.5805,
16.5815,
16.5825,
16.5835,
16.5845,
16.5855,
16.5865,
16.5875,
16.5885,
16.5895,
16.5905,
16.5915,
16.5925,
16.5935,
16.5945,
16.5955,
16.5965,
16.5975,
16.5985,
16.5995,
16.6005,
16.6015,
16.6025,
16.6035,
16.6045,
16.6055,
16.6065,
16.6075,
16.6085,
16.6095,
16.6105,
16.6115,
16.6125,
16.6135,
16.6145,
16.6155,
16.6165,
16.6175,
16.6185,
16.6195,
16.6205,
16.6215,
16.6225,
16.6235,
16.6245,
16.6255,
16.6265,
16.6275,
16.6285,
16.6295,
16.6305,
16.6315,
16.6325,
16.6335,
16.6345,
16.6355,
16.6365,
16.6375,
16.6385,
16.6395,
16.6405,
16.6415,
16.6425,
16.6435,
16.6445,
16.6455,
16.6465,
16.6475,
16.6485,
16.6495,
16.6505,
16.6515,
16.6525,
16.6535,
16.6545,
16.6555,
16.6565,
16.6575,
16.6585,
16.6595,
16.6605,
16.6615,
16.6625,
16.6635,
16.6645,
16.6655,
16.6665,
16.6675,
16.6685,
16.6695,
16.6705,
16.6715,
16.6725,
16.6735,
16.6745,
16.6755,
16.6765,
16.6775,
16.6785,
16.6795,
16.6805,
16.6815,
16.6825,
16.6835,
16.6845,
16.6855,
16.6865,
16.6875,
16.6885,
16.6895,
16.6905,
16.6915,
16.6925,
16.6935,
16.6945,
16.6955,
16.6965,
16.6975,
16.6985,
16.6995,
16.7005,
16.7015,
16.7025,
16.7035,
16.7045,
16.7055,
16.7065,
16.7075,
16.7085,
16.7095,
16.7105,
16.7115,
16.7125,
16.7135,
16.7145,
16.7155,
16.7165,
16.7175,
16.7185,
16.7195,
16.7205,
16.7215,
16.7225,
16.7235,
16.7245,
16.7255,
16.7265,
16.7275,
16.7285,
16.7295,
16.7305,
16.7315,
16.7325,
16.7335,
16.7345,
16.7355,
16.7365,
16.7375,
16.7385,
16.7395,
16.7405,
16.7415,
16.7425,
16.7435,
16.7445,
16.7455,
16.7465,
16.7475,
16.7485,
16.7495,
16.7505,
16.7515,
16.7525,
16.7535,
16.7545,
16.7555,
16.7565,
16.7575,
16.7585,
16.7595,
16.7605,
16.7615,
16.7625,
16.7635,
16.7645,
16.7655,
16.7665,
16.7675,
16.7685,
16.7695,
16.7705,
16.7715,
16.7725,
16.7735,
16.7745,
16.7755,
16.7765,
16.7775,
16.7785,
16.7795,
16.7805,
16.7815,
16.7825,
16.7835,
16.7845,
16.7855,
16.7865,
16.7875,
16.7885,
16.7895,
16.7905,
16.7915,
16.7925,
16.7935,
16.7945,
16.7955,
16.7965,
16.7975,
16.7985,
16.7995,
16.8005,
16.8015,
16.8025,
16.8035,
16.8045,
16.8055,
16.8065,
16.8075,
16.8085,
16.8095,
16.8105,
16.8115,
16.8125,
16.8135,
16.8145,
16.8155,
16.8165,
16.8175,
16.8185,
16.8195,
16.8205,
16.8215,
16.8225,
16.8235,
16.8245,
16.8255,
16.8265,
16.8275,
16.8285,
16.8295,
16.8305,
16.8315,
16.8325,
16.8335,
16.8345,
16.8355,
16.8365,
16.8375,
16.8385,
16.8395,
16.8405,
16.8415,
16.8425,
16.8435,
16.8445,
16.8455,
16.8465,
16.8475,
16.8485,
16.8495,
16.8505,
16.8515,
16.8525,
16.8535,
16.8545,
16.8555,
16.8565,
16.8575,
16.8585,
16.8595,
16.8605,
16.8615,
16.8625,
16.8635,
16.8645,
16.8655,
16.8665,
16.8675,
16.8685,
16.8695,
16.8705,
16.8715,
16.8725,
16.8735,
16.8745,
16.8755,
16.8765,
16.8775,
16.8785,
16.8795,
16.8805,
16.8815,
16.8825,
16.8835,
16.8845,
16.8855,
16.8865,
16.8875,
16.8885,
16.8895,
16.8905,
16.8915,
16.8925,
16.8935,
16.8945,
16.8955,
16.8965,
16.8975,
16.8985,
16.8995,
16.9005,
16.9015,
16.9025,
16.9035,
16.9045,
16.9055,
16.9065,
16.9075,
16.9085,
16.9095,
16.9105,
16.9115,
16.9125,
16.9135,
16.9145,
16.9155,
16.9165,
16.9175,
16.9185,
16.9195,
16.9205,
16.9215,
16.9225,
16.9235,
16.9245,
16.9255,
16.9265,
16.9275,
16.9285,
16.9295,
16.9305,
16.9315,
16.9325,
16.9335,
16.9345,
16.9355,
16.9365,
16.9375,
16.9386,
16.9395,
16.9406,
16.9415,
16.9426,
16.9436,
16.9446,
16.9456,
16.9466,
16.9475,
16.9485,
16.9495,
16.9505,
16.9515,
16.9525,
16.9535,
16.9546,
16.9556,
16.9566,
16.9576,
16.9585,
16.9595,
16.9605,
16.9615,
16.9625,
16.9635,
16.9645,
16.9655,
16.9665,
16.9675,
16.9685,
16.9695,
16.9705,
16.9715,
16.9725,
16.9735,
16.9745,
16.9755,
16.9765,
16.9775,
16.9785,
16.9796,
16.9805,
16.9816,
16.9825,
16.9835,
16.9845,
16.9855,
16.9865,
16.9875,
16.9885,
16.9895,
16.9905,
16.9915,
16.9925,
16.9935,
16.9945,
16.9955,
16.9965,
16.9975,
16.9985,
16.9995,
17.0005,
17.0015,
17.0025,
17.0035,
17.0045,
17.0055,
17.0065,
17.0075,
17.0085,
17.0095,
17.0105,
17.0115,
17.0125,
17.0135,
17.0145,
17.0155,
17.0165,
17.0175,
17.0186,
17.0196,
17.0206,
17.0216,
17.0225,
17.0235,
17.0245,
17.0255,
17.0265,
17.0275,
17.0285,
17.0295,
17.0305,
17.0315,
17.0325,
17.0335,
17.0345,
17.0355,
17.0366,
17.0376,
17.0386,
17.0396,
17.0406,
17.0416,
17.0426,
17.0436,
17.0446,
17.0456,
17.0466,
17.0476,
17.0486,
17.0496,
17.0506,
17.0516,
17.0526,
17.0537,
17.0546,
17.0556,
17.0566,
17.0576,
17.0586,
17.0596,
17.0606,
17.0616,
17.0626,
17.0635,
17.0646,
17.0656,
17.0665,
17.0676,
17.0685,
17.0695,
17.0705,
17.0715,
17.0725,
17.0735,
17.0746,
17.0755,
17.0765,
17.0775,
17.0785,
17.0795,
17.0805,
17.0815,
17.0825,
17.0835,
17.0845,
17.0855,
17.0865,
17.0875,
17.0885,
17.0895,
17.0905,
17.0915,
17.0925,
17.0935,
17.0945,
17.0955,
17.0965,
17.0975,
17.0985,
17.0995,
17.1005,
17.1015,
17.1025,
17.1035,
17.1045,
17.1056,
17.1067,
17.1076,
17.1086,
17.1096,
17.1105,
17.1115,
17.1125,
17.1135,
17.1146,
17.1156,
17.1165,
17.1175,
17.1185,
17.1195,
17.1205,
17.1215,
17.1225,
17.1235,
17.1245,
17.1255,
17.1265,
17.1275,
17.1285,
17.1295,
17.1305,
17.1315,
17.1325,
17.1335,
17.1345,
17.1355,
17.1365,
17.1375,
17.1385,
17.1395,
17.1405,
17.1415,
17.1425,
17.1435,
17.1445,
17.1455,
17.1465,
17.1475,
17.1485,
17.1495,
17.1505,
17.1515,
17.1525,
17.1535,
17.1545,
17.1555,
17.1565,
17.1575,
17.1585,
17.1595,
17.1605,
17.1615,
17.1625,
17.1635,
17.1645,
17.1655,
17.1665,
17.1675,
17.1685,
17.1695,
17.1705,
17.1715,
17.1725,
17.1735,
17.1745,
17.1755,
17.1765,
17.1775,
17.1785,
17.1795,
17.1805,
17.1815,
17.1826,
17.1836,
17.1846,
17.1856,
17.1866,
17.1876,
17.1886,
17.1896,
17.1906,
17.1917,
17.1927,
17.1936,
17.1946,
17.1956,
17.1967,
17.1977,
17.1986,
17.1996,
17.2006,
17.2016,
17.2026,
17.2036,
17.2046,
17.2058,
17.2068,
17.2077,
17.2086,
17.2096,
17.2107,
17.2117,
17.2127,
17.2137,
17.2147,
17.2157,
17.2167,
17.2177,
17.2187,
17.2197,
17.2207,
17.2217,
17.2226,
17.2236,
17.2247,
17.2256,
17.2266,
17.2276,
17.2286,
17.2296,
17.2306,
17.2316,
17.2326,
17.2336,
17.2346,
17.2356,
17.2366,
17.2377,
17.2386,
17.2396,
17.2406,
17.2416,
17.2426,
17.2436,
17.2447,
17.2456,
17.2467,
17.2476,
17.2487,
17.2496,
17.2506,
17.2516,
17.2526,
17.2536,
17.2546,
17.2556,
17.2566,
17.2576,
17.2586,
17.2597,
17.2607,
17.2618,
17.2626,
17.2636,
17.2646,
17.2656,
17.2667,
17.2677,
17.2687,
17.2697,
17.2707,
17.2716,
17.2727,
17.2737,
17.2747,
17.2757,
17.2767,
17.2777,
17.2787,
17.2797,
17.2806,
17.2816,
17.2826,
17.2837,
17.2846,
17.2856,
17.2866,
17.2876,
17.2887,
17.2897,
17.2906,
17.2916,
17.2926,
17.2936,
17.2946,
17.2956,
17.2966,
17.2976,
17.2986,
17.2997,
17.3007,
17.3016,
17.3026,
17.3036,
17.3046,
17.3056,
17.3067,
17.3076,
17.3086,
17.3096,
17.3106,
17.3116,
17.3126,
17.3137,
17.3146,
17.3156,
17.3166,
17.3176,
17.3186,
17.3196,
17.3206,
17.3216,
17.3226,
17.3235,
17.3245,
17.3256,
17.3265,
17.3275,
17.3285,
17.3295,
17.3305,
17.3315,
17.3325,
17.3335,
17.3345,
17.3355,
17.3365,
17.3375,
17.3385,
17.3395,
17.3405,
17.3415,
17.3425,
17.3435,
17.3445,
17.3455,
17.3466,
17.3476,
17.3485,
17.3495,
17.3505,
17.3515,
17.3525,
17.3535,
17.3545,
17.3555,
17.3565,
17.3575,
17.3585,
17.3595,
17.3605,
17.3615,
17.3625,
17.3635,
17.3645,
17.3655,
17.3665,
17.3675,
17.3685,
17.3695,
17.3705,
17.3715,
17.3725,
17.3735,
17.3745,
17.3755,
17.3765,
17.3775,
17.3785,
17.3795,
17.3805,
17.3815,
17.3825,
17.3835,
17.3845,
17.3855,
17.3865,
17.3875,
17.3885,
17.3895,
17.3905,
17.3915,
17.3925,
17.3935,
17.3945,
17.3955,
17.3965,
17.3975,
17.3985,
17.3995,
17.4005,
17.4015,
17.4025,
17.4035,
17.4045,
17.4055,
17.4065,
17.4075,
17.4085,
17.4095,
17.4105,
17.4115,
17.4125,
17.4135,
17.4145,
17.4155,
17.4165,
17.4175,
17.4185,
17.4195,
17.4205,
17.4215,
17.4225,
17.4235,
17.4245,
17.4255,
17.4265,
17.4275,
17.4285,
17.4295,
17.4305,
17.4315,
17.4325,
17.4335,
17.4345,
17.4355,
17.4365,
17.4375,
17.4385,
17.4395,
17.4405,
17.4415,
17.4425,
17.4435,
17.4445,
17.4455,
17.4465,
17.4475,
17.4485,
17.4495,
17.4505,
17.4515,
17.4525,
17.4535,
17.4545,
17.4555,
17.4565,
17.4575,
17.4585,
17.4595,
17.4605,
17.4615,
17.4625,
17.4635,
17.4645,
17.4655,
17.4665,
17.4675,
17.4685,
17.4695,
17.4705,
17.4715,
17.4725,
17.4735,
17.4745,
17.4755,
17.4765,
17.4775,
17.4785,
17.4795,
17.4805,
17.4815,
17.4825,
17.4835,
17.4845,
17.4855,
17.4865,
17.4875,
17.4885,
17.4895,
17.4905,
17.4915,
17.4925,
17.4935,
17.4945,
17.4955,
17.4965,
17.4975,
17.4985,
17.4995,
17.5005,
17.5015,
17.5025,
17.5035,
17.5045,
17.5055,
17.5065,
17.5075,
17.5085,
17.5095,
17.5105,
17.5115,
17.5125,
17.5135,
17.5145,
17.5155,
17.5165,
17.5175,
17.5185,
17.5195,
17.5205,
17.5215,
17.5225,
17.5235,
17.5245,
17.5255,
17.5265,
17.5275,
17.5285,
17.5295,
17.5305,
17.5315,
17.5325,
17.5335,
17.5345,
17.5355,
17.5365,
17.5375,
17.5385,
17.5395,
17.5405,
17.5415,
17.5425,
17.5435,
17.5445,
17.5455,
17.5465,
17.5475,
17.5485,
17.5495,
17.5505,
17.5515,
17.5525,
17.5535,
17.5545,
17.5555,
17.5565,
17.5575,
17.5585,
17.5595,
17.5605,
17.5615,
17.5625,
17.5635,
17.5645,
17.5655,
17.5665,
17.5675,
17.5685,
17.5695,
17.5705,
17.5715,
17.5725,
17.5735,
17.5745,
17.5755,
17.5765,
17.5775,
17.5785,
17.5795,
17.5805,
17.5815,
17.5825,
17.5835,
17.5845,
17.5855,
17.5865,
17.5875,
17.5885,
17.5895,
17.5905,
17.5915,
17.5925,
17.5935,
17.5945,
17.5955,
17.5965,
17.5975,
17.5985,
17.5995,
17.6005,
17.6015,
17.6025,
17.6035,
17.6045,
17.6055,
17.6065,
17.6075,
17.6085,
17.6095,
17.6105,
17.6115,
17.6125,
17.6135,
17.6145,
17.6155,
17.6165,
17.6175,
17.6185,
17.6195,
17.6205,
17.6215,
17.6225,
17.6235,
17.6245,
17.6255,
17.6265,
17.6275,
17.6285,
17.6295,
17.6305,
17.6315,
17.6325,
17.6335,
17.6345,
17.6355,
17.6365,
17.6375,
17.6385,
17.6395,
17.6405,
17.6415,
17.6425,
17.6435,
17.6445,
17.6455,
17.6465,
17.6475,
17.6485,
17.6495,
17.6505,
17.6515,
17.6525,
17.6535,
17.6545,
17.6555,
17.6565,
17.6575,
17.6585,
17.6595,
17.6605,
17.6615,
17.6625,
17.6635,
17.6645,
17.6655,
17.6665,
17.6675,
17.6685,
17.6695,
17.6705,
17.6715,
17.6725,
17.6735,
17.6745,
17.6755,
17.6765,
17.6775,
17.6785,
17.6795,
17.6805,
17.6815,
17.6825,
17.6835,
17.6845,
17.6855,
17.6865,
17.6875,
17.6885,
17.6895,
17.6905,
17.6915,
17.6925,
17.6935,
17.6945,
17.6955,
17.6965,
17.6975,
17.6985,
17.6995,
17.7005,
17.7015,
17.7025,
17.7035,
17.7045,
17.7055,
17.7065,
17.7075,
17.7085,
17.7095,
17.7105,
17.7115,
17.7125,
17.7135,
17.7145,
17.7155,
17.7165,
17.7175,
17.7185,
17.7195,
17.7205,
17.7215,
17.7225,
17.7235,
17.7245,
17.7255,
17.7265,
17.7275,
17.7285,
17.7295,
17.7305,
17.7315,
17.7325,
17.7335,
17.7345,
17.7355,
17.7365,
17.7375,
17.7385,
17.7395,
17.7405,
17.7415,
17.7425,
17.7435,
17.7445,
17.7455,
17.7465,
17.7475,
17.7485,
17.7495,
17.7505,
17.7515,
17.7525,
17.7535,
17.7545,
17.7555,
17.7565,
17.7575,
17.7585,
17.7595,
17.7605,
17.7615,
17.7625,
17.7635,
17.7645,
17.7655,
17.7665,
17.7675,
17.7685,
17.7695,
17.7705,
17.7715,
17.7725,
17.7735,
17.7745,
17.7755,
17.7765,
17.7775,
17.7785,
17.7795,
17.7805,
17.7815,
17.7825,
17.7835,
17.7845,
17.7855,
17.7865,
17.7875,
17.7885,
17.7895,
17.7905,
17.7915,
17.7925,
17.7935,
17.7945,
17.7955,
17.7965,
17.7975,
17.7985,
17.7995,
17.8005,
17.8015,
17.8025,
17.8035,
17.8045,
17.8055,
17.8065,
17.8075,
17.8085,
17.8095,
17.8105,
17.8115,
17.8125,
17.8135,
17.8145,
17.8155,
17.8165,
17.8175,
17.8185,
17.8195,
17.8205,
17.8215,
17.8225,
17.8235,
17.8245,
17.8255,
17.8265,
17.8275,
17.8285,
17.8295,
17.8306,
17.8316,
17.8326,
17.8336,
17.8345,
17.8355,
17.8366,
17.8376,
17.8387,
17.8396,
17.8406,
17.8416,
17.8426,
17.8436,
17.8446,
17.8456,
17.8466,
17.8476,
17.8487,
17.8496,
17.8507,
17.8516,
17.8526,
17.8536,
17.8546,
17.8556,
17.8566,
17.8576,
17.8586,
17.8596,
17.8607,
17.8617,
17.8627,
17.8637,
17.8647,
17.8658,
17.8667,
17.8677,
17.8687,
17.8697,
17.8707,
17.8717,
17.8727,
17.8737,
17.8747,
17.8757,
17.8767,
17.8777,
17.8787,
17.8797,
17.8807,
17.8817,
17.8827,
17.8837,
17.8847,
17.8857,
17.8867,
17.8877,
17.8887,
17.8897,
17.8907,
17.8917,
17.8927,
17.8937,
17.8947,
17.8956,
17.8966,
17.8976,
17.8986,
17.8996,
17.9006,
17.9016,
17.9026,
17.9037,
17.9046,
17.9056,
17.9066,
17.9076,
17.9086,
17.9096,
17.9106,
17.9116,
17.9126,
17.9136,
17.9146,
17.9156,
17.9166,
17.9176,
17.9186,
17.9196,
17.9206,
17.9216,
17.9227,
17.9236,
17.9246,
17.9256,
17.9267,
17.9276,
17.9286,
17.9296,
17.9306,
17.9316,
17.9326,
17.9336,
17.9346,
17.9356,
17.9366,
17.9376,
17.9386,
17.9396,
17.9406,
17.9416,
17.9426,
17.9436,
17.9446,
17.9456,
17.9466,
17.9476,
17.9486,
17.9496,
17.9506,
17.9516,
17.9526,
17.9536,
17.9546,
17.9556,
17.9566,
17.9576,
17.9586,
17.9596,
17.9606,
17.9616,
17.9626,
17.9636,
17.9646,
17.9657,
17.9666,
17.9676,
17.9686,
17.9696,
17.9706,
17.9716,
17.9726,
17.9736,
17.9746,
17.9756,
17.9766,
17.9776,
17.9786,
17.9796,
17.9807,
17.9816,
17.9826,
17.9836,
17.9846,
17.9856,
17.9866,
17.9877,
17.9886,
17.9896,
17.9906,
17.9916,
17.9926,
17.9936,
17.9946,
17.9956,
17.9966,
17.9976,
17.9986,
17.9996,
18.0007,
18.0016,
18.0028,
18.0038,
18.0047,
18.0056,
18.0066,
18.0076,
18.0086,
18.0096,
18.0106,
18.0116,
18.0126,
18.0136,
18.0146,
18.0156,
18.0166,
18.0177,
18.0186,
18.0196,
18.0206,
18.0217,
18.0227,
18.0237,
18.0247,
18.0257,
18.0267,
18.0277,
18.0287,
18.0297,
18.0307,
18.0317,
18.0326,
18.0336,
18.0346,
18.0356,
18.0366,
18.0376,
18.0386,
18.0396,
18.0406,
18.0416,
18.0426,
18.0436,
18.0446,
18.0456,
18.0467,
18.0476,
18.0487,
18.0496,
18.0506,
18.0517,
18.0526,
18.0537,
18.0547,
18.0557,
18.0567,
18.0577,
18.0586,
18.0596,
18.0607,
18.0617,
18.0626,
18.0636,
18.0647,
18.0657,
18.0667,
18.0677,
18.0687,
18.0697,
18.0707,
18.0717,
18.0727,
18.0736,
18.0747,
18.0756,
18.0766,
18.0776,
18.0786,
18.0796,
18.0806,
18.0817,
18.0827,
18.0837,
18.0847,
18.0857,
18.0867,
18.0877,
18.0887,
18.0897,
18.0906,
18.0916,
18.0926,
18.0937,
18.0946,
18.0956,
18.0966,
18.0976,
18.0986,
18.0996,
18.1006,
18.1016,
18.1026,
18.1036,
18.1047,
18.1058,
18.1066,
18.1077,
18.1086,
18.1096,
18.1106,
18.1116,
18.1126,
18.1136,
18.1146,
18.1156,
18.1166,
18.1176,
18.1186,
18.1196,
18.1206,
18.1216,
18.1226,
18.1237,
18.1246,
18.1257,
18.1266,
18.1276,
18.1286,
18.1296,
18.1306,
18.1316,
18.1326,
18.1336,
18.1346,
18.1357,
18.1366,
18.1377,
18.1387,
18.1397,
18.1406,
18.1417,
18.1427,
18.1437,
18.1446,
18.1457,
18.1467,
18.1477,
18.1487,
18.1497,
18.1506,
18.1517,
18.1527,
18.1537,
18.1546,
18.1558,
18.1567,
18.1577,
18.1587,
18.1597,
18.1607,
18.1617,
18.1627,
18.1637,
18.1648,
18.1657,
18.1667,
18.1677,
18.1687,
18.1697,
18.1707,
18.1717,
18.1727,
18.1737,
18.1747,
18.1757,
18.1768,
18.1777,
18.1787,
18.1797,
18.1807,
18.1817,
18.1827,
18.1837,
18.1847,
18.1857,
18.1867,
18.1877,
18.1888,
18.1897,
18.1907,
18.1917,
18.1927,
18.1937,
18.1947,
18.1957,
18.1967,
18.1977,
18.1987,
18.1997,
18.2007,
18.2017,
18.2027,
18.2038,
18.2048,
18.2058,
18.2073,
18.2079,
18.2089,
18.2098,
18.2107,
18.2118,
18.2127,
18.2138,
18.2147,
18.2157,
18.2167,
18.2178,
18.2188,
18.2198,
18.2208,
18.2218,
18.2228,
18.2238,
18.2248,
18.2258,
18.2268,
18.2278,
18.2288,
18.2298,
18.2307,
18.2317,
18.2327,
18.2337,
18.2347,
18.2357,
18.2367,
18.2377,
18.2387,
18.2398,
18.2407,
18.2417,
18.2427,
18.2437,
18.2446,
18.2456,
18.2467,
18.2478,
18.2487,
18.2497,
18.2507,
18.2517,
18.2527,
18.2537,
18.2547,
18.2557,
18.2567,
18.2576,
18.2587,
18.2597,
18.2607,
18.2617,
18.2626,
18.2637,
18.2647,
18.2657,
18.2666,
18.2676,
18.2686,
18.2697,
18.2707,
18.2717,
18.2727,
18.2736,
18.2746,
18.2756,
18.2766,
18.2776,
18.2786,
18.2796,
18.2807,
18.2817,
18.2827,
18.2837,
18.2847,
18.2857,
18.2868,
18.2876,
18.2886,
18.2896,
18.2906,
18.2916,
18.2926,
18.2936,
18.2946,
18.2956,
18.2966,
18.2977,
18.2986,
18.2997,
18.3007,
18.3017,
18.3026,
18.3037,
18.3047,
18.3057,
18.3068,
18.3077,
18.3086,
18.3097,
18.3107,
18.3117,
18.3127,
18.3137,
18.3146,
18.3157,
18.3167,
18.3177,
18.3187,
18.3197,
18.3207,
18.3217,
18.3227,
18.3238,
18.3247,
18.3257,
18.3266,
18.3276,
18.3286,
18.3298,
18.3308,
18.3318,
18.3327,
18.3337,
18.3347,
18.3357,
18.3367,
18.3377,
18.3387,
18.3397,
18.3407,
18.3417,
18.3427,
18.3437,
18.3447,
18.3458,
18.3468,
18.3477,
18.3487,
18.3496,
18.3506,
18.3516,
18.3527,
18.3537,
18.3547,
18.3557,
18.3567,
18.3578,
18.3587,
18.3597,
18.3607,
18.3617,
18.3627,
18.3637,
18.3648,
18.3657,
18.3667,
18.3677,
18.3687,
18.3698,
18.3707,
18.3717,
18.3728,
18.3737,
18.3746,
18.3756,
18.3766,
18.3776,
18.3786,
18.3796,
18.3806,
18.3817,
18.3827,
18.3837,
18.3847,
18.3856,
18.3866,
18.3876,
18.3886,
18.3896,
18.3906,
18.3916,
18.3926,
18.3936,
18.3946,
18.3956,
18.3966,
18.3976,
18.3986,
18.3996,
18.4006,
18.4016,
18.4026,
18.4036,
18.4046,
18.4056,
18.4065,
18.4075,
18.4086,
18.4095,
18.4106,
18.4116,
18.4126,
18.4136,
18.4146,
18.4156,
18.4166,
18.4177,
18.4186,
18.4197,
18.4207,
18.4218,
18.4227,
18.4237,
18.4248,
18.4257,
18.4267,
18.4277,
18.4287,
18.4297,
18.4307,
18.4316,
18.4326,
18.4336,
18.4346,
18.4356,
18.4366,
18.4377,
18.4386,
18.4396,
18.4406,
18.4416,
18.4426,
18.4436,
18.4446,
18.4457,
18.4467,
18.4476,
18.4486,
18.4496,
18.4506,
18.4516,
18.4526,
18.4536,
18.4546,
18.4556,
18.4566,
18.4576,
18.4586,
18.4595,
18.4605,
18.4615,
18.4625,
18.4635,
18.4645,
18.4655,
18.4665,
18.4675,
18.4685,
18.4695,
18.4705,
18.4715,
18.4725,
18.4735,
18.4745,
18.4755,
18.4765,
18.4775,
18.4785,
18.4795,
18.4805,
18.4815,
18.4825,
18.4835,
18.4845,
18.4855,
18.4865,
18.4875,
18.4885,
18.4895,
18.4905,
18.4915,
18.4925,
18.4935,
18.4945,
18.4955,
18.4965,
18.4975,
18.4985,
18.4995,
18.5005,
18.5015,
18.5025,
18.5035,
18.5045,
18.5055,
18.5065,
18.5075,
18.5085,
18.5095,
18.5105,
18.5115,
18.5125,
18.5135,
18.5145,
18.5155,
18.5165,
18.5175,
18.5185,
18.5195,
18.5205,
18.5215,
18.5225,
18.5235,
18.5245,
18.5255,
18.5265,
18.5275,
18.5285,
18.5295,
18.5305,
18.5315,
18.5325,
18.5335,
18.5345,
18.5355,
18.5365,
18.5375,
18.5385,
18.5395,
18.5405,
18.5415,
18.5425,
18.5435,
18.5445,
18.5455,
18.5465,
18.5475,
18.5485,
18.5495,
18.5505,
18.5515,
18.5525,
18.5535,
18.5545,
18.5555,
18.5565,
18.5575,
18.5585,
18.5595,
18.5605,
18.5615,
18.5625,
18.5635,
18.5645,
18.5655,
18.5665,
18.5675,
18.5685,
18.5695,
18.5705,
18.5715,
18.5725,
18.5735,
18.5745,
18.5755,
18.5765,
18.5775,
18.5785,
18.5795,
18.5805,
18.5815,
18.5825,
18.5835,
18.5845,
18.5855,
18.5865,
18.5875,
18.5885,
18.5895,
18.5905,
18.5915,
18.5925,
18.5935,
18.5945,
18.5955,
18.5965,
18.5975,
18.5985,
18.5995,
18.6005,
18.6015,
18.6025,
18.6035,
18.6045,
18.6055,
18.6065,
18.6075,
18.6085,
18.6095,
18.6105,
18.6115,
18.6125,
18.6135,
18.6145,
18.6155,
18.6165,
18.6175,
18.6185,
18.6195,
18.6205,
18.6215,
18.6225,
18.6235,
18.6245,
18.6255,
18.6265,
18.6275,
18.6285,
18.6295,
18.6305,
18.6315,
18.6325,
18.6335,
18.6345,
18.6355,
18.6365,
18.6375,
18.6385,
18.6395,
18.6405,
18.6415,
18.6425,
18.6435,
18.6445,
18.6455,
18.6465,
18.6475,
18.6485,
18.6495,
18.6505,
18.6515,
18.6525,
18.6535,
18.6545,
18.6555,
18.6565,
18.6575,
18.6585,
18.6595,
18.6605,
18.6615,
18.6625,
18.6635,
18.6645,
18.6655,
18.6665,
18.6675,
18.6685,
18.6695,
18.6705,
18.6715,
18.6725,
18.6735,
18.6745,
18.6755,
18.6765,
18.6775,
18.6785,
18.6795,
18.6805,
18.6815,
18.6825,
18.6835,
18.6845,
18.6855,
18.6865,
18.6875,
18.6885,
18.6895,
18.6905,
18.6915,
18.6925,
18.6935,
18.6945,
18.6955,
18.6965,
18.6975,
18.6985,
18.6995,
18.7005,
18.7015,
18.7025,
18.7035,
18.7045,
18.7055,
18.7065,
18.7075,
18.7085,
18.7095,
18.7105,
18.7115,
18.7125,
18.7135,
18.7145,
18.7155,
18.7165,
18.7175,
18.7185,
18.7195,
18.7205,
18.7215,
18.7225,
18.7235,
18.7245,
18.7255,
18.7265,
18.7275,
18.7285,
18.7295,
18.7305,
18.7315,
18.7325,
18.7335,
18.7345,
18.7355,
18.7365,
18.7375,
18.7385,
18.7395,
18.7405,
18.7415,
18.7425,
18.7435,
18.7445,
18.7455,
18.7465,
18.7475,
18.7485,
18.7495,
18.7505,
18.7515,
18.7525,
18.7535,
18.7545,
18.7555,
18.7565,
18.7575,
18.7585,
18.7595,
18.7605,
18.7615,
18.7625,
18.7635,
18.7645,
18.7655,
18.7665,
18.7675,
18.7685,
18.7695,
18.7705,
18.7715,
18.7725,
18.7735,
18.7745,
18.7755,
18.7765,
18.7775,
18.7785,
18.7796,
18.7805,
18.7816,
18.7826,
18.7836,
18.7846,
18.7856,
18.7866,
18.7876,
18.7886,
18.7896,
18.7906,
18.7916,
18.7926,
18.7936,
18.7947,
18.7957,
18.7967,
18.7977,
18.7987,
18.7996,
18.8006,
18.8017,
18.8027,
18.8038,
18.8047,
18.8057,
18.8067,
18.8077,
18.8087,
18.8097,
18.8107,
18.8117,
18.8127,
18.8137,
18.8147,
18.8156,
18.8167,
18.8177,
18.8187,
18.8196,
18.8206,
18.8216,
18.8227,
18.8237,
18.8247,
18.8257,
18.8267,
18.8277,
18.8287,
18.8297,
18.8307,
18.8317,
18.8327,
18.8337,
18.8347,
18.8357,
18.8367,
18.8377,
18.8387,
18.8397,
18.8407,
18.8417,
18.8427,
18.8437,
18.8447,
18.8457,
18.8467,
18.8477,
18.8487,
18.8497,
18.8507,
18.8517,
18.8527,
18.8537,
18.8547,
18.8557,
18.8567,
18.8577,
18.8587,
18.8597,
18.8607,
18.8617,
18.8627,
18.8637,
18.8647,
18.8657,
18.8667,
18.8677,
18.8687,
18.8697,
18.8707,
18.8717,
18.8727,
18.8737,
18.8747,
18.8757,
18.8767,
18.8777,
18.8787,
18.8797,
18.8807,
18.8817,
18.8827,
18.8837,
18.8846,
18.8857,
18.8866,
18.8876,
18.8886,
18.8896,
18.8906,
18.8916,
18.8926,
18.8935,
18.8945,
18.8955,
18.8966,
18.8976,
18.8986,
18.8996,
18.9006,
18.9016,
18.9026,
18.9037,
18.9046,
18.9056,
18.9066,
18.9076,
18.9086,
18.9096,
18.9106,
18.9116,
18.9127,
18.9136,
18.9146,
18.9156,
18.9166,
18.9176,
18.9186,
18.9196,
18.9206,
18.9217,
18.9226,
18.9236,
18.9246,
18.9256,
18.9267,
18.9277,
18.9287,
18.9296,
18.9308,
18.9318,
18.9328,
18.9338,
18.9348,
18.9358,
18.9367,
18.9377,
18.9386,
18.9397,
18.9406,
18.9416,
18.9426,
18.9436,
18.9447,
18.9457,
18.9467,
18.9476,
18.9486,
18.9498,
18.9507,
18.9517,
18.9526,
18.9536,
18.9546,
18.9556,
18.9566,
18.9576,
18.9586,
18.9596,
18.9606,
18.9616,
18.9627,
18.9637,
18.9647,
18.9656,
18.9666,
18.9676,
18.9686,
18.9696,
18.9706,
18.9716,
18.9726,
18.9736,
18.9746,
18.9756,
18.9767,
18.9777,
18.9786,
18.9796,
18.9806,
18.9816,
18.9827,
18.9847,
18.9848,
18.9858,
18.9867,
18.9877,
18.9887,
18.9897,
18.9907,
18.9917,
18.9927,
18.9937,
18.9947,
18.9957,
18.9967,
18.9977,
18.9987,
18.9997,
19.0007,
19.0017,
19.0027,
19.0037,
19.0048,
19.0057,
19.0066,
19.0076,
19.0087,
19.0097,
19.0107,
19.0118,
19.0127,
19.0137,
19.0147,
19.0157,
19.0168,
19.0177,
19.0187,
19.0197,
19.0207,
19.0217,
19.0227,
19.0237,
19.0247,
19.0257,
19.0267,
19.0278,
19.0288,
19.0297,
19.0307,
19.0317,
19.0328,
19.0336,
19.0346,
19.0356,
19.0366,
19.0376,
19.0386,
19.0396,
19.0408,
19.0417,
19.0427,
19.0437,
19.0447,
19.0457,
19.0468,
19.0477,
19.0487,
19.0497,
19.0507,
19.0517,
19.0527,
19.0537,
19.0547,
19.0557,
19.0567,
19.0577,
19.0587,
19.0597,
19.0607,
19.0617,
19.0627,
19.0637,
19.0647,
19.0658,
19.0667,
19.0677,
19.0687,
19.0697,
19.0707,
19.0717,
19.0727,
19.0737,
19.0748,
19.0757,
19.0767,
19.0777,
19.0787,
19.0797,
19.0807,
19.0817,
19.0826,
19.0836,
19.0846,
19.0856,
19.0867,
19.0877,
19.0887,
19.0897,
19.0906,
19.0916,
19.0927,
19.0936,
19.0946,
19.0956,
19.0966,
19.0976,
19.0986,
19.0996,
19.1006,
19.1016,
19.1026,
19.1036,
19.1046,
19.1056,
19.1066,
19.1076,
19.1086,
19.1096,
19.1106,
19.1117,
19.1127,
19.1137,
19.1148,
19.1157,
19.1167,
19.1177,
19.1187,
19.1197,
19.1207,
19.1217,
19.1227,
19.1237,
19.1247,
19.1257,
19.1267,
19.1278,
19.1287,
19.1297,
19.1307,
19.1317,
19.1328,
19.1337,
19.1347,
19.1357,
19.1367,
19.1377,
19.1387,
19.1397,
19.1407,
19.1417,
19.1427,
19.1437,
19.1447,
19.1457,
19.1467,
19.1477,
19.1487,
19.1497,
19.1508,
19.1519,
19.1528,
19.1537,
19.1547,
19.1557,
19.1566,
19.1577,
19.1586,
19.1596,
19.1606,
19.1617,
19.1627,
19.1637,
19.1646,
19.1656,
19.1666,
19.1676,
19.1687,
19.1697,
19.1707,
19.1716,
19.1727,
19.1737,
19.1747,
19.1756,
19.1766,
19.1778,
19.1786,
19.1797,
19.1807,
19.1817,
19.1827,
19.1837,
19.1847,
19.1857,
19.1867,
19.1877,
19.1887,
19.1897,
19.1907,
19.1917,
19.1927,
19.1937,
19.1947,
19.1957,
19.1967,
19.1977,
19.1987,
19.1997,
19.2007,
19.2017,
19.2027,
19.2037,
19.2047,
19.2057,
19.2068,
19.2077,
19.2087,
19.2097,
19.2107,
19.2117,
19.2128,
19.2138,
19.2147,
19.2157,
19.2167,
19.2177,
19.2187,
19.2197,
19.2207,
19.2217,
19.2227,
19.2237,
19.2247,
19.2257,
19.2267,
19.2277,
19.2287,
19.2297,
19.2307,
19.2317,
19.2327,
19.2337,
19.2347,
19.236,
19.2367,
19.2377,
19.2387,
19.2397,
19.2407,
19.2417,
19.2427,
19.2437,
19.2447,
19.2457,
19.2467,
19.2476,
19.2486,
19.2496,
19.2507,
19.2517,
19.2527,
19.2536,
19.2552,
19.2557,
19.2568,
19.2577,
19.2587,
19.2597,
19.2607,
19.2617,
19.2627,
19.2637,
19.2647,
19.2657,
19.2667,
19.2677,
19.2687,
19.2697,
19.2707,
19.2717,
19.2727,
19.2737,
19.2747,
19.2756,
19.2766,
19.2776,
19.2786,
19.2796,
19.2807,
19.2817,
19.2826,
19.2836,
19.2846,
19.2856,
19.2866,
19.2876,
19.2886,
19.2896,
19.2906,
19.2916,
19.2926,
19.2935,
19.2945,
19.2955,
19.2966,
19.2976,
19.2986,
19.2996,
19.3005,
19.3015,
19.3025,
19.3035,
19.3045,
19.3055,
19.3065,
19.3075,
19.3085,
19.3095,
19.3105,
19.3115,
19.3125,
19.3135,
19.3145,
19.3155,
19.3165,
19.3175,
19.3185,
19.3197,
19.3205,
19.3215,
19.3225,
19.3235,
19.3245,
19.3255,
19.3265,
19.3275,
19.3285,
19.3295,
19.3305,
19.3315,
19.3325,
19.3335,
19.3345,
19.3355,
19.3365,
19.3375,
19.3385,
19.3395,
19.3405,
19.3415,
19.3425,
19.3435,
19.3445,
19.3455,
19.3465,
19.3475,
19.3485,
19.3495,
19.3505,
19.3515,
19.3525,
19.3535,
19.3545,
19.3555,
19.3565,
19.3575,
19.3585,
19.3595,
19.3605,
19.3615,
19.3626,
19.3635,
19.3645,
19.3655,
19.3665,
19.3675,
19.3685,
19.3695,
19.3705,
19.3715,
19.3725,
19.3735,
19.3745,
19.3755,
19.3765,
19.3775,
19.3785,
19.3795,
19.3805,
19.3815,
19.3825,
19.3835,
19.3845,
19.3855,
19.3865,
19.3875,
19.3885,
19.3895,
19.3905,
19.3915,
19.3925,
19.3935,
19.3945,
19.3955,
19.3965,
19.3975,
19.3985,
19.3995,
19.4005,
19.4015,
19.4025,
19.4035,
19.4045,
19.4055,
19.4065,
19.4075,
19.4085,
19.4095,
19.4105,
19.4115,
19.4125,
19.4135,
19.4145,
19.4155,
19.4165,
19.4175,
19.4185,
19.4195,
19.4205,
19.4215,
19.4225,
19.4235,
19.4245,
19.4255,
19.4265,
19.4275,
19.4285,
19.4295,
19.4305,
19.4315,
19.4325,
19.4335,
19.4345,
19.4355,
19.4365,
19.4375,
19.4385,
19.4395,
19.4405,
19.4415,
19.4425,
19.4435,
19.4445,
19.4455,
19.4465,
19.4475,
19.4485,
19.4495,
19.4505,
19.4515,
19.4525,
19.4535,
19.4545,
19.4555,
19.4565,
19.4575,
19.4585,
19.4595,
19.4605,
19.4615,
19.4625,
19.4635,
19.4645,
19.4655,
19.4665,
19.4675,
19.4685,
19.4695,
19.4705,
19.4715,
19.4725,
19.4735,
19.4745,
19.4755,
19.4765,
19.4775,
19.4785,
19.4795,
19.4805,
19.4815,
19.4825,
19.4835,
19.4845,
19.4855,
19.4865,
19.4875,
19.4885,
19.4895,
19.4905,
19.4915,
19.4925,
19.4935,
19.4945,
19.4955,
19.4965,
19.4975,
19.4985,
19.4995,
19.5005,
19.5015,
19.5025,
19.5035,
19.5045,
19.5055,
19.5065,
19.5075,
19.5085,
19.5095,
19.5105,
19.5115,
19.5125,
19.5135,
19.5145,
19.5155,
19.5165,
19.5175,
19.5185,
19.5195,
19.5205,
19.5215,
19.5225,
19.5235,
19.5245,
19.5255,
19.5265,
19.5275,
19.5285,
19.5295,
19.5305,
19.5315,
19.5325,
19.5335,
19.5345,
19.5355,
19.5365,
19.5375,
19.5385,
19.5395,
19.5405,
19.5415,
19.5425,
19.5435,
19.5445,
19.5455,
19.5465,
19.5475,
19.5485,
19.5495,
19.5505,
19.5515,
19.5525,
19.5535,
19.5545,
19.5555,
19.5565,
19.5575,
19.5585,
19.5595,
19.5605,
19.5615,
19.5625,
19.5635,
19.5645,
19.5655,
19.5665,
19.5675,
19.5685,
19.5695,
19.5705,
19.5715,
19.5725,
19.5735,
19.5745,
19.5755,
19.5765,
19.5775,
19.5785,
19.5795,
19.5805,
19.5815,
19.5825,
19.5835,
19.5845,
19.5855,
19.5865,
19.5875,
19.5885,
19.5895,
19.5905,
19.5915,
19.5925,
19.5935,
19.5945,
19.5955,
19.5965,
19.5975,
19.5985,
19.5995,
19.6005,
19.6015,
19.6025,
19.6035,
19.6045,
19.6055,
19.6065,
19.6075,
19.6085,
19.6095,
19.6105,
19.6115,
19.6125,
19.6135,
19.6145,
19.6155,
19.6165,
19.6175,
19.6185,
19.6195,
19.6205,
19.6215,
19.6225,
19.6235,
19.6245,
19.6255,
19.6265,
19.6275,
19.6285,
19.6295,
19.6305,
19.6315,
19.6325,
19.6335,
19.6345,
19.6355,
19.6365,
19.6375,
19.6385,
19.6395,
19.6405,
19.6415,
19.6425,
19.6435,
19.6445,
19.6455,
19.6465,
19.6475,
19.6485,
19.6495,
19.6505,
19.6515,
19.6525,
19.6535,
19.6545,
19.6555,
19.6565,
19.6575,
19.6585,
19.6595,
19.6605,
19.6615,
19.6625,
19.6635,
19.6645,
19.6656,
19.6665,
19.6675,
19.6685,
19.6695,
19.6705,
19.6715,
19.6725,
19.6735,
19.6745,
19.6755,
19.6765,
19.6775,
19.6785,
19.6795,
19.6805,
19.6815,
19.6825,
19.6835,
19.6845,
19.6855,
19.6865,
19.6875,
19.6885,
19.6895,
19.6905,
19.6915,
19.6925,
19.6935,
19.6945,
19.6955,
19.6965,
19.6975,
19.6985,
19.6995,
19.7005,
19.7015,
19.7025,
19.7036,
19.7046,
19.7056,
19.7066,
19.7076,
19.7086,
19.7096,
19.7105,
19.7116,
19.7127,
19.7137,
19.7147,
19.7157,
19.7167,
19.7176,
19.7186,
19.7196,
19.7206,
19.7216,
19.7226,
19.7235,
19.7245,
19.7255,
19.7265,
19.7276,
19.7286,
19.7296,
19.7306,
19.7316,
19.7326,
19.7336,
19.7346,
19.7356,
19.7366,
19.7376,
19.7386,
19.7396,
19.7408,
19.7417,
19.7427,
19.7438,
19.7448,
19.7457,
19.7467,
19.7478,
19.7488,
19.7497,
19.7507,
19.7517,
19.7528,
19.7538,
19.7547,
19.7556,
19.7567,
19.7577,
19.7586,
19.7597,
19.7607,
19.7618,
19.7627,
19.7637,
19.7647,
19.7657,
19.7667,
19.7677,
19.7687,
19.7697,
19.7707,
19.7717,
19.7727,
19.7737,
19.7747,
19.7757,
19.7767,
19.7777,
19.7787,
19.7797,
19.7807,
19.7817,
19.7827,
19.7837,
19.7847,
19.7858,
19.7867,
19.7877,
19.7887,
19.7897,
19.7907,
19.7917,
19.7926,
19.7936,
19.7946,
19.7956,
19.7966,
19.7976,
19.7986,
19.7996,
19.8007,
19.8017,
19.8027,
19.8037,
19.8047,
19.8057,
19.8067,
19.8078,
19.8087,
19.8098,
19.8108,
19.8117,
19.8127,
19.8137,
19.8147,
19.8157,
19.8167,
19.8178,
19.8187,
19.8197,
19.8207,
19.8217,
19.8227,
19.8237,
19.8247,
19.8257,
19.8267,
19.8278,
19.8287,
19.8297,
19.8307,
19.8317,
19.8327,
19.8337,
19.8347,
19.8357,
19.8367,
19.8377,
19.8387,
19.8397,
19.8407,
19.8417,
19.8427,
19.8437,
19.8446,
19.8456,
19.8467,
19.8477,
19.8487,
19.8496,
19.8506,
19.8516,
19.8526,
19.8536,
19.8547,
19.8556,
19.8566,
19.8576,
19.8587,
19.8596,
19.8606,
19.8616,
19.8626,
19.8636,
19.8647,
19.8657,
19.8667,
19.8677,
19.8687,
19.8697,
19.8707,
19.8717,
19.8727,
19.8736,
19.8746,
19.8756,
19.8766,
19.8776,
19.8786,
19.8797,
19.8806,
19.8816,
19.8826,
19.8837,
19.8847,
19.8857,
19.8867,
19.8877,
19.8887,
19.8897,
19.8907,
19.8918,
19.8927,
19.8937,
19.8947,
19.8958,
19.8967,
19.8977,
19.8987,
19.8997,
19.9007,
19.9017,
19.9026,
19.9037,
19.9047,
19.9057,
19.9067,
19.9077,
19.9087,
19.9097,
19.9107,
19.9117,
19.9128,
19.9137,
19.9147,
19.9157,
19.9167,
19.9177,
19.9187,
19.9196,
19.9207,
19.9217,
19.9227,
19.9237,
19.9246,
19.9256,
19.9266,
19.9277,
19.9287,
19.9297,
19.9307,
19.9317,
19.9327,
19.9337,
19.9347,
19.9357,
19.9367,
19.9377,
19.9387,
19.9397,
19.9407,
19.9417,
19.9426,
19.9437,
19.9447,
19.9457,
19.9467,
19.9477,
19.9487,
19.9497,
19.9507,
19.9517,
19.9527,
19.9545,
19.9547,
19.9556,
19.9566,
19.9576,
19.9586,
19.9596,
19.9607,
19.9617,
19.9626,
19.9637,
19.9647,
19.9657,
19.9667,
19.9677,
19.9687,
19.9697,
19.9708,
19.9719,
19.9728,
19.9738,
19.9748,
19.9758,
19.9768,
19.9778,
19.9787,
19.9797,
19.9807,
19.9816,
19.9826,
19.9837,
19.9846,
19.9857,
19.9867,
19.9877,
19.9887,
19.9897,
19.9907,
19.9917,
19.9933,
19.9938,
19.9946,
19.9957,
19.9967,
19.9977,
19.9987,
19.9997,
20.0007,
20.0018,
20.0027,
20.0037,
20.0047,
20.0057,
20.0067,
20.0076,
20.0086,
20.0096,
20.0106,
20.0116,
20.0126,
20.0137,
20.0148,
20.0157,
20.0167,
20.0177,
20.0188,
20.0197,
20.0207,
20.0217,
20.0226,
20.0236,
20.0246,
20.0256,
20.0266,
20.0276,
20.0286,
20.0297,
20.0307,
20.0317,
20.0327,
20.0339,
20.0347,
20.0357,
20.0367,
20.0377,
20.0387,
20.0397,
20.0408,
20.0419,
20.0427,
20.0437,
20.0447,
20.0457,
20.0467,
20.0477,
20.0487,
20.0497,
20.0507,
20.0517,
20.0527,
20.0537,
20.0547,
20.0558,
20.0568,
20.0577,
20.0587,
20.0597,
20.0607,
20.0617,
20.0627,
20.0637,
20.0648,
20.0657,
20.0667,
20.0677,
20.0687,
20.0697,
20.0707,
20.0717,
20.0727,
20.0738,
20.0747,
20.0757,
20.0767,
20.0777,
20.0787,
20.0797,
20.0807,
20.0817,
20.0827,
20.0837,
20.0847,
20.0858,
20.0867,
20.0877,
20.0887,
20.0897,
20.0906,
20.0916,
20.0926,
20.0937,
20.0947,
20.0957,
20.0969,
20.0978,
20.0987,
20.0997,
20.1007,
20.1017,
20.1027,
20.1038,
20.1048,
20.1058,
20.1068,
20.1078,
20.1088,
20.1098,
20.1108,
20.1118,
20.1128,
20.1138,
20.1148,
20.1158,
20.1168,
20.1178,
20.1188,
20.1198,
20.1207,
20.1217,
20.1227,
20.1237,
20.1246,
20.1257,
20.1267,
20.1277,
20.1287,
20.1297,
20.1306,
20.1316,
20.1326,
20.1336,
20.1346,
20.1356,
20.1366,
20.1376,
20.1386,
20.1396,
20.1406,
20.1416,
20.1426,
20.1436,
20.1446,
20.1456,
20.1466,
20.1476,
20.1486,
20.1496,
20.1506,
20.1516,
20.1526,
20.1536,
20.1546,
20.1556,
20.1566,
20.1576,
20.1586,
20.1596,
20.1606,
20.1616,
20.1626,
20.1636,
20.1646,
20.1656,
20.1666,
20.1676,
20.1686,
20.1696,
20.1706,
20.1716,
20.1726,
20.1736,
20.1746,
20.1756,
20.1766,
20.1776,
20.1786,
20.1796,
20.1806,
20.1816,
20.1825,
20.1835,
20.1845,
20.1855,
20.1865,
20.1875,
20.1885,
20.1895,
20.1905,
20.1915,
20.1925,
20.1935,
20.1945,
20.1955,
20.1965,
20.1975,
20.1985,
20.1995,
20.2005,
20.2015,
20.2025,
20.2035,
20.2045,
20.2055,
20.2065,
20.2075,
20.2085,
20.2095,
20.2105,
20.2115,
20.2125,
20.2135,
20.2145,
20.2155,
20.2165,
20.2175,
20.2185,
20.2195,
20.2205,
20.2215,
20.2225,
20.2235,
20.2245,
20.2255,
20.2265,
20.2275,
20.2285,
20.2295,
20.2305,
20.2315,
20.2325,
20.2335,
20.2345,
20.2355,
20.2365,
20.2375,
20.2385,
20.2395,
20.2405,
20.2415,
20.2425,
20.2435,
20.2445,
20.2455,
20.2465,
20.2475,
20.2485,
20.2495,
20.2505,
20.2515,
20.2525,
20.2535,
20.2545,
20.2555,
20.2565,
20.2575,
20.2585,
20.2595,
20.2605,
20.2615,
20.2625,
20.2635,
20.2645,
20.2655,
20.2665,
20.2675,
20.2685,
20.2695,
20.2705,
20.2715,
20.2725,
20.2735,
20.2745,
20.2755,
20.2765,
20.2775,
20.2785,
20.2795,
20.2805,
20.2815,
20.2825,
20.2835,
20.2845,
20.2855,
20.2865,
20.2875,
20.2885,
20.2895,
20.2905,
20.2915,
20.2925,
20.2935,
20.2945,
20.2955,
20.2965,
20.2975,
20.2985,
20.2995,
20.3005,
20.3015,
20.3025,
20.3035,
20.3045,
20.3055,
20.3065,
20.3075,
20.3085,
20.3095,
20.3105,
20.3115,
20.3125,
20.3135,
20.3145,
20.3155,
20.3165,
20.3175,
20.3185,
20.3195,
20.3205,
20.3215,
20.3225,
20.3235,
20.3245,
20.3255,
20.3265,
20.3275,
20.3285,
20.3295,
20.3305,
20.3315,
20.3325,
20.3335,
20.3345,
20.3355,
20.3365,
20.3375,
20.3385,
20.3395,
20.3405,
20.3415,
20.3425,
20.3435,
20.3445,
20.3455,
20.3465,
20.3475,
20.3485,
20.3495,
20.3505,
20.3515,
20.3525,
20.3535,
20.3545,
20.3555,
20.3565,
20.3575,
20.3585,
20.3595,
20.3605,
20.3615,
20.3625,
20.3635,
20.3645,
20.3655,
20.3665,
20.3675,
20.3685,
20.3695,
20.3705,
20.3715,
20.3725,
20.3735,
20.3745,
20.3755,
20.3765,
20.3775,
20.3785,
20.3795,
20.3805,
20.3815,
20.3825,
20.3835,
20.3845,
20.3855,
20.3865,
20.3875,
20.3885,
20.3895,
20.3905,
20.3915,
20.3925,
20.3935,
20.3945,
20.3955,
20.3965,
20.3975,
20.3985,
20.3995,
20.4005,
20.4015,
20.4025,
20.4035,
20.4045,
20.4055,
20.4065,
20.4075,
20.4085,
20.4095,
20.4105,
20.4115,
20.4125,
20.4135,
20.4145,
20.4155,
20.4165,
20.4175,
20.4185,
20.4195,
20.4205,
20.4215,
20.4225,
20.4235,
20.4245,
20.4255,
20.4265,
20.4275,
20.4285,
20.4295,
20.4305,
20.4315,
20.4325,
20.4335,
20.4345,
20.4355,
20.4365,
20.4375,
20.4385,
20.4395,
20.4405,
20.4415,
20.4425,
20.4435,
20.4445,
20.4455,
20.4465,
20.4475,
20.4485,
20.4495,
20.4505,
20.4515,
20.4525,
20.4535,
20.4545,
20.4555,
20.4565,
20.4575,
20.4585,
20.4595,
20.4605,
20.4615,
20.4625,
20.4635,
20.4645,
20.4655,
20.4665,
20.4675,
20.4685,
20.4695,
20.4705,
20.4715,
20.4725,
20.4735,
20.4745,
20.4755,
20.4765,
20.4775,
20.4785,
20.4795,
20.4805,
20.4815,
20.4825,
20.4835,
20.4845,
20.4855,
20.4865,
20.4875,
20.4885,
20.4895,
20.4905,
20.4915,
20.4925,
20.4935,
20.4945,
20.4955,
20.4965,
20.4975,
20.4985,
20.4995,
20.5005,
20.5015,
20.5025,
20.5035,
20.5045,
20.5055,
20.5065,
20.5075,
20.5085,
20.5095,
20.5105,
20.5115,
20.5125,
20.5135,
20.5145,
20.5155,
20.5165,
20.5175,
20.5185,
20.5195,
20.5205,
20.5215,
20.5225,
20.5235,
20.5245,
20.5255,
20.5265,
20.5275,
20.5285,
20.5295,
20.5305,
20.5315,
20.5325,
20.5335,
20.5345,
20.5355,
20.5365,
20.5375,
20.5385,
20.5395,
20.5405,
20.5415,
20.5425,
20.5435,
20.5445,
20.5455,
20.5465,
20.5475,
20.5485,
20.5495,
20.5505,
20.5515,
20.5525,
20.5535,
20.5545,
20.5555,
20.5565,
20.5575,
20.5585,
20.5595,
20.5605,
20.5615,
20.5625,
20.5635,
20.5645,
20.5655,
20.5665,
20.5675,
20.5685,
20.5695,
20.5705,
20.5715,
20.5725,
20.5735,
20.5745,
20.5755,
20.5765,
20.5775,
20.5785,
20.5795,
20.5805,
20.5815,
20.5825,
20.5835,
20.5845,
20.5855,
20.5865,
20.5875,
20.5885,
20.5895,
20.5905,
20.5915,
20.5925,
20.5935,
20.5945,
20.5955,
20.5965,
20.5975,
20.5985,
20.5995,
20.6005,
20.6015,
20.6025,
20.6035,
20.6045,
20.6055,
20.6065,
20.6075,
20.6085,
20.6095,
20.6105,
20.6115,
20.6125,
20.6135,
20.6145,
20.6155,
20.6166,
20.6176,
20.6186,
20.6196,
20.6206,
20.6216,
20.6226,
20.6236,
20.6246,
20.6257,
20.6266,
20.6277,
20.6287,
20.6297,
20.6307,
20.6317,
20.6328,
20.6337,
20.6347,
20.6357,
20.6368,
20.6378,
20.6388,
20.6398,
20.6408,
20.6418,
20.6428,
20.6438,
20.6447,
20.6458,
20.6468,
20.6478,
20.6488,
20.6498,
20.6507,
20.6521,
20.6527,
20.6538,
20.6547,
20.6557,
20.6567,
20.6577,
20.6587,
20.6597,
20.6607,
20.6617,
20.6627,
20.6637,
20.6648,
20.6657,
20.6667,
20.6677,
20.6687,
20.6697,
20.6707,
20.6717,
20.6727,
20.6737,
20.6747,
20.6757,
20.6767,
20.6777,
20.6787,
20.6798,
20.6807,
20.6817,
20.6827,
20.6837,
20.6846,
20.6856,
20.6867,
20.6878,
20.6887,
20.6898,
20.6908,
20.6917,
20.6927,
20.6937,
20.6947,
20.6957,
20.6968,
20.6978,
20.6987,
20.6997,
20.7007,
20.7017,
20.7027,
20.7037,
20.7047,
20.7057,
20.7067,
20.7077,
20.7088,
20.7097,
20.7107,
20.7117,
20.7128,
20.7137,
20.7147,
20.7157,
20.7166,
20.7176,
20.7186,
20.7196,
20.7206,
20.7216,
20.7226,
20.7236,
20.7246,
20.7257,
20.7267,
20.7277,
20.7287,
20.7297,
20.7307,
20.7317,
20.7327,
20.7337,
20.7347,
20.7357,
20.7366,
20.7377,
20.7386,
20.7396,
20.7408,
20.7418,
20.7427,
20.7438,
20.7447,
20.7457,
20.7467,
20.7476,
20.7486,
20.7496,
20.7506,
20.7516,
20.7526,
20.7537,
20.7547,
20.7557,
20.7568,
20.7578,
20.7587,
20.7598,
20.7608,
20.7617,
20.7627,
20.7637,
20.7647,
20.7657,
20.7667,
20.7678,
20.7687,
20.7698,
20.7707,
20.7717,
20.7728,
20.7738,
20.7747,
20.7757,
20.7767,
20.7777,
20.7787,
20.7797,
20.7807,
20.7817,
20.7828,
20.7838,
20.7848,
20.7858,
20.7868,
20.7878,
20.7887,
20.7898,
20.7907,
20.7917,
20.7927,
20.7938,
20.7948,
20.7957,
20.7968,
20.7978,
20.7988,
20.7997,
20.8007,
20.8018,
20.8028,
20.8037,
20.8047,
20.8058,
20.8068,
20.8078,
20.8088,
20.8098,
20.8107,
20.8117,
20.8127,
20.8137,
20.8147,
20.8157,
20.8167,
20.8177,
20.8187,
20.8198,
20.8208,
20.8217,
20.8227,
20.8237,
20.8247,
20.8257,
20.8267,
20.8277,
20.8287,
20.8298,
20.8307,
20.8317,
20.8327,
20.8337,
20.8347,
20.8357,
20.8368,
20.8377,
20.8387,
20.8397,
20.8407,
20.8417,
20.8427,
20.8438,
20.8448,
20.8458,
20.8468,
20.8478,
20.8488,
20.8498,
20.8508,
20.8518,
20.8528,
20.8539,
20.8548,
20.8558,
20.8568,
20.8578,
20.8588,
20.8598,
20.8608,
20.8618,
20.8628,
20.8638,
20.8648,
20.8658,
20.8668,
20.8677,
20.8687,
20.8698,
20.8707,
20.8718,
20.8728,
20.8738,
20.8747,
20.8758,
20.8768,
20.8778,
20.8788,
20.8798,
20.8808,
20.8818,
20.8828,
20.8838,
20.8847,
20.8858,
20.8867,
20.8877,
20.8887,
20.8897,
20.8907,
20.8917,
20.8927,
20.8938,
20.8948,
20.8958,
20.8968,
20.8977,
20.8987,
20.8998,
20.9008,
20.9019,
20.9028,
20.9038,
20.9048,
20.9058,
20.9068,
20.9078,
20.9088,
20.9098,
20.9108,
20.9118,
20.9128,
20.9138,
20.9148,
20.9158,
20.9168,
20.9179,
20.9188,
20.9198,
20.9208,
20.9218,
20.9227,
20.9237,
20.9247,
20.9257,
20.9267,
20.9277,
20.9288,
20.9298,
20.9308,
20.9318,
20.9328,
20.9338,
20.9348,
20.9357,
20.9367,
20.9377,
20.9387,
20.9397,
20.9407,
20.9417,
20.9427,
20.9437,
20.9447,
20.9457,
20.9467,
20.9477,
20.9487,
20.9497,
20.9507,
20.9517,
20.9527,
20.9537,
20.9547,
20.9556,
20.9566,
20.9576,
20.9586,
20.9596,
20.9608,
20.9618,
20.9628,
20.9638,
20.9648,
20.9658,
20.9668,
20.9677,
20.9687,
20.9697,
20.9707,
20.9717,
20.9727,
20.9737,
20.9747,
20.9757,
20.9767,
20.9777,
20.9787,
20.9797,
20.9807,
20.9817,
20.9827,
20.9838,
20.9847,
20.9857,
20.9867,
20.9877,
20.9887,
20.9897,
20.9907,
20.9917,
20.9927,
20.9937,
20.9947,
20.9957,
20.9967,
20.9977,
20.9987,
20.9997,
21.0007,
21.0017,
21.0027,
21.0037,
21.0047,
21.0057,
21.0067,
21.0077,
21.0087,
21.0097,
21.0107,
21.0117,
21.0127,
21.0137,
21.0147,
21.0157,
21.0166,
21.0177,
21.0186,
21.0196,
21.0207,
21.0217,
21.0227,
21.0237,
21.0247,
21.0257,
21.0267,
21.0277,
21.0287,
21.0297,
21.0306,
21.0317,
21.0327,
21.0337,
21.0346,
21.0356,
21.0366,
21.0376,
21.0387,
21.0397,
21.0406,
21.0417,
21.0427,
21.0437,
21.0447,
21.0456,
21.0466,
21.0476,
21.0486,
21.0496,
21.0506,
21.0516,
21.0526,
21.0536,
21.0546,
21.0556,
21.0566,
21.0576,
21.0586,
21.0596,
21.0606,
21.0616,
21.0626,
21.0636,
21.0646,
21.0656,
21.0666,
21.0676,
21.0686,
21.0696,
21.0706,
21.0716,
21.0727,
21.0736,
21.0746,
21.0755,
21.0765,
21.0776,
21.0785,
21.0796,
21.0806,
21.0816,
21.0826,
21.0837,
21.0847,
21.0857,
21.0867,
21.0877,
21.0887,
21.0897,
21.0907,
21.0917,
21.0927,
21.0937,
21.0947,
21.0957,
21.0967,
21.0977,
21.0987,
21.0997,
21.1007,
21.1018,
21.1027,
21.1037,
21.1048,
21.1058,
21.1067,
21.1077,
21.1087,
21.1098,
21.1108,
21.1118,
21.1128,
21.1138,
21.1147,
21.1157,
21.1167,
21.1177,
21.1187,
21.1197,
21.1206,
21.1216,
21.1226,
21.1236,
21.1247,
21.1256,
21.1267,
21.1277,
21.1287,
21.1296,
21.1306,
21.1316,
21.1326,
21.1336,
21.1346,
21.1356,
21.1366,
21.1376,
21.1386,
21.1396,
21.1406,
21.1416,
21.1425,
21.1435,
21.1445,
21.1455,
21.1465,
21.1475,
21.1485,
21.1495,
21.1506,
21.1516,
21.1525,
21.1535,
21.1545,
21.1555,
21.1565,
21.1575,
21.1585,
21.1595,
21.1605,
21.1615,
21.1625,
21.1635,
21.1646,
21.1655,
21.1665,
21.1675,
21.1685,
21.1695,
21.1705,
21.1715,
21.1725,
21.1735,
21.1745,
21.1755,
21.1765,
21.1775,
21.1785,
21.1795,
21.1805,
21.1815,
21.1825,
21.1835,
21.1845,
21.1855,
21.1865,
21.1875,
21.1886,
21.1896,
21.1905,
21.1915,
21.1925,
21.1935,
21.1945,
21.1955,
21.1965,
21.1976,
21.1985,
21.1995,
21.2005,
21.2015,
21.2025,
21.2035,
21.2045,
21.2055,
21.2065,
21.2075,
21.2085,
21.2095,
21.2105,
21.2115,
21.2125,
21.2135,
21.2145,
21.2155,
21.2165,
21.2175,
21.2185,
21.2195,
21.2205,
21.2215,
21.2225,
21.2235,
21.2245,
21.2255,
21.2265,
21.2275,
21.2285,
21.2295,
21.2305,
21.2315,
21.2325,
21.2335,
21.2345,
21.2355,
21.2365,
21.2375,
21.2385,
21.2395,
21.2405,
21.2415,
21.2425,
21.2435,
21.2445,
21.2455,
21.2465,
21.2475,
21.2485,
21.2495,
21.2505,
21.2515,
21.2525,
21.2535,
21.2545,
21.2555,
21.2565,
21.2575,
21.2585,
21.2595,
21.2605,
21.2615,
21.2625,
21.2635,
21.2645,
21.2655,
21.2665,
21.2675,
21.2685,
21.2695,
21.2705,
21.2715,
21.2725,
21.2735,
21.2745,
21.2755,
21.2765,
21.2775,
21.2785,
21.2795,
21.2805,
21.2815,
21.2825,
21.2835,
21.2845,
21.2855,
21.2865,
21.2875,
21.2885,
21.2895,
21.2905,
21.2915,
21.2925,
21.2935,
21.2945,
21.2955,
21.2965,
21.2975,
21.2985,
21.2995,
21.3005,
21.3015,
21.3025,
21.3035,
21.3045,
21.3055,
21.3065,
21.3075,
21.3085,
21.3095,
21.3105,
21.3115,
21.3125,
21.3135,
21.3145,
21.3155,
21.3165,
21.3175,
21.3185,
21.3195,
21.3205,
21.3215,
21.3225,
21.3235,
21.3245,
21.3255,
21.3265,
21.3275,
21.3285,
21.3295,
21.3305,
21.3315,
21.3325,
21.3335,
21.3345,
21.3355,
21.3365,
21.3375,
21.3385,
21.3395,
21.3405,
21.3415,
21.3425,
21.3435,
21.3445,
21.3455,
21.3465,
21.3475,
21.3485,
21.3495,
21.3505,
21.3515,
21.3525,
21.3535,
21.3545,
21.3555,
21.3565,
21.3575,
21.3585,
21.3595,
21.3605,
21.3615,
21.3625,
21.3635,
21.3645,
21.3655,
21.3665,
21.3675,
21.3685,
21.3695,
21.3705,
21.3715,
21.3725,
21.3735,
21.3745,
21.3755,
21.3765,
21.3775,
21.3785,
21.3795,
21.3805,
21.3815,
21.3825,
21.3835,
21.3845,
21.3855,
21.3865,
21.3875,
21.3885,
21.3895,
21.3905,
21.3915,
21.3925,
21.3935,
21.3945,
21.3955,
21.3965,
21.3975,
21.3985,
21.3995,
21.4005,
21.4015,
21.4025,
21.4035,
21.4045,
21.4055,
21.4065,
21.4075,
21.4085,
21.4095,
21.4105,
21.4115,
21.4125,
21.4135,
21.4145,
21.4155,
21.4165,
21.4175,
21.4185,
21.4195,
21.4205,
21.4215,
21.4225,
21.4235,
21.4245,
21.4255,
21.4265,
21.4275,
21.4285,
21.4295,
21.4305,
21.4315,
21.4325,
21.4335,
21.4345,
21.4355,
21.4365,
21.4375,
21.4385,
21.4395,
21.4405,
21.4415,
21.4425,
21.4435,
21.4445,
21.4455,
21.4465,
21.4475,
21.4485,
21.4495,
21.4505,
21.4515,
21.4525,
21.4535,
21.4545,
21.4555,
21.4565,
21.4575,
21.4585,
21.4595,
21.4605,
21.4615,
21.4625,
21.4635,
21.4645,
21.4655,
21.4665,
21.4675,
21.4685,
21.4695,
21.4705,
21.4715,
21.4725,
21.4735,
21.4745,
21.4755,
21.4765,
21.4775,
21.4785,
21.4795,
21.4805,
21.4815,
21.4825,
21.4835,
21.4845,
21.4855,
21.4865,
21.4875,
21.4885,
21.4895,
21.4905,
21.4915,
21.4925,
